"Key","Item Type","Publication Year","Author","Title","Publication Title","ISBN","ISSN","DOI","Url","Abstract Note","Date","Date Added","Date Modified","Access Date","Pages","Num Pages","Issue","Volume","Number Of Volumes","Journal Abbreviation","Short Title","Series","Series Number","Series Text","Series Title","Publisher","Place","Language","Rights","Type","Archive","Archive Location","Library Catalog","Call Number","Extra","Notes","File Attachments","Link Attachments","Manual Tags","Automatic Tags","Editor","Series Editor","Translator","Contributor","Attorney Agent","Book Author","Cast Member","Commenter","Composer","Cosponsor","Counsel","Interviewer","Producer","Recipient","Reviewed Author","Scriptwriter","Words By","Guest","Number","Edition","Running Time","Scale","Medium","Artwork Size","Filing Date","Application Number","Assignee","Issuing Authority","Country","Meeting Name","Conference Name","Court","References","Reporter","Legal Status","Priority Numbers","Programming Language","Version","System","Code","Code Number","Section","Session","Committee","History","Legislative Body"
"HIBGJRDE","journalArticle","2020","Kim, Jungyoon","Solution-gated nitrate sensitive field effect transistor with hybrid film: CVD graphene/polymer selective membrane","Organic Electronics","","","","","In this paper, we report the fabrication of ion sensitive field effect transistor which can detect nitrate in the water, and we clarify the sensing mechanism using a membrane-solution potential change model. For the device, CVD graphene is used for a sensing material and a polymer based nitrate selective membrane is used for the selectivity. While graphene can very sensitively response to the surrounding environment, graphene needs the selectivity to detect specific ions in water. To solve the problem in graphene based sensor, the selective mem­ brane including nitrate ionophore, PVC and plasticizer is directly applied to the graphene surface. The quantity of nitrate in water is estimated by measuring Dirac point shift of graphene with a semiconductor analyzer because Dirac point sensitively responses to a graphene’s carrier density which can be changed by the membrane-solution potential difference. Nitrate is the only ion that can be recognized by the selective mem­ brane. Therefore, the sensor can detect the quantity of nitrate in water without the interference of other ions. In the experiment, four different solutions (phosphate, sulfate, chloride and nitrate) are applied to the sensors to test the selectivity and four different concentrations (0.1, 1, 10 and 100 mg/L) are used for the sensitivity test. The detection limit is 0.1 mg/L, and the response time is about 10 s.","2020","2021-06-25 09:34:12","2021-06-25 09:34:12","","6","","","","","","","","","","","","","en","","","","","Zotero","","","","C:\Users\abed-al-baset.taleb\Zotero\storage\H4VATXDW\Kim - 2020 - Solution-gated nitrate sensitive field effect tran.pdf","","","","","","","","","","","","","","","","","","","","","","","","","","","","","","","","","","","","","","","","","","","","","","","","",""
"QXXVLCN2","journalArticle","2018","Haslam, Carrie; Damiati, Samar; Whitley, Toby; Davey, Paul; Ifeachor, Emmanuel; Awan, Shakil","Label-Free Sensors Based on Graphene Field-Effect Transistors for the Detection of Human Chorionic Gonadotropin Cancer Risk Biomarker","Diagnostics","","2075-4418","10.3390/diagnostics8010005","http://www.mdpi.com/2075-4418/8/1/5","We report on the development of label-free chemical vapour deposition (CVD) graphene ﬁeld effect transistor (GFET) immunosensors for the sensitive detection of Human Chorionic Gonadotropin (hCG), a glycoprotein risk biomarker of certain cancers. The GFET sensors were fabricated on Si/SiO2 substrate using photolithography with evaporated chromium and sputtered gold contacts. GFET channels were functionalised with a linker molecule to an immobile anti-hCG antibody on the surface of graphene. The binding reaction of the antibody with varying concentration levels of hCG antigen demonstrated the limit of detection of the GFET sensors to be below 1 pg/mL using four-probe electrical measurements. We also show that annealing can signiﬁcantly improve the carrier transport properties of GFETs and shift the Dirac point (Fermi level) with reduced p-doping in back-gated measurements. The developed GFET biosensors are generic and could ﬁnd applications in a broad range of medical diagnostics in addition to cancer, such as neurodegenerative (Alzheimer’s and Parkinson’s) and cardiovascular disorders.","2018-01-08","2021-06-25 12:22:17","2021-06-25 12:22:17","2021-06-25 12:22:17","5","","1","8","","Diagnostics","","","","","","","","en","","","","","DOI.org (Crossref)","","","","C:\Users\abed-al-baset.taleb\Zotero\storage\WTCJFSBX\Haslam et al. - 2018 - Label-Free Sensors Based on Graphene Field-Effect .pdf","","","","","","","","","","","","","","","","","","","","","","","","","","","","","","","","","","","","","","","","","","","","","","","","",""
"PA2H9FRU","journalArticle","2013","Ohno, Yasuhide; Okamoto, Shogo; Maehashi, Kenzo; Matsumoto, Kazuhiko","Direct Electrical Detection of DNA Hybridization Based on Electrolyte-Gated Graphene Field-Effect Transistor","Japanese Journal of Applied Physics","","0021-4922, 1347-4065","10.7567/JJAP.52.110107","https://iopscience.iop.org/article/10.7567/JJAP.52.110107","","2013-11-01","2021-06-25 12:47:15","2021-06-25 12:47:15","2021-06-25 12:47:15","110107","","11R","52","","Jpn. J. Appl. Phys.","","","","","","","","en","","","","","DOI.org (Crossref)","","","","C:\Users\abed-al-baset.taleb\Zotero\storage\57Q9J9T4\Ohno et al. - 2013 - Direct Electrical Detection of DNA Hybridization B.pdf","","","","","","","","","","","","","","","","","","","","","","","","","","","","","","","","","","","","","","","","","","","","","","","","",""
"LMRVZNH6","journalArticle","2012","Kwak, Yeon Hwa; Choi, Dong Soo; Kim, Ye Na; Kim, Hyeongkeun; Yoon, Dae Ho; Ahn, Sang-Sik; Yang, Ji-Woon; Yang, Woo Seok; Seo, Sungkyu","Flexible glucose sensor using CVD-grown graphene-based field effect transistor","Biosensors and Bioelectronics","","09565663","10.1016/j.bios.2012.04.042","https://linkinghub.elsevier.com/retrieve/pii/S0956566312002710","A ﬂexible glucose sensor using a CVD-grown graphene-based ﬁeld-effect-transistor (FET) is demonstrated. The CVD-grown graphene was functionalized with linker molecules in order to immobilize the enzymes that induce the catalytic response of glucose. Polyethylene terephthalate (PET) was employed as the substrate material to realize a ﬂexible sensor. The fabricated graphene-based FET sensor showed ambipolar transfer characteristics. Through measurements of the Dirac point shift and differential drain-source current, the fabricated FET sensor could detect glucose levels in the range of 3.3–10.9 mM, which mostly covers the reference range of medical examination or screen test for diabetes diagnostic. This CVD-grown graphene-based FET sensor, which provides excellent ﬁtting to a model curve even when deformed, high resolution, and continuous real-time monitoring, holds great promise, especially for portable, wearable, and implantable glucose level monitoring applications.","2012-08","2021-06-26 22:10:22","2021-06-26 22:10:22","2021-06-26 22:10:22","82-87","","1","37","","Biosensors and Bioelectronics","","","","","","","","en","","","","","DOI.org (Crossref)","","","","C:\Users\abed-al-baset.taleb\Zotero\storage\N5Q6C5VD\Kwak et al. - 2012 - Flexible glucose sensor using CVD-grown graphene-b.pdf","","","","","","","","","","","","","","","","","","","","","","","","","","","","","","","","","","","","","","","","","","","","","","","","",""
"FE4HJEKK","journalArticle","2013","Chen, Tzu-Yin; Loan, Phan Thi Kim; Hsu, Chang-Lung; Lee, Yi-Hsien; Tse-Wei Wang, Jacob; Wei, Kung-Hwa; Lin, Cheng-Te; Li, Lain-Jong","Label-free detection of DNA hybridization using transistors based on CVD grown graphene","Biosensors and Bioelectronics","","09565663","10.1016/j.bios.2012.07.059","https://linkinghub.elsevier.com/retrieve/pii/S0956566312005015","The high transconductance and low noise of graphene-based ﬁeld-effect transistors based on large-area monolayer graphene produced by chemical vapor deposition are used for label-free electrical detection of DNA hybridization. The gate materials, buffer concentration and surface condition of graphene have been optimized to achieve the DNA detection sensitivity as low as 1 pM (10À12 M), which is more sensitive than the existing report based on few-layer graphene. The graphene ﬁlms obtained using conventional PMMA-assisted transfer technique exhibits PMMA residues, which degrade the sensing performance of graphene. We have demonstrated that the sensing performance of the graphene samples prepared by gold-transfer is largely enhanced (by 125%).","2013-03","2021-06-28 07:42:00","2021-06-28 07:42:00","2021-06-28 07:42:00","103-109","","","41","","Biosensors and Bioelectronics","","","","","","","","en","","","","","DOI.org (Crossref)","","","","C:\Users\abed-al-baset.taleb\Zotero\storage\PF7MYY9Z\Chen et al. - 2013 - Label-free detection of DNA hybridization using tr.pdf","","","","","","","","","","","","","","","","","","","","","","","","","","","","","","","","","","","","","","","","","","","","","","","","",""
"TQESV4SN","journalArticle","2013","Kibena, Elo; Mooste, Marek; Kozlova, Jekaterina; Marandi, Margus; Sammelselg, Väino; Tammeveski, Kaido","Surface and electrochemical characterisation of CVD grown graphene sheets","Electrochemistry Communications","","13882481","10.1016/j.elecom.2013.07.034","https://linkinghub.elsevier.com/retrieve/pii/S1388248113002932","Morphological and electrochemical properties of graphene sheets grown by chemical vapour deposition (CVD) onto Ni foil were investigated. Glassy carbon (GC) and highly oriented pyrolytic graphite (HOPG) electrodes were used for comparison. Raman spectroscopy, high-resolution scanning electron microscopy and atomic force microscopy conﬁrmed that multilayer graphene was formed on the Ni substrate by the CVD method. Raman spectra of HOPG and CVD graphene revealed that these materials were almost defect-free. In contrast to bare GC, the electron transfer kinetics towards the Fe(CN)63−/4− redox couple was signiﬁcantly slower on HOPG and CVD graphene surfaces. In addition, HOPG and CVD-grown graphene electrodes were rather inactive for oxygen reduction in alkaline medium compared with bare GC. Similar electrochemical behaviour of HOPG and CVD graphene surfaces was in evidence.","2013-10","2021-06-28 07:46:18","2021-06-28 07:46:18","2021-06-28 07:46:18","26-29","","","35","","Electrochemistry Communications","","","","","","","","en","","","","","DOI.org (Crossref)","","","","C:\Users\abed-al-baset.taleb\Zotero\storage\ZNCEUGAW\Kibena et al. - 2013 - Surface and electrochemical characterisation of CV.pdf","","","","","","","","","","","","","","","","","","","","","","","","","","","","","","","","","","","","","","","","","","","","","","","","",""
"GLILIW45","journalArticle","2020","Lee, Sang Hun; Kim, Kyung Ho; Seo, Sung Eun; Kim, Mun il; Park, Seon Joo; Kwon, Oh Seok","Cytochrome C-decorated graphene field-effect transistor for highly sensitive hydrogen peroxide detection","Journal of Industrial and Engineering Chemistry","","1226086X","10.1016/j.jiec.2019.11.009","https://linkinghub.elsevier.com/retrieve/pii/S1226086X19305878","","2020-03","2021-06-28 12:01:57","2021-06-28 12:01:58","2021-06-28 12:01:57","29-34","","","83","","Journal of Industrial and Engineering Chemistry","","","","","","","","en","","","","","DOI.org (Crossref)","","","","C:\Users\abed-al-baset.taleb\Zotero\storage\S695N7ED\Lee et al. - 2020 - Cytochrome C-decorated graphene field-effect trans.pdf","","","","","","","","","","","","","","","","","","","","","","","","","","","","","","","","","","","","","","","","","","","","","","","","",""
"DUTLPXGT","journalArticle","2021","Bandyopadhyay, M; Chakraborty, G; Roy, S; Bhattacharjee, S","Study of Graphene field effect transistor (GFET) for chemical sensing application.","Journal of Physics: Conference Series","","1742-6588, 1742-6596","10.1088/1742-6596/1797/1/012045","https://iopscience.iop.org/article/10.1088/1742-6596/1797/1/012045","This paper presents a model that provides the transfer and output characteristic of a grapheme FET transistor. This model also provides close form inquiring expressions for the drain current, trance conductance of the device. In this paper we have investigate the transfer characteristic curve for chemical sensing application. In this present scenario this work proposes to develop a superfast mycotoxin sensor based on Graphene field effect transistor (GFET) using standard microelectronics technology. GFET would be able work in liquid and also in the biological substances. In this work, we will use the simulation program to explore the performance of GFET. The GFET sensor will be integrated to IoT and mobile phone platforms. This study will show that the fully integrated mycotoxin sensor with high sensitivity, fast response, and high dynamic range of toxins concentrations is feasible by proper GFET functionalization.GFET was modelled and simulated Using MATLAB software Introduction.","2021-02-01","2021-06-28 12:05:38","2021-06-28 12:05:38","2021-06-28 12:05:38","012045","","1","1797","","J. Phys.: Conf. Ser.","","","","","","","","en","","","","","DOI.org (Crossref)","","","","C:\Users\abed-al-baset.taleb\Zotero\storage\APHQK9V5\Bandyopadhyay et al. - 2021 - Study of Graphene field effect transistor (GFET) f.pdf","","","","","","","","","","","","","","","","","","","","","","","","","","","","","","","","","","","","","","","","","","","","","","","","",""
"WQHWLU2I","journalArticle","2015","Amin, Kazi Rafsanjani; Bid, Aveek","High performance sensors based on resistance fluctuations of single layer graphene transistors","ACS Applied Materials & Interfaces","","1944-8244, 1944-8252","10.1021/acsami.5b05922","http://arxiv.org/abs/1511.06213","One of the most interesting predicted applications of graphene monolayer based devices is as high quality sensors. In this letter we show, through systematic experiments, a chemical vapor sensor based on the measurement of low frequency resistance ﬂuctuations of single layer graphene ﬁeld-eﬀect-transistor (SLG-FET) devices. The sensor has extremely high sensitivity, very high speciﬁcity, high ﬁdelity and fast response times. The performance of the device using this scheme of measurement (which uses resistance ﬂuctuations as the detection parameter) is more than two orders of magnitude better than a detection scheme where changes in the average value of the resistance is monitored. We propose a number-density ﬂuctuation based model to explain the superior characteristics of noise measurement based detection scheme presented in this article.","2015-09-09","2021-06-28 12:27:02","2021-06-28 12:27:02","2021-06-28 12:27:02","19825-19830","","35","7","","ACS Appl. Mater. Interfaces","","","","","","","","en","","","","","arXiv.org","","arXiv: 1511.06213","","C:\Users\abed-al-baset.taleb\Zotero\storage\ZTJW45NW\Amin et Bid - 2015 - High performance sensors based on resistance fluct.pdf","","","Condensed Matter - Mesoscale and Nanoscale Physics; Physics - Instrumentation and Detectors","","","","","","","","","","","","","","","","","","","","","","","","","","","","","","","","","","","","","","","","","","","","","",""
"BRZRCLF2","journalArticle","2018","Thakur, Bhawana; Zhou, Guihua; Chang, Jingbo; Pu, Haihui; Jin, Bing; Sui, Xiaoyu; Yuan, Xiaochen; Yang, Ching-Hong; Magruder, Matthew; Chen, Junhong","Rapid detection of single E. coli bacteria using a graphene-based field-effect transistor device","Biosensors and Bioelectronics","","09565663","10.1016/j.bios.2018.03.014","https://linkinghub.elsevier.com/retrieve/pii/S0956566318301787","","2018-07","2021-06-28 12:41:18","2021-06-28 12:41:19","2021-06-28 12:41:18","16-22","","","110","","Biosensors and Bioelectronics","","","","","","","","en","","","","","DOI.org (Crossref)","","","","C:\Users\abed-al-baset.taleb\Zotero\storage\2GMSSDM5\Thakur et al. - 2018 - Rapid detection of single E. coli bacteria using a.pdf","","","","","","","","","","","","","","","","","","","","","","","","","","","","","","","","","","","","","","","","","","","","","","","","",""
"6WFM6DRA","journalArticle","2016","Cao, Thi Thanh; Nguyen, Van Chuc; Nguyen, Hai Binh; Bui, Hung Thang; Vu, Thi Thu; Phan, Ngoc Hong; Phan, Bach Thang; Hoang, Le; Bayle, Maxime; Paillet, Matthieu; Sauvajol, Jean Louis; Phan, Ngoc Minh; Tran, Dai Lam","Fabrication of few-layer graphene film based field effect transistor and its application for trace-detection of herbicide atrazine","Advances in Natural Sciences: Nanoscience and Nanotechnology","","2043-6262","10.1088/2043-6262/7/3/035007","https://iopscience.iop.org/article/10.1088/2043-6262/7/3/035007","We describe the fabrication of highly sensitive graphene-based ﬁeld effect transistor (FET) enzymatic biosensor for trace-detection of atrazine. The few-layers graphene ﬁlms were prepared on polycrystalline copper foils by atmospheric pressure chemical vapor deposition method using an argon/hydrogen/methane mixture. The characteristics of graphene ﬁlms were investigated by scanning electron microscopy, transmission electron microscopy and Raman spectroscopy. The results indicated low uniformity of graphene layers, which is probably induced by heterogeneous distribution of graphene nucleation sites on the Cu surface. The pesticide detection is accomplished through the measurement of the drain-source current variations of the FET sensor upon the urea enzymatic hydrolysis reaction. The obtained biosensor is able to detect atrazine with a sensitivity of 56 μA/logCATZ in range between 2 × 10−4 and 20 ppb and has a limit of detection as low as 0.05 ppt. The elaboration of such highly sensitive biosensors will provide better biosensing performances for the detection of biochemical targets.","2016-08-01","2021-06-28 13:24:25","2021-06-28 13:24:26","2021-06-28 13:24:25","035007","","3","7","","Adv. Nat. Sci: Nanosci. Nanotechnol.","","","","","","","","en","","","","","DOI.org (Crossref)","","","","C:\Users\abed-al-baset.taleb\Zotero\storage\6YCJL3ZW\Cao et al. - 2016 - Fabrication of few-layer graphene film based field.pdf","","","","","","","","","","","","","","","","","","","","","","","","","","","","","","","","","","","","","","","","","","","","","","","","",""
"J5EF8S8S","journalArticle","2019","Li, Yijun; Zhu, Yibo; Wang, Cheng; He, Miao; Lin, Qiao","Selective detection of water pollutants using a differential aptamer-based graphene biosensor","Biosensors and Bioelectronics","","09565663","10.1016/j.bios.2018.10.047","https://linkinghub.elsevier.com/retrieve/pii/S0956566318308649","Graphene field-effect transistor (GFET) sensors are an attractive analytical tool for the detection of water pollutants. Unfortunately, this application has been hindered by the sensitivity of such sensors to nonspecific disturbances caused by variations of environmental conditions. Incorporation of differential designs is a logical choice to address this issue, but this has been difficult for GFET sensors due to the impact of fabrication processes and material properties. This paper presents a differential GFET affinity sensor for the selective detection of water pollutants in the presence of nonspecific disturbances. This differential design allows for minimization of the effects of variations of environmental conditions on the measurement accuracy. In addition, to mitigate the impact of the fabrication process and material property variations, we introduce a compensation scheme for the individual sensing units of the sensor, so that such variations are accounted for in the compensation-based differential sensing method. We test the use of this differential sensor for the selective detection of the water pollutant 17β-estradiol in buffer and tap water. Consistent detection results can be obtained with and without interferences of pH variations, and in tap water where unknown interferences are present. These results demonstrate that the differential graphene affinity sensor is capable of effectively mitigating the effects of nonspecific interferences to enable selective water pollutant detection for water quality monitoring.","2019-02","2021-06-28 13:55:47","2021-06-28 13:55:48","2021-06-28 13:55:47","59-67","","","126","","Biosensors and Bioelectronics","","","","","","","","en","","","","","DOI.org (Crossref)","","","","C:\Users\abed-al-baset.taleb\Zotero\storage\YUNLCEGV\Li et al. - 2019 - Selective detection of water pollutants using a di.pdf","","","","","","","","","","","","","","","","","","","","","","","","","","","","","","","","","","","","","","","","","","","","","","","","",""
"6UIJ93E3","journalArticle","2016","Di Gaspare, Alessandra; Valletta, Antonio; Fortunato, Guglielmo; Larciprete, Rosanna; Mariucci, Luigi; Notargiacomo, Andrea; Cimino, Roberto","Graphene-based field effect transistors for radiation-induced field sensing","Nuclear Instruments and Methods in Physics Research Section A: Accelerators, Spectrometers, Detectors and Associated Equipment","","01689002","10.1016/j.nima.2015.08.066","https://linkinghub.elsevier.com/retrieve/pii/S016890021501030X","We propose the implementation of graphene-based ﬁeld effect transistor (FET) as radiation sensor. In the proposed detector, graphene obtained via chemical vapor deposition is integrated into a Si-based ﬁeld effect device as the gate readout electrode, able to sense any change in the ﬁeld distribution induced by ionization in the underneath absorber, because of the strong variation in the graphene conductivity close to the charge neutrality point. Different 2-dimensional layered materials can be envisaged in this kind of device.","2016-07","2021-06-28 13:59:28","2021-06-28 13:59:28","2021-06-28 13:59:28","392-393","","","824","","Nuclear Instruments and Methods in Physics Research Section A: Accelerators, Spectrometers, Detectors and Associated Equipment","","","","","","","","en","","","","","DOI.org (Crossref)","","","","C:\Users\abed-al-baset.taleb\Zotero\storage\ZFZNKYTE\Di Gaspare et al. - 2016 - Graphene-based field effect transistors for radiat.pdf","","","","","","","","","","","","","","","","","","","","","","","","","","","","","","","","","","","","","","","","","","","","","","","","",""
"A3ZWZUNX","journalArticle","2020","Xu, Mengjian; Guo, Xuguang; Chen, Lin; Yu, Anqi; Zhou, Xingeng; Wang, Hao; Gu, Yue; Wang, Fang; Zhu, Yiming","Gate-polarity-dependent doping effects of H <sub>2</sub> O adsorption on graphene/SiO <sub>2</sub> field-effect transistors","Journal of Physics D: Applied Physics","","0022-3727, 1361-6463","10.1088/1361-6463/aba70d","https://iopscience.iop.org/article/10.1088/1361-6463/aba70d","Due to its huge surface-to-volume ratio, graphene has become one of the most popular materials for sensors. However, H2O molecules in atmospheric environments can cause the instability of graphene devices, which greatly limits the practical applications of graphene devices. The charge transfer between graphene and adsorbed H2O molecules has been proved previously by first-principle studies, but experimental demonstrations are still lacking. Here, gate-polarity-dependent doping behaviors of adsorbed H2O molecules on a graphene/SiO2 field-effect transistor (GFET) are experimentally investigated. The results indicate that the orientation of the adsorbed H2O can be affected by the gate-voltage polarity due to the dipolar interaction, which leads to the amphoteric doping behavior of adsorbed H2O molecules. With reducing the graphene layer number, the amphoteric doping behavior is more sensitive to the gate voltage polarity. Our results are helpful for constructing high performance graphene-based sensors and enhancing the stability of GFETs.","2020-11-04","2021-06-28 14:16:25","2021-06-28 14:16:25","2021-06-28 14:16:25","455301","","45","53","","J. Phys. D: Appl. Phys.","","","","","","","","en","","","","","DOI.org (Crossref)","","","","C:\Users\abed-al-baset.taleb\Zotero\storage\NGGBN77A\pdf.pdf","","","","","","","","","","","","","","","","","","","","","","","","","","","","","","","","","","","","","","","","","","","","","","","","",""
"799STSTU","journalArticle","2019","Islam, Saurav; Shukla, Shruti; Bajpai, Vivek K.; Han, Young-Kyu; Huh, Yun Suk; Kumar, Ashok; Ghosh, Arindam; Gandhi, Sonu","A smart nanosensor for the detection of human immunodeficiency virus and associated cardiovascular and arthritis diseases using functionalized graphene-based transistors","Biosensors and Bioelectronics","","09565663","10.1016/j.bios.2018.11.041","https://linkinghub.elsevier.com/retrieve/pii/S0956566318309382","Human immunodeficiency virus (HIV), which isa worldwide public health issue, is commonly associated with cardiovascular disorders (CVDs) and rheumatoid arthritis (RA). A smart nanosensor was developed for the detection of HIV and its related diseases (CVDs and RA) using graphene-based field-effect transistors (FETs). In this study, amine-functionalized graphene (afG) was conjugated with antibodies [anti-p24 for HIV, anti-cardiac troponin 1 (anti-cTn1) for CVDs, and anti-cyclic citrullinated peptide (anti-CCP) for RA] to detect various biomarkers. The antibodies were covalently conjugated to afG via carbodiimide activation. The bioconjugate (graphene-antibody) was characterized by various biophysical techniques such as UV–Vis, Raman spectroscopy, scanning electron microscopy (SEM), and atomic force microscopy (AFM). The electrochemical performance of the sensor was evaluated with respect to changes in the resistance of the electrode surface due to the interaction of the antigen with its specific antibody. The developed sensor was highly sensitive and showed a linear response to p24, cTn1, and, CCP from 1 fg/mL to 1 μg/mL. The limit of detection (LOD) was 100 fg/mL for p24 and 10 fg/ mL for cTn1 and CCP under standard optimized conditions. The graphene-based smart nanodevice demonstrated excellent performance; thus, it could be used for the on-site detection of HIV, CVD, and RA biomarkers in real samples.","2019-02","2021-06-28 14:21:23","2021-06-28 14:21:23","2021-06-28 14:21:23","792-799","","","126","","Biosensors and Bioelectronics","","","","","","","","en","","","","","DOI.org (Crossref)","","","","C:\Users\abed-al-baset.taleb\Zotero\storage\5Q3G6UCV\Islam et al. - 2019 - A smart nanosensor for the detection of human immu.pdf","","","","","","","","","","","","","","","","","","","","","","","","","","","","","","","","","","","","","","","","","","","","","","","","",""
"U5ZSPA4F","journalArticle","2018","Xu, Shicai; Jiang, Shouzhen; Zhang, Chao; Yue, Weiwei; Zou, Yan; Wang, Guiying; Liu, Huilan; Zhang, Xiumei; Li, Mingzhen; Zhu, Zhanshou; Wang, Jihua","Ultrasensitive label-free detection of DNA hybridization by sapphire-based graphene field-effect transistor biosensor","Applied Surface Science","","01694332","10.1016/j.apsusc.2017.09.113","https://linkinghub.elsevier.com/retrieve/pii/S0169433217327629","","2018-01","2021-06-28 14:27:48","2021-06-28 14:27:48","2021-06-28 14:27:48","1114-1119","","","427","","Applied Surface Science","","","","","","","","en","","","","","DOI.org (Crossref)","","","","C:\Users\abed-al-baset.taleb\Zotero\storage\94PJI7MY\Xu et al. - 2018 - Ultrasensitive label-free detection of DNA hybridi.pdf","","","","","","","","","","","","","","","","","","","","","","","","","","","","","","","","","","","","","","","","","","","","","","","","",""
"GR5FTWGD","journalArticle","2014","Yue, Weiwei; Jiang, Shouzhen; Xu, Shicai; Bai, Chengjie","Fabrication of integrated field-effect transistors and detecting system based on CVD grown graphene","Sensors and Actuators B: Chemical","","09254005","10.1016/j.snb.2014.01.071","https://linkinghub.elsevier.com/retrieve/pii/S0925400514000884","","2014-05","2021-06-28 14:29:45","2021-06-28 14:29:45","2021-06-28 14:29:45","467-472","","","195","","Sensors and Actuators B: Chemical","","","","","","","","en","","","","","DOI.org (Crossref)","","","","C:\Users\abed-al-baset.taleb\Zotero\storage\MIWCDGRF\Yue et al. - 2014 - Fabrication of integrated field-effect transistors.pdf","","","","","","","","","","","","","","","","","","","","","","","","","","","","","","","","","","","","","","","","","","","","","","","","",""
"FSD6NMND","journalArticle","","Amollo, Tabitha A","Graphene for Thermoelectric Applications: Prospects and Challenges","","","","","","Thermoelectric power generators require high-efﬁciency thermoelectric materials to transform waste heat into usable electrical energy. An efﬁcient thermoelectric material should have high Seebeck coefﬁcient and excellent electrical conductivity as well as low thermal conductivity. Graphene, the ﬁrst truly 2D nanomaterial, exhibits unique properties which suit it for use in thermoelectric power generators, but its application in thermoelectrics is limited by the high thermal conductivity and low Seebeck coefﬁcient resulting from its gapless spectrum. However, with the possibility of modiﬁcation of graphene’s band structure to enhance Seebeck coefﬁcient and the reduction of its thermal conductivity, it is an exciting prospect for application in thermoelectric power generation. This article examines the electronic, optical, thermal, and thermoelectric properties of graphene systems. The factors that contribute to these material properties in graphene systems like charge carriers scattering mechanisms are discussed. A salient aspect of this article is a synergistic perspective on the reduction of thermal conductivity and improvement of Seebeck coefﬁcient of graphene for a higher thermoelectric energy conversion efﬁciency. In this regard, the effect of graphene nanostructuring and doping, forming of structural defects, as well as graphene integration into a polymer matrix on its thermal conductivity and Seebeck coefﬁcient is elucidated.","","2021-06-29 09:00:13","2021-06-29 09:00:13","","27","","","","","","","","","","","","","en","","","","","Zotero","","","","C:\Users\abed-al-baset.taleb\Zotero\storage\CI46CBI7\Amollo - Graphene for Thermoelectric Applications Prospect.pdf","","","","","","","","","","","","","","","","","","","","","","","","","","","","","","","","","","","","","","","","","","","","","","","","",""
"LBL54WSC","journalArticle","2010","Chen, Y; Jayasekera, T; Calzolari, A; Kim, K W; Nardelli, M Buongiorno","Thermoelectric properties of graphene nanoribbons, junctions and superlattices","J. Phys.","","","","","Using model interaction Hamiltonians for both electrons and phonons and Green’s function formalism for ballistic transport, we have studied the thermal conductance and the thermoelectric properties of graphene nanoribbons (GNR), GNR junctions and periodic superlattices. Among our ﬁndings we have established the role that interfaces play in determining the thermoelectric response of GNR systems both across single junctions and in periodic superlattices. In general, increasing the number of interfaces in a single GNR system increases the peak Z T values that are thus maximized in a periodic superlattice. Moreover, we proved that the thermoelectric behavior is largely controlled by the width of the narrower component of the junction. Finally, we have demonstrated that chevron-type GNRs recently synthesized should display superior thermoelectric properties.","2010","2021-06-29 08:48:00","2021-06-29 08:48:00","","7","","","","","","","","","","","","","en","","","","","Zotero","","","","C:\Users\abed-al-baset.taleb\Zotero\storage\MN95QCWL\Chen et al. - 2010 - Thermoelectric properties of graphene nanoribbons,.pdf","","","","","","","","","","","","","","","","","","","","","","","","","","","","","","","","","","","","","","","","","","","","","","","","",""
"LTPCMIKY","journalArticle","","Dollfus, Philippe; Nguyen, Viet Hung; Saint-Martin, Jérôme","Thermoelectric effects in graphene nanostructures","","","","","","Thermoelectric properties of graphene and graphene nanostructures have recently attracted significant attention from the physics and engineering communities. In fundamental physics, the analysis of Seebeck and Nernst effects is very useful to elucidate some details of the electronic band structure of graphene that cannot be probed by conductance measurements alone, due in particular to the ambipolar nature of this gapless material. For applications in thermoelectric energy conversion, graphene has the two major disadvantages of being gapless, which leads to a small Seebeck coefficient due to the opposite contributions of electrons and holes, and to be an excellent thermal conductor. The thermoelectric figure of merit ZT of a two-dimensional graphene sheet is thus very limited. However, many works have demonstrated recently that appropriate nanostructuring and bandgap engineering of graphene can concomitantly reduce strongly the lattice thermal conductance and enhance the Seebeck coefficient without dramatically degrading the electronic conductance. Hence, in various graphene nanostructures, ZT has been predicted to be high enough to make them attractive for energy conversion. In this article, we review the main results obtained experimentally and theoretically on the thermoelectric properties of graphene and its nanostructures, emphasizing the physical effects that govern these properties. Beyond pure graphene structures, we discuss also the thermoelectric properties of some hybrid graphene structures, as graphane, layered carbon allotropes as graphynes and graphdiynes, and graphene / hexagonal boron nitride heterostructures which offer new opportunities. Finally, we briefly review the recent activities on other atomically thin 2D semiconductors with finite bandgap, i.e. dichalcogenides and phosphorene, which have attracted great attention for various kinds of applications, including thermoelectrics.","","2021-06-29 08:46:07","2021-06-29 08:46:08","","43","","","","","","","","","","","","","en","","","","","Zotero","","","","C:\Users\abed-al-baset.taleb\Zotero\storage\SSDQ4ZW3\Dollfus et al. - Thermoelectric effects in graphene nanostructures.pdf","","","","","","","","","","","","","","","","","","","","","","","","","","","","","","","","","","","","","","","","","","","","","","","","",""
"QM98JL9U","journalArticle","2014","Xu, Yong; Li, Zuanyi; Duan, Wenhui","Thermal and Thermoelectric Properties of Graphene","Small","","1613-6829","10.1002/smll.201303701","https://onlinelibrary.wiley.com/doi/abs/10.1002/smll.201303701","The subject of thermal transport at the mesoscopic scale and in low-dimensional systems is interesting for both fundamental research and practical applications. As the first example of truly two-dimensional materials, graphene has exceptionally high thermal conductivity, and thus provides an ideal platform for the research. Here we review recent studies on thermal and thermoelectric properties of graphene, with an emphasis on experimental progresses. A general physical picture based on the Landauer transport formalism is introduced to understand underlying mechanisms. We show that the superior thermal conductivity of graphene is contributed not only by large ballistic thermal conductance but also by very long phonon mean free path (MFP). The long phonon MFP, explained by the low-dimensional nature and high sample purity of graphene, results in important isotope effects and size effects on thermal conduction. In terms of various scattering mechanisms in graphene, several approaches are suggested to control thermal conductivity. Among them, introducing rough boundaries and weakly-coupled interfaces are promising ways to suppress thermal conduction effectively. We also discuss the Seebeck effect of graphene. Graphene itself might not be a good thermoelectric material. However, the concepts developed by graphene research might be applied to improve thermoelectric performance of other materials.","2014","2021-06-29 08:42:55","2021-06-29 08:42:55","2021-06-29 08:42:55","2182-2199","","11","10","","","","","","","","","","en","","","","","Wiley Online Library","","_eprint: https://onlinelibrary.wiley.com/doi/pdf/10.1002/smll.201303701","","C:\Users\abed-al-baset.taleb\Zotero\storage\EPICAZCQ\Xu et al. - 2014 - Thermal and Thermoelectric Properties of Graphene.pdf; C:\Users\abed-al-baset.taleb\Zotero\storage\34D77T6I\smll.html","","","graphene; mean free path; phonon; thermal conductivity; thermoelectric","","","","","","","","","","","","","","","","","","","","","","","","","","","","","","","","","","","","","","","","","","","","","",""
"ERN9QPCC","journalArticle","2010","Zhu, Yanwu; Murali, Shanthi; Cai, Weiwei; Li, Xuesong; Suk, Ji Won; Potts, Jeffrey R.; Ruoff, Rodney S.","Graphene and Graphene Oxide: Synthesis, Properties, and Applications","Advanced Materials","","1521-4095","10.1002/adma.201001068","https://onlinelibrary.wiley.com/doi/abs/10.1002/adma.201001068","There is intense interest in graphene in fields such as physics, chemistry, and materials science, among others. Interest in graphene's exceptional physical properties, chemical tunability, and potential for applications has generated thousands of publications and an accelerating pace of research, making review of such research timely. Here is an overview of the synthesis, properties, and applications of graphene and related materials (primarily, graphite oxide and its colloidal suspensions and materials made from them), from a materials science perspective.","2010","2021-06-29 08:41:08","2021-06-29 08:41:08","2021-06-29 08:41:08","3906-3924","","35","22","","","Graphene and Graphene Oxide","","","","","","","en","","","","","Wiley Online Library","","_eprint: https://onlinelibrary.wiley.com/doi/pdf/10.1002/adma.201001068","","C:\Users\abed-al-baset.taleb\Zotero\storage\EVLQ7KVE\Zhu et al. - 2010 - Graphene and Graphene Oxide Synthesis, Properties.pdf; C:\Users\abed-al-baset.taleb\Zotero\storage\KKGAGR6L\adma.html","","","","","","","","","","","","","","","","","","","","","","","","","","","","","","","","","","","","","","","","","","","","","","","","",""
"6GW8R7YM","journalArticle","","McCann, Edward; Koshino, Mikito","The electronic properties of bilayer graphene","","","","","","","","2021-06-29 08:38:47","2021-06-29 08:38:47","","31","","","","","","","","","","","","","en","","","","","Zotero","","","","C:\Users\abed-al-baset.taleb\Zotero\storage\MRG4ALQK\McCann et Koshino - The electronic properties of bilayer graphene.pdf","","","","","","","","","","","","","","","","","","","","","","","","","","","","","","","","","","","","","","","","","","","","","","","","",""
"HUD9YLTG","journalArticle","2007","Novoselov, K. S.; Morozov, S. V.; Mohinddin, T. M. G.; Ponomarenko, L. A.; Elias, D. C.; Yang, R.; Barbolina, I. I.; Blake, P.; Booth, T. J.; Jiang, D.; Giesbers, J.; Hill, E. W.; Geim, A. K.","Electronic properties of graphene","physica status solidi (b)","","1521-3951","10.1002/pssb.200776208","https://onlinelibrary.wiley.com/doi/abs/10.1002/pssb.200776208","Graphene is the first example of truly two-dimensional crystals – it's just one layer of carbon atoms. It turns out that graphene is a gapless semiconductor with unique electronic properties resulting from the fact that charge carriers in graphene obey linear dispersion relation, thus mimicking massless relativistic particles. This results in the observation of a number of very peculiar electronic properties – from an anomalous quantum Hall effect to the absence of localization. It also provides a bridge between condensed matter physics and quantum electrodynamics and opens new perspectives for carbon-based electronics. (© 2007 WILEY-VCH Verlag GmbH & Co. KGaA, Weinheim)","2007","2021-06-29 08:35:01","2021-06-29 08:35:01","2021-06-29 08:35:01","4106-4111","","11","244","","","","","","","","","","en","","","","","Wiley Online Library","","_eprint: https://onlinelibrary.wiley.com/doi/pdf/10.1002/pssb.200776208","","C:\Users\abed-al-baset.taleb\Zotero\storage\RYG5KRGJ\Novoselov et al. - 2007 - Electronic properties of graphene.pdf; C:\Users\abed-al-baset.taleb\Zotero\storage\D5XNWCNS\pssb.html","","","03.65.Pm; 73.20.−r; 73.22.−f; 73.43.−f; 81.05.Uw","","","","","","","","","","","","","","","","","","","","","","","","","","","","","","","","","","","","","","","","","","","","","",""
"HPCZAJVM","journalArticle","2008","Falkovsky, L A","Optical properties of graphene","Journal of Physics","","","","","Reﬂectance and transmittance of graphene in the optical region are analyzed as a function of frequency, temperature, and carrier density. We show that the optical graphene properties are determined by the direct interband electron transitions. The real part of the dynamic conductivity in doped graphene at low temperatures takes the universal constant value, whereas the imaginary part is logarithmically divergent at the threshold of interband transitions. The graphene transmittance in the visible range is independent of frequency and takes the universal value given by the ﬁne structure constant.","2008","2021-06-29 08:29:55","2021-06-29 08:29:55","","8","","","","","","","","","","","","","en","","","","","Zotero","","","","C:\Users\abed-al-baset.taleb\Zotero\storage\EC8FICCF\Falkovsky - 2008 - Optical properties of graphene.pdf","","","","","","","","","","","","","","","","","","","","","","","","","","","","","","","","","","","","","","","","","","","","","","","","",""
"PVRAJW38","journalArticle","","Vaziri, Sam","Fabrication and Characterization of Graphene Field Effect Transistors","","","","","","","","2021-06-29 09:17:12","2021-06-29 09:17:12","","48","","","","","","","","","","","","","en","","","","","Zotero","","","","","","","","","","","","","","","","","","","","","","","","","","","","","","","","","","","","","","","","","","","","","","","","","","","","",""
"DBSXP4WS","journalArticle","2000","Ferrari, A. C.; Robertson, J.","Interpretation of Raman spectra of disordered and amorphous carbon","Physical Review B","","0163-1829, 1095-3795","10.1103/PhysRevB.61.14095","https://link.aps.org/doi/10.1103/PhysRevB.61.14095","","2000-05-15","2021-07-02 12:30:40","2021-07-02 12:30:40","2021-07-02 12:30:40","14095-14107","","20","61","","Phys. Rev. B","","","","","","","","en","","","","","DOI.org (Crossref)","","","","C:\Users\abed-al-baset.taleb\Zotero\storage\EFKDT2LG\Ferrari et Robertson - 2000 - Interpretation of Raman spectra of disordered and .pdf","","","","","","","","","","","","","","","","","","","","","","","","","","","","","","","","","","","","","","","","","","","","","","","","",""
"56HTXGQR","journalArticle","2000","Thomsen, C.; Reich, S.","Double Resonant Raman Scattering in Graphite","Physical Review Letters","","0031-9007, 1079-7114","10.1103/PhysRevLett.85.5214","https://link.aps.org/doi/10.1103/PhysRevLett.85.5214","","2000-12-11","2021-07-02 12:32:46","2021-07-02 12:32:46","2021-07-02 12:32:46","5214-5217","","24","85","","Phys. Rev. Lett.","","","","","","","","en","","","","","DOI.org (Crossref)","","","","C:\Users\abed-al-baset.taleb\Zotero\storage\8GHJ3CVT\Thomsen et Reich - 2000 - Double Resonant Raman Scattering in Graphite.pdf","","","","","","","","","","","","","","","","","","","","","","","","","","","","","","","","","","","","","","","","","","","","","","","","",""
"5AUEUNQD","journalArticle","2004","Novoselov, K. S.","Electric Field Effect in Atomically Thin Carbon Films","Science","","0036-8075, 1095-9203","10.1126/science.1102896","https://www.sciencemag.org/lookup/doi/10.1126/science.1102896","","2004-10-22","2021-07-02 12:33:44","2021-07-02 12:33:44","2021-07-02 12:33:44","666-669","","5696","306","","Science","","","","","","","","en","","","","","DOI.org (Crossref)","","","","C:\Users\abed-al-baset.taleb\Zotero\storage\SVB986IY\2009-Chen-Ionic Screening of Charged-Impurity Scattering in Graphene.pdf; C:\Users\abed-al-baset.taleb\Zotero\storage\FNU29G5L\Novoselov - 2004 - Electric Field Effect in Atomically Thin Carbon Fi.pdf","","","","","","","","","","","","","","","","","","","","","","","","","","","","","","","","","","","","","","","","","","","","","","","","",""
"X3TKQF6Q","journalArticle","2004","Reich, Stephanie; Thomsen, Christian","Raman spectroscopy of graphite","Philosophical Transactions of the Royal Society of London. Series A: Mathematical, Physical and Engineering Sciences","","1364-503X, 1471-2962","10.1098/rsta.2004.1454","https://royalsocietypublishing.org/doi/10.1098/rsta.2004.1454","","2004-11-15","2021-07-02 12:34:56","2021-07-02 12:34:56","2021-07-02 12:34:56","2271-2288","","1824","362","","Philosophical Transactions of the Royal Society of London. Series A: Mathematical, Physical and Engineering Sciences","","","","","","","","en","","","","","DOI.org (Crossref)","","","","C:\Users\abed-al-baset.taleb\Zotero\storage\782JW3LW\Reich et Thomsen - 2004 - Raman spectroscopy of graphite.pdf","","","","Ferrari, Andrea; Robertson, Jhon","","","","","","","","","","","","","","","","","","","","","","","","","","","","","","","","","","","","","","","","","","","","",""
"Q2YUDSF8","journalArticle","2004","Tan, PingHeng; Dimovski, Svetlana; Gogotsi, Yury","Raman scattering of non–planar graphite: arched edges, polyhedral crystals, whiskers and cones","Philosophical Transactions of the Royal Society of London. Series A: Mathematical, Physical and Engineering Sciences","","1364-503X, 1471-2962","10.1098/rsta.2004.1442","https://royalsocietypublishing.org/doi/10.1098/rsta.2004.1442","","2004-11-15","2021-07-02 12:35:51","2021-07-02 12:35:51","2021-07-02 12:35:51","2289-2310","","1824","362","","Philosophical Transactions of the Royal Society of London. Series A: Mathematical, Physical and Engineering Sciences","Raman scattering of non–planar graphite","","","","","","","en","","","","","DOI.org (Crossref)","","","","C:\Users\abed-al-baset.taleb\Zotero\storage\D6U4VJMV\Tan et al. - 2004 - Raman scattering of non–planar graphite arched ed.pdf","","","","Ferrari, Andrea; Robertson, Jhon","","","","","","","","","","","","","","","","","","","","","","","","","","","","","","","","","","","","","","","","","","","","",""
"BKE3HJNV","journalArticle","2006","Ferrari, A. C.; Meyer, J. C.; Scardaci, V.; Casiraghi, C.; Lazzeri, M.; Mauri, F.; Piscanec, S.; Jiang, D.; Novoselov, K. S.; Roth, S.; Geim, A. K.","Raman Spectrum of Graphene and Graphene Layers","Physical Review Letters","","0031-9007, 1079-7114","10.1103/PhysRevLett.97.187401","https://link.aps.org/doi/10.1103/PhysRevLett.97.187401","","2006-10-30","2021-07-02 12:36:39","2021-07-02 12:36:39","2021-07-02 12:36:39","187401","","18","97","","Phys. Rev. Lett.","","","","","","","","en","","","","","DOI.org (Crossref)","","","","C:\Users\abed-al-baset.taleb\Zotero\storage\5QEWHMR8\Ferrari et al. - 2006 - Raman Spectrum of Graphene and Graphene Layers.pdf","","","","","","","","","","","","","","","","","","","","","","","","","","","","","","","","","","","","","","","","","","","","","","","","",""
"SV88M2WV","journalArticle","2007","Pimenta, M. A.; Dresselhaus, G.; Dresselhaus, M. S.; Cançado, L. G.; Jorio, A.; Saito, R.","Studying disorder in graphite-based systems by Raman spectroscopy","Phys. Chem. Chem. Phys.","","1463-9076, 1463-9084","10.1039/B613962K","http://xlink.rsc.org/?DOI=B613962K","","2007","2021-07-02 14:05:57","2021-07-02 14:05:57","2021-07-02 14:05:57","1276-1290","","11","9","","Phys. Chem. Chem. Phys.","","","","","","","","en","","","","","DOI.org (Crossref)","","","","C:\Users\abed-al-baset.taleb\Zotero\storage\XUIW983Y\Pimenta et al. - 2007 - Studying disorder in graphite-based systems by Ram.pdf","","","","","","","","","","","","","","","","","","","","","","","","","","","","","","","","","","","","","","","","","","","","","","","","",""
"GQBQY4IE","journalArticle","2007","Stankovich, Sasha; Dikin, Dmitriy A.; Piner, Richard D.; Kohlhaas, Kevin A.; Kleinhammes, Alfred; Jia, Yuanyuan; Wu, Yue; Nguyen, SonBinh T.; Ruoff, Rodney S.","Synthesis of graphene-based nanosheets via chemical reduction of exfoliated graphite oxide","Carbon","","00086223","10.1016/j.carbon.2007.02.034","https://linkinghub.elsevier.com/retrieve/pii/S0008622307000917","Reduction of a colloidal suspension of exfoliated graphene oxide sheets in water with hydrazine hydrate results in their aggregation and subsequent formation of a high-surface-area carbon material which consists of thin graphene-based sheets. The reduced material was characterized by elemental analysis, thermo-gravimetric analysis, scanning electron microscopy, X-ray photoelectron spectroscopy, NMR spectroscopy, Raman spectroscopy, and by electrical conductivity measurements.","2007-06","2021-07-02 14:06:12","2021-07-02 14:06:12","2021-07-02 14:06:12","1558-1565","","7","45","","Carbon","","","","","","","","en","","","","","DOI.org (Crossref)","","","","C:\Users\abed-al-baset.taleb\Zotero\storage\VQZKPE97\Stankovich et al. - 2007 - Synthesis of graphene-based nanosheets via chemica.pdf","","","","","","","","","","","","","","","","","","","","","","","","","","","","","","","","","","","","","","","","","","","","","","","","",""
"IN6FHMTQ","journalArticle","2009","Chen, Fang; Qing, Quan; Xia, Jilin; Li, Jinghong; Tao, Nongjian","Electrochemical Gate-Controlled Charge Transport in Graphene in Ionic Liquid and Aqueous Solution","Journal of the American Chemical Society","","0002-7863, 1520-5126","10.1021/ja9041862","https://pubs.acs.org/doi/10.1021/ja9041862","","2009-07-29","2021-07-04 14:53:28","2021-07-04 14:53:28","2021-07-04 14:53:28","9908-9909","","29","131","","J. Am. Chem. Soc.","","","","","","","","en","","","","","DOI.org (Crossref)","","","","C:\Users\abed-al-baset.taleb\Zotero\storage\LSDJYPGC\Chen et al. - 2009 - Electrochemical Gate-Controlled Charge Transport i.pdf","","","","","","","","","","","","","","","","","","","","","","","","","","","","","","","","","","","","","","","","","","","","","","","","",""
"YGSLQA7W","journalArticle","2009","Chen, Fang; Xia, Jilin; Tao, Nongjian","Ionic Screening of Charged-Impurity Scattering in Graphene","Nano Letters","","1530-6984, 1530-6992","10.1021/nl803922m","https://pubs.acs.org/doi/10.1021/nl803922m","We have studied the ionic screening effect on the charge transport properties of graphene ﬁeld effect transistors. By increasing the ionic concentration, we found dramatic increases in the carrier mobilities and systematic changes in the position and magnitude of minimum conductivity, as well as the width of minimum conductivity plateau, which supports the theory of long-range Coulomb scattering. We also observed clear conductivity saturation and systematic crossover from the linear to constant conductivity regimes.","2009-04-08","2021-07-04 14:55:22","2021-07-04 14:55:22","2021-07-04 14:55:22","1621-1625","","4","9","","Nano Lett.","","","","","","","","en","","","","","DOI.org (Crossref)","","","","C:\Users\abed-al-baset.taleb\Zotero\storage\MRCUM98V\Chen et al. - 2009 - Ionic Screening of Charged-Impurity Scattering in .pdf","","","","","","","","","","","","","","","","","","","","","","","","","","","","","","","","","","","","","","","","","","","","","","","","",""
"X64LI5SY","journalArticle","2009","Chen, Fang; Qing, Quan; Xia, Jilin; Li, Jinghong; Tao, Nongjian","Electrochemical Gate-Controlled Charge Transport in Graphene in Ionic Liquid and Aqueous Solution","Journal of the American Chemical Society","","0002-7863, 1520-5126","10.1021/ja9041862","https://pubs.acs.org/doi/10.1021/ja9041862","","2009-07-29","2021-07-04 14:56:18","2021-07-04 14:56:18","2021-07-04 14:56:18","9908-9909","","29","131","","J. Am. Chem. Soc.","","","","","","","","en","","","","","DOI.org (Crossref)","","","","C:\Users\abed-al-baset.taleb\Zotero\storage\A2E8LEKG\Chen et al. - 2009 - Electrochemical Gate-Controlled Charge Transport i.pdf","","","","","","","","","","","","","","","","","","","","","","","","","","","","","","","","","","","","","","","","","","","","","","","","",""
"SH74XVPW","journalArticle","2007","Tan, Y.-W.; Zhang, Y.; Bolotin, K.; Zhao, Y.; Adam, S.; Hwang, E. H.; Das Sarma, S.; Stormer, H. L.; Kim, P.","Measurement of Scattering Rate and Minimum Conductivity in Graphene","Physical Review Letters","","0031-9007, 1079-7114","10.1103/PhysRevLett.99.246803","https://link.aps.org/doi/10.1103/PhysRevLett.99.246803","","2007-12-14","2021-07-04 15:01:29","2021-07-04 15:01:29","2021-07-04 15:01:29","246803","","24","99","","Phys. Rev. Lett.","","","","","","","","en","","","","","DOI.org (Crossref)","","","","C:\Users\abed-al-baset.taleb\Zotero\storage\2INAZ2K2\Tan et al. - 2007 - Measurement of Scattering Rate and Minimum Conduct.pdf","","","","","","","","","","","","","","","","","","","","","","","","","","","","","","","","","","","","","","","","","","","","","","","","",""
"8SSPIFGQ","journalArticle","2009","Wang, Da-Wei; Li, Feng; Zhao, Jinping; Ren, Wencai; Chen, Zhi-Gang; Tan, Jun; Wu, Zhong-Shuai; Gentle, Ian; Lu, Gao Qing; Cheng, Hui-Ming","Fabrication of Graphene/Polyaniline Composite Paper <i>via</i> <i>In Situ</i> Anodic Electropolymerization for High-Performance Flexible Electrode","ACS Nano","","1936-0851, 1936-086X","10.1021/nn900297m","https://pubs.acs.org/doi/10.1021/nn900297m","Freestanding and ﬂexible graphene/polyaniline composite paper was prepared by an in situ anodic electropolymerization of polyaniline ﬁlm on graphene paper. This graphene-based composite paper electrode, consisting of graphene/polyaniline composite sheets as building blocks, shows a favorable tensile strength of 12.6 MPa and a stable large electrochemical capacitance (233 F g؊1 and 135 F cm؊3 for gravimetric and volumetric capacitances), which outperforms many other currently available carbon-based ﬂexible electrodes and is hence particularly promising for ﬂexible supercapacitors.","2009-07-28","2021-07-04 15:03:26","2021-07-04 15:03:26","2021-07-04 15:03:26","1745-1752","","7","3","","ACS Nano","","","","","","","","en","","","","","DOI.org (Crossref)","","","","C:\Users\abed-al-baset.taleb\Zotero\storage\FBF5DG2M\Wang et al. - 2009 - Fabrication of GraphenePolyaniline Composite Pape.pdf","","","","","","","","","","","","","","","","","","","","","","","","","","","","","","","","","","","","","","","","","","","","","","","","",""
"8DV7BPNN","journalArticle","2010","Ohno, Yasuhide; Maehashi, Kenzo; Matsumoto, Kazuhiko","Chemical and biological sensing applications based on graphene field-effect transistors","Biosensors and Bioelectronics","","09565663","10.1016/j.bios.2010.08.001","https://linkinghub.elsevier.com/retrieve/pii/S0956566310005051","Chemical and biological sensors based on graphene ﬁeld-effect transistors (G-FETs) were investigated. A single-layer of graphene was prepared by mechanical cleavage of natural graphite. The G-FETs were driven by a reference-gate operating in buffer solution, and exhibited very good transport characteristics. The G-FETs detected the pH value of the solution with high precision. The Dirac point shifted in the positive direction with increasing pH of the solution. The detection limit (signal/noise = 3) for measuring changes in the pH of the solution was estimated to be 0.025, indicating the high sensitivity of the GFETs. Moreover, the devices electrically detected proteins with different charge types. The drain current decreased (increased) when positively (negatively) charged proteins were added to the solution. These results indicate that the G-FETs are among the most suitable candidates for FET-based chemical and biological sensors.","2010-12","2021-07-04 15:04:06","2021-07-04 15:04:06","2021-07-04 15:04:06","1727-1730","","4","26","","Biosensors and Bioelectronics","","","","","","","","en","","","","","DOI.org (Crossref)","","","","","","","","","","","","","","","","","","","","","","","","","","","","","","","","","","","","","","","","","","","","","","","","","","","","",""
"BCWZWQCK","journalArticle","2011","Davies, Aaron; Audette, Philippe; Farrow, Blake; Hassan, Fathy; Chen, Zhongwei; Choi, Ja-Yeon; Yu, Aiping","Graphene-Based Flexible Supercapacitors: Pulse-Electropolymerization of Polypyrrole on Free-Standing Graphene Films","The Journal of Physical Chemistry C","","1932-7447, 1932-7455","10.1021/jp205568v","https://pubs.acs.org/doi/10.1021/jp205568v","A simple method has been implemented to create ﬂexible, uniform grapheneÀpolypyrrole composite ﬁlms using a pulsed electropolymerization technique for supercapacitor electrodes. Applying the pseudocapacitive contribution of conformal redox-active polypyrrole to graphene supercapacitor electrodes results in high performance while still maintaining the inherent ﬂexibility of graphene ﬁlms. Speciﬁc capacitances as high as 237 F/g were obtained for a moderate total deposition time of only 120 s, which is approximately four times higher than the blank scaﬀold, graphene ﬁlms. This ﬂexible supercapacitor ﬁlm exhibited very high energy and power densities with values of ∼33 Wh/kg and ∼1184 W/kg, respectively, at a scan rate of 0.01 V/s. This increase was attributed to the favorable nucleation of new polymer chains at defects on the graphene surface, which become less favorable as defect sites are occupied by existing polymer nanoparticles. Downloaded via UNIV D'ORLEANS on October 18, 2018 at 09:31:44 (UTC). See https://pubs.acs.org/sharingguidelines for options on how to legitimately share published articles.","2011-09-08","2021-07-04 15:15:16","2021-07-04 15:15:16","2021-07-04 15:15:16","17612-17620","","35","115","","J. Phys. Chem. C","Graphene-Based Flexible Supercapacitors","","","","","","","en","","","","","DOI.org (Crossref)","","","","C:\Users\abed-al-baset.taleb\Zotero\storage\FHY2SXBS\Davies et al. - 2011 - Graphene-Based Flexible Supercapacitors Pulse-Ele.pdf","","","","","","","","","","","","","","","","","","","","","","","","","","","","","","","","","","","","","","","","","","","","","","","","",""
"E7S42MKS","journalArticle","2011","Li, Weiwei; Geng, Xiumei; Guo, Yufen; Rong, Jizan; Gong, Youpin; Wu, Liqiong; Zhang, Xuemin; Li, Peng; Xu, Jianbao; Cheng, Guosheng; Sun, Mengtao; Liu, Liwei","Reduced Graphene Oxide Electrically Contacted Graphene Sensor for Highly Sensitive Nitric Oxide Detection","ACS Nano","","1936-0851, 1936-086X","10.1021/nn201433r","https://pubs.acs.org/doi/10.1021/nn201433r","We develop graphene-based devices fabricated by alternating current dielectrophoresis (ac-DEP) for highly sensitive nitric oxide (NO) gas detection. The novel device comprises the sensitive channels of palladium-decorated reduced graphene oxide (Pd-RGO) and the electrodes covered with chemical vapor deposition (CVD)-grown graphene. The highly sensitive, recoverable, and reliable detection of NO gas ranging from 2 to 420 ppb with response time of several hundred seconds has been achieved at room temperature. The facile and scalable route for high performance suggests a promising application of graphene devices toward the human exhaled NO and environmental pollutant detections.","2011-09-27","2021-07-04 15:16:27","2021-07-04 15:16:27","2021-07-04 15:16:27","6955-6961","","9","5","","ACS Nano","","","","","","","","en","","","","","DOI.org (Crossref)","","","","C:\Users\abed-al-baset.taleb\Zotero\storage\SJ9V2WEE\Li et al. - 2011 - Reduced Graphene Oxide Electrically Contacted Grap.pdf","","","","","","","","","","","","","","","","","","","","","","","","","","","","","","","","","","","","","","","","","","","","","","","","",""
"FJDJI8HV","journalArticle","2012","Ameen, Sadia; Akhtar, M. Shaheer; Shin, Hyung Shik","Hydrazine chemical sensing by modified electrode based on in situ electrochemically synthesized polyaniline/graphene composite thin film","Sensors and Actuators B: Chemical","","09254005","10.1016/j.snb.2012.06.065","https://linkinghub.elsevier.com/retrieve/pii/S0925400512006405","","2012-10","2021-07-04 15:17:24","2021-07-04 15:17:24","2021-07-04 15:17:24","177-183","","","173","","Sensors and Actuators B: Chemical","","","","","","","","en","","","","","DOI.org (Crossref)","","","","C:\Users\abed-al-baset.taleb\Zotero\storage\3JAPUVQ7\Ameen et al. - 2012 - Hydrazine chemical sensing by modified electrode b.pdf","","","","","","","","","","","","","","","","","","","","","","","","","","","","","","","","","","","","","","","","","","","","","","","","",""
"R4NE8LXE","journalArticle","2013","Stine, Rory; Mulvaney, Shawn P.; Robinson, Jeremy T.; Tamanaha, Cy R.; Sheehan, Paul E.","Fabrication, Optimization, and Use of Graphene Field Effect Sensors","Analytical Chemistry","","0003-2700, 1520-6882","10.1021/ac303190w","https://pubs.acs.org/doi/10.1021/ac303190w","","2013-01-15","2021-07-05 07:11:04","2021-07-05 07:11:04","2021-07-05 07:11:04","509-521","","2","85","","Anal. Chem.","","","","","","","","en","","","","","DOI.org (Crossref)","","","","C:\Users\abed-al-baset.taleb\Zotero\storage\N2RKFR2Z\Stine et al. - 2013 - Fabrication, Optimization, and Use of Graphene Fie.pdf","","","","","","","","","","","","","","","","","","","","","","","","","","","","","","","","","","","","","","","","","","","","","","","","",""
"JEW7FD9V","journalArticle","2013","Ferrari, Andrea C.; Basko, Denis M.","Raman spectroscopy as a versatile tool for studying the properties of graphene","Nature Nanotechnology","","1748-3387, 1748-3395","10.1038/nnano.2013.46","http://www.nature.com/articles/nnano.2013.46","","2013-04","2021-07-05 07:14:01","2021-07-05 07:14:02","2021-07-05 07:14:01","235-246","","4","8","","Nature Nanotech","","","","","","","","en","","","","","DOI.org (Crossref)","","","","C:\Users\abed-al-baset.taleb\Zotero\storage\V5P4SLLZ\Ferrari et Basko - 2013 - Raman spectroscopy as a versatile tool for studyin.pdf","","","","","","","","","","","","","","","","","","","","","","","","","","","","","","","","","","","","","","","","","","","","","","","","",""
"M58IS8YN","journalArticle","2013","Ferrari, Andrea C.; Basko, Denis M.","Raman spectroscopy as a versatile tool for studying the properties of graphene","Nature Nanotechnology","","1748-3387, 1748-3395","10.1038/nnano.2013.46","http://www.nature.com/articles/nnano.2013.46","","2013-04","2021-07-05 07:14:22","2021-07-05 07:14:22","2021-07-05 07:14:22","235-246","","4","8","","Nature Nanotech","","","","","","","","en","","","","","DOI.org (Crossref)","","","","C:\Users\abed-al-baset.taleb\Zotero\storage\5SQKFBLM\Ferrari et Basko - 2013 - Raman spectroscopy as a versatile tool for studyin.pdf","","","","","","","","","","","","","","","","","","","","","","","","","","","","","","","","","","","","","","","","","","","","","","","","",""
"QZSIUEDG","journalArticle","2013","Llobet, Eduard","Gas sensors using carbon nanomaterials: A review","Sensors and Actuators B: Chemical","","09254005","10.1016/j.snb.2012.11.014","https://linkinghub.elsevier.com/retrieve/pii/S0925400512011938","","2013-03","2021-07-05 07:15:03","2021-07-05 07:15:03","2021-07-05 07:15:03","32-45","","","179","","Sensors and Actuators B: Chemical","Gas sensors using carbon nanomaterials","","","","","","","en","","","","","DOI.org (Crossref)","","","","C:\Users\abed-al-baset.taleb\Zotero\storage\SAWHATMI\Llobet - 2013 - Gas sensors using carbon nanomaterials A review.pdf","","","","","","","","","","","","","","","","","","","","","","","","","","","","","","","","","","","","","","","","","","","","","","","","",""
"37P96TBY","journalArticle","2013","Parvez, Khaled; Li, Rongjin; Puniredd, Sreenivasa Reddy; Hernandez, Yenny; Hinkel, Felix; Wang, Suhao; Feng, Xinliang; Müllen, Klaus","Electrochemically Exfoliated Graphene as Solution-Processable, Highly Conductive Electrodes for Organic Electronics","ACS Nano","","1936-0851, 1936-086X","10.1021/nn400576v","https://pubs.acs.org/doi/10.1021/nn400576v","","2013-04-23","2021-07-05 07:16:31","2021-07-05 07:16:31","2021-07-05 07:16:31","3598-3606","","4","7","","ACS Nano","","","","","","","","en","","","","","DOI.org (Crossref)","","","","C:\Users\abed-al-baset.taleb\Zotero\storage\ITXSTJWV\Parvez et al. - 2013 - Electrochemically Exfoliated Graphene as Solution-.pdf","","","","","","","","","","","","","","","","","","","","","","","","","","","","","","","","","","","","","","","","","","","","","","","","",""
"TUBD2Y7B","journalArticle","2014","Chang, Jingbo; Zhou, Guihua; Christensen, Erik R.; Heideman, Robert; Chen, Junhong","Graphene-based sensors for detection of heavy metals in water: a review","Analytical and Bioanalytical Chemistry","","1618-2642, 1618-2650","10.1007/s00216-014-7804-x","http://link.springer.com/10.1007/s00216-014-7804-x","Graphene (G) is attracting significant attention because of its unique physical and electronic properties. The production of graphene through the reduction of graphene oxide (GO) is a low-cost method. The reduction of GO can further lead to electrically conductive reduced GO. These graphene-based nanomaterials are attractive for highperformance water sensors due to their unique properties, such as high specific surface areas, high electron mobilities, and exceptionally low electronic noise. Because of potential risks to the environment and human health arising from heavymetal pollution in water, G-/GO-based water sensors are being developed for rapid and sensitive detection of heavy-metal ions. In this review, a general introduction to graphene and GO properties, as well as their syntheses, is provided. Recent advances in optical, electrochemical, and electrical detection of heavy-metal ions using graphene or GO are then highlighted. Finally, challenges facing G/GO-based water sensor development and outlook for future research are discussed.","2014-06","2021-07-05 07:17:54","2021-07-05 07:17:54","2021-07-05 07:17:54","3957-3975","","16","406","","Anal Bioanal Chem","Graphene-based sensors for detection of heavy metals in water","","","","","","","en","","","","","DOI.org (Crossref)","","","","C:\Users\abed-al-baset.taleb\Zotero\storage\D58N9RJC\Chang et al. - 2014 - Graphene-based sensors for detection of heavy meta.pdf","","","","","","","","","","","","","","","","","","","","","","","","","","","","","","","","","","","","","","","","","","","","","","","","",""
"F6V85NMD","journalArticle","2014","Cooper, Adam J.; Wilson, Neil R.; Kinloch, Ian A.; Dryfe, Robert A.W.","Single stage electrochemical exfoliation method for the production of few-layer graphene via intercalation of tetraalkylammonium cations","Carbon","","00086223","10.1016/j.carbon.2013.09.009","https://linkinghub.elsevier.com/retrieve/pii/S0008622313008488","We present a non-oxidative production route to few layer graphene via the electrochemical intercalation of tetraalkylammonium cations into pristine graphite. Two forms of graphite have been studied as the source material with each yielding a slightly different result. Highly orientated pyrolytic graphite (HOPG) offers greater advantages in terms of the exfoliate size but the source electrode set up introduces difﬁculties to the procedure and requires the use of sonication. Using a graphite rod electrode, few layer graphene ﬂakes (2 nm thickness) are formed directly although the ﬂake diameters from this source are typically small (ca. 100–200 nm). Signiﬁcantly, for a solvent based route, the graphite rod does not require ultrasonication or any secondary physical processing of the resulting dispersion. Flakes have been characterized using Raman spectroscopy, atomic force microscopy (AFM) and X-ray photoelectron spectroscopy (XPS).","2014-01","2021-07-05 07:18:08","2021-07-05 07:18:08","2021-07-05 07:18:08","340-350","","","66","","Carbon","","","","","","","","en","","","","","DOI.org (Crossref)","","","","C:\Users\abed-al-baset.taleb\Zotero\storage\XW3QW8R7\Cooper et al. - 2014 - Single stage electrochemical exfoliation method fo.pdf","","","","","","","","","","","","","","","","","","","","","","","","","","","","","","","","","","","","","","","","","","","","","","","","",""
"8LNNYBTR","journalArticle","2014","Kulkarni, Girish S.; Reddy, Karthik; Zhong, Zhaohui; Fan, Xudong","Graphene nanoelectronic heterodyne sensor for rapid and sensitive vapour detection","Nature Communications","","2041-1723","10.1038/ncomms5376","http://www.nature.com/articles/ncomms5376","","2014-09","2021-07-05 07:18:51","2021-07-05 07:18:51","2021-07-05 07:18:51","4376","","1","5","","Nat Commun","","","","","","","","en","","","","","DOI.org (Crossref)","","","","C:\Users\abed-al-baset.taleb\Zotero\storage\95QNCNGX\Kulkarni et al. - 2014 - Graphene nanoelectronic heterodyne sensor for rapi.pdf","","","","","","","","","","","","","","","","","","","","","","","","","","","","","","","","","","","","","","","","","","","","","","","","",""
"PZ3RXN4J","journalArticle","2013","Martins, L. G. P.; Song, Y.; Zeng, T.; Dresselhaus, M. S.; Kong, J.; Araujo, P. T.","Direct transfer of graphene onto flexible substrates","Proceedings of the National Academy of Sciences","","0027-8424, 1091-6490","10.1073/pnas.1306508110","http://www.pnas.org/cgi/doi/10.1073/pnas.1306508110","","2013-10-29","2021-07-05 07:19:19","2021-07-05 07:19:19","2021-07-05 07:19:19","17762-17767","","44","110","","Proceedings of the National Academy of Sciences","","","","","","","","en","","","","","DOI.org (Crossref)","","","","C:\Users\abed-al-baset.taleb\Zotero\storage\U95AZP7S\Martins et al. - 2013 - Direct transfer of graphene onto flexible substrat.pdf","","","","","","","","","","","","","","","","","","","","","","","","","","","","","","","","","","","","","","","","","","","","","","","","",""
"Z6ST4XTW","journalArticle","2014","Parvez, Khaled; Wu, Zhong-Shuai; Li, Rongjin; Liu, Xianjie; Graf, Robert; Feng, Xinliang; Müllen, Klaus","Exfoliation of Graphite into Graphene in Aqueous Solutions of Inorganic Salts","Journal of the American Chemical Society","","0002-7863, 1520-5126","10.1021/ja5017156","https://pubs.acs.org/doi/10.1021/ja5017156","Mass production of high-quality graphene sheets is essential for their practical application in electronics, optoelectronics, composite materials, and energy-storage devices. Here we report a prompt electrochemical exfoliation of graphene sheets into aqueous solutions of diﬀerent inorganic salts ((NH4)2SO4, Na2SO4, K2SO4, etc.). Exfoliation in these electrolytes leads to graphene with a high yield (>85%, ≤3 layers), large lateral size (up to 44 μm), low oxidation degree (a C/O ratio of 17.2), and a remarkable hole mobility of 310 cm2 V−1 s−1. Further, highly conductive graphene ﬁlms (11 Ω sq−1) are readily fabricated on an A4-size paper by applying brush painting of a concentrated graphene ink (10 mg mL−1, in N,N′-dimethylformamide). Allsolid-state ﬂexible supercapacitors manufactured on the basis of such graphene ﬁlms deliver a high area capacitance of 11.3 mF cm−2 and an excellent rate capability of 5000 mV s−1. The described electrochemical exfoliation shows great promise for the industrial-scale synthesis of high-quality graphene for numerous advanced applications.","2014-04-23","2021-07-05 07:19:45","2021-07-05 07:19:45","2021-07-05 07:19:45","6083-6091","","16","136","","J. Am. Chem. Soc.","","","","","","","","en","","","","","DOI.org (Crossref)","","","","C:\Users\abed-al-baset.taleb\Zotero\storage\NVNW9C9C\Parvez et al. - 2014 - Exfoliation of Graphite into Graphene in Aqueous S.pdf","","","","","","","","","","","","","","","","","","","","","","","","","","","","","","","","","","","","","","","","","","","","","","","","",""
"Y3I9FAJE","journalArticle","2014","Yang, Lu; Liu, Dong; Huang, Jianshe; You, Tianyan","Simultaneous determination of dopamine, ascorbic acid and uric acid at electrochemically reduced graphene oxide modified electrode","Sensors and Actuators B: Chemical","","09254005","10.1016/j.snb.2013.11.104","https://linkinghub.elsevier.com/retrieve/pii/S0925400513014548","","2014-03","2021-07-05 07:22:08","2021-07-05 07:22:08","2021-07-05 07:22:08","166-172","","","193","","Sensors and Actuators B: Chemical","","","","","","","","en","","","","","DOI.org (Crossref)","","","","C:\Users\abed-al-baset.taleb\Zotero\storage\GJDBEPYZ\Yang et al. - 2014 - Simultaneous determination of dopamine, ascorbic a.pdf","","","","","","","","","","","","","","","","","","","","","","","","","","","","","","","","","","","","","","","","","","","","","","","","",""
"ERBBGBIG","journalArticle","2014","Zhou, Guihua; Chang, Jingbo; Cui, Shumao; Pu, Haihui; Wen, Zhenhai; Chen, Junhong","Real-Time, Selective Detection of Pb <sup>2+</sup> in Water Using a Reduced Graphene Oxide/Gold Nanoparticle Field-Effect Transistor Device","ACS Applied Materials & Interfaces","","1944-8244, 1944-8252","10.1021/am505275a","https://pubs.acs.org/doi/10.1021/am505275a","A ﬁeld-eﬀect transistor (FET) device-based sensor is developed to speciﬁcally detect Pb2+ ions in an aqueous environment that is notably toxic. Reduced graphene oxide (rGO), as the semiconducting channel material, was utilized in the FET device through a self-assembly method. An L-glutathione reduced was employed as the capture probe for the label-free detection. By monitoring the electrical characteristics of the FET device, the performance of the sensor was measured and investigated. Compared with conventional detection technologies, this sensor enabled real-time detection with a response time of 1−2 s. A lower detection limit for Pb2+ ions as low as 10 nM was achieved, which is much lower than the maximum contaminant level for Pb2+ ions in drinking water recommended by the World Health Organization. Furthermore, the rGO FET sensor was able to distinguish Pb2+ from other metal ions. Without any sample pretreatment, the platform is user-friendly.","2014-11-12","2021-07-05 07:22:42","2021-07-05 07:22:42","2021-07-05 07:22:42","19235-19241","","21","6","","ACS Appl. Mater. Interfaces","","","","","","","","en","","","","","DOI.org (Crossref)","","","","C:\Users\abed-al-baset.taleb\Zotero\storage\9ZTFBFIC\Zhou et al. - 2014 - Real-Time, Selective Detection of Pb 2+.pdf","","","","","","","","","","","","","","","","","","","","","","","","","","","","","","","","","","","","","","","","","","","","","","","","",""
"IMMVJZCW","journalArticle","2015","Ammar, M.R.; Galy, N.; Rouzaud, J.N.; Toulhoat, N.; Vaudey, C.E.; Simon, P.; Moncoffre, N.","Characterizing various types of defects in nuclear graphite using Raman scattering: Heat treatment, ion irradiation and polishing","Carbon","","00086223","10.1016/j.carbon.2015.07.095","https://linkinghub.elsevier.com/retrieve/pii/S0008622315301160","Raman spectroscopy has proved to be an appropriate technique to probe defects in carbon-based materials owing to its high sensitivity, most often focused on the commonly used ID/IG parameter. However, this ratio may be activated by various types of defects and in a completely independent manner. Therefore, discriminating between defects is challenging. The central idea of the present work is to provide a better understanding of the Raman response to the various types of defects that may appear in nuclear graphite (carbonecarbon composite) during its manufacturing process, its operation in the nuclear reactor, or even during its preparation process such as polishing which is usually used prior to Raman characterization. This work also demonstrates the discrimination of the defect types using the combination of the ID/IG and FWHM(G), two structural disorder indicators evolving differently according to the type and the concentration of the introduced defects into the carbon network. The ion-beam irradiation was used here as an effective way for creating defects that could be similar to those created by neutrons in the nuclear reactor.","2015-12","2021-07-05 07:24:14","2021-07-05 07:24:14","2021-07-05 07:24:14","364-373","","","95","","Carbon","Characterizing various types of defects in nuclear graphite using Raman scattering","","","","","","","en","","","","","DOI.org (Crossref)","","","","C:\Users\abed-al-baset.taleb\Zotero\storage\PE2ZNDIU\Ammar et al. - 2015 - Characterizing various types of defects in nuclear.pdf","","","","","","","","","","","","","","","","","","","","","","","","","","","","","","","","","","","","","","","","","","","","","","","","",""
"EMQZIK92","journalArticle","2015","Veigas, Bruno; Fortunato, Elvira; Baptista, Pedro","Field Effect Sensors for Nucleic Acid Detection: Recent Advances and Future Perspectives","Sensors","","1424-8220","10.3390/s150510380","http://www.mdpi.com/1424-8220/15/5/10380","In the last decade the use of field-effect-based devices has become a basic structural element in a new generation of biosensors that allow label-free DNA analysis. In particular, ion sensitive field effect transistors (FET) are the basis for the development of radical new approaches for the specific detection and characterization of DNA due to FETs’ greater signal-to-noise ratio, fast measurement capabilities, and possibility to be included in portable instrumentation. Reliable molecular characterization of DNA and/or RNA is vital for disease diagnostics and to follow up alterations in gene expression profiles. FET biosensors may become a relevant tool for molecular diagnostics and at point-of-care. The development of these devices and strategies should be carefully designed, as biomolecular recognition and detection events must occur within the Debye length. This limitation is sometimes considered to be fundamental for FET devices and considerable efforts have been made to develop better architectures. Herein we review the use of field effect sensors for nucleic acid detection strategies—from production and functionalization to integration in molecular diagnostics platforms, with special focus on those that have made their way into the diagnostics lab.","2015-05-04","2021-07-05 07:27:32","2021-07-05 07:27:32","2021-07-05 07:27:32","10380-10398","","5","15","","Sensors","Field Effect Sensors for Nucleic Acid Detection","","","","","","","en","","","","","DOI.org (Crossref)","","","","C:\Users\abed-al-baset.taleb\Zotero\storage\CVG3IQNU\Veigas et al. - 2015 - Field Effect Sensors for Nucleic Acid Detection R.pdf","","","","","","","","","","","","","","","","","","","","","","","","","","","","","","","","","","","","","","","","","","","","","","","","",""
"5MAXKPR7","journalArticle","2015","Viswanathan, Sowmya; Narayanan, Tharangattu N.; Aran, Kiana; Fink, Kathryn D.; Paredes, Jacobo; Ajayan, Pulickel M.; Filipek, Slawomir; Miszta, Przemyslaw; Tekin, H. Cumhur; Inci, Fatih; Demirci, Utkan; Li, Pingzuo; Bolotin, Kirill I.; Liepmann, Dorian; Renugopalakrishanan, V.","Graphene–protein field effect biosensors: glucose sensing","Materials Today","","13697021","10.1016/j.mattod.2015.04.003","https://linkinghub.elsevier.com/retrieve/pii/S1369702115001194","","2015-11","2021-07-05 07:27:49","2021-07-05 07:27:50","2021-07-05 07:27:49","513-522","","9","18","","Materials Today","Graphene–protein field effect biosensors","","","","","","","en","","","","","DOI.org (Crossref)","","","","C:\Users\abed-al-baset.taleb\Zotero\storage\V7XUHXJK\Viswanathan et al. - 2015 - Graphene–protein field effect biosensors glucose .pdf","","","","","","","","","","","","","","","","","","","","","","","","","","","","","","","","","","","","","","","","","","","","","","","","",""
"XFDQLS48","journalArticle","2015","Zuccaro, Laura; Krieg, Janina; Desideri, Alessandro; Kern, Klaus; Balasubramanian, Kannan","Tuning the isoelectric point of graphene by electrochemical functionalization","Scientific Reports","","2045-2322","10.1038/srep11794","http://www.nature.com/articles/srep11794","","2015-12","2021-07-05 07:28:09","2021-07-05 07:28:09","2021-07-05 07:28:09","11794","","1","5","","Sci Rep","","","","","","","","en","","","","","DOI.org (Crossref)","","","","C:\Users\abed-al-baset.taleb\Zotero\storage\CBZ5L26D\Zuccaro et al. - 2015 - Tuning the isoelectric point of graphene by electr.pdf","","","","","","","","","","","","","","","","","","","","","","","","","","","","","","","","","","","","","","","","","","","","","","","","",""
"FSBEYD9A","journalArticle","2016","Labib, Mahmoud; Sargent, Edward H.; Kelley, Shana O.","Electrochemical Methods for the Analysis of Clinically Relevant Biomolecules","Chemical Reviews","","0009-2665, 1520-6890","10.1021/acs.chemrev.6b00220","https://pubs.acs.org/doi/10.1021/acs.chemrev.6b00220","Rapid progress in identifying biomarkers that are hallmarks of disease has increased demand for high-performance detection technologies. Implementation of electrochemical methods in clinical analysis may provide an eﬀective answer to the growing need for rapid, speciﬁc, inexpensive, and fully automated means of biomarker analysis. This Review summarizes advances from the past 5 years in the development of electrochemical sensors for clinically relevant biomolecules, including small molecules, nucleic acids, and proteins. Various sensing strategies are assessed according to their potential for reaching relevant limits of sensitivity, speciﬁcity, and degrees of multiplexing. Furthermore, we address the remaining challenges and opportunities to integrate electrochemical sensing platforms into point-of-care solutions.","2016-08-24","2021-07-05 07:30:46","2021-07-05 07:30:46","2021-07-05 07:30:46","9001-9090","","16","116","","Chem. Rev.","","","","","","","","en","","","","","DOI.org (Crossref)","","","","C:\Users\abed-al-baset.taleb\Zotero\storage\XD9FQEAL\Labib et al. - 2016 - Electrochemical Methods for the Analysis of Clinic.pdf","","","","","","","","","","","","","","","","","","","","","","","","","","","","","","","","","","","","","","","","","","","","","","","","",""
"TNBJG7XQ","journalArticle","2016","Wang, Tao; Huang, Da; Yang, Zhi; Xu, Shusheng; He, Guili; Li, Xiaolin; Hu, Nantao; Yin, Guilin; He, Dannong; Zhang, Liying","A Review on Graphene-Based Gas/Vapor Sensors with Unique Properties and Potential Applications","Nano-Micro Letters","","2311-6706, 2150-5551","10.1007/s40820-015-0073-1","http://link.springer.com/10.1007/s40820-015-0073-1","Graphene-based gas/vapor sensors have attracted much attention in recent years due to their variety of structures, unique sensing performances, room-temperature working conditions, and tremendous application prospects, etc. Herein, we summarize recent advantages in graphene preparation, sensor construction, and sensing properties of various graphene-based gas/vapor sensors, such as NH3, NO2, H2, CO, SO2, H2S, as well as vapor of volatile organic compounds. The detection mechanisms pertaining to various gases are also discussed. In conclusion part, some existing problems which may hinder the sensor applications are presented. Several possible methods to solve these problems are proposed, for example, conceived solutions, hybrid nanostructures, multiple sensor arrays, and new recognition algorithm.","2016-04","2021-07-05 07:31:42","2021-07-05 07:31:42","2021-07-05 07:31:42","95-119","","2","8","","Nano-Micro Lett.","","","","","","","","en","","","","","DOI.org (Crossref)","","","","C:\Users\abed-al-baset.taleb\Zotero\storage\KLQMWYNW\Wang et al. - 2016 - A Review on Graphene-Based GasVapor Sensors with .pdf","","","","","","","","","","","","","","","","","","","","","","","","","","","","","","","","","","","","","","","","","","","","","","","","",""
"4NMUEC4U","journalArticle","2019","Chen, Xiaoyan; Liu, Ying; Fang, Xian; Li, Zhuo; Pu, Haihui; Chang, Jingbo; Chen, Junhong; Mao, Shun","Ultratrace antibiotic sensing using aptamer/graphene-based field-effect transistors","Biosensors and Bioelectronics","","09565663","10.1016/j.bios.2018.11.034","https://linkinghub.elsevier.com/retrieve/pii/S0956566318309291","Antibiotic residue, as emerging pollution resulting from antibiotic abuse, poses a serious threat on ecosystem and human health. Conventional methods for antibiotic detection, e.g., liquid/gas chromatography, are based on complicated instruments and time-consuming; therefore, eﬀorts have been made to realize in situ and real-time monitoring of antibiotics. Here, a miniaturized and integratable electronic antibiotic sensor based on ﬁeld-eﬀect transistor (FET) is reported. The reduced graphene oxide (rGO) nanosheet is used as the channel material and the aptamer RNA for tobramycin is modiﬁed onto rGO as the probe. A novel sensor design with 6-mercapto-1hexanol (MCH)/1-pyrenebutanol (PBA) blocking layer (BL) for structure optimization is applied to enhance the sensor reliability and speciﬁcity. This rGO/aptamer/BL sensor shows an ultra-sensitivity to tobramycin with a lower detection limit of 0.3 nM and a quick response within 5 s, as well as a high speciﬁcity over other antibiotics such as kanamycin, streptomycin, ciproﬂoxacin, and tetracycline. The sensing mechanism based on the deformation of the charged aptamer probe is proposed via an in-depth analysis of the interactions between aptamer, tobramycin and rGO. In addition, sensing test performed under controlled microﬂuidic ﬂow conditions demonstrates a great potential of the sensors in practical applications.","2019-02","2021-07-05 07:32:22","2021-07-05 07:32:22","2021-07-05 07:32:22","664-671","","","126","","Biosensors and Bioelectronics","","","","","","","","en","","","","","DOI.org (Crossref)","","","","C:\Users\abed-al-baset.taleb\Zotero\storage\QRK6QQMB\Chen et al. - 2019 - Ultratrace antibiotic sensing using aptamergraphe.pdf","","","","","","","","","","","","","","","","","","","","","","","","","","","","","","","","","","","","","","","","","","","","","","","","",""
"MJFBEHRK","journalArticle","2021","Li, Mufang; Chen, Jiaxin; Luo, Mengying; Zhong, Weibing; Wang, Wen; Qing, Xing; Lu, Ying; Yang, Liyan; Liu, Qiongzhen; Wang, Yuedan; Wang, Dong","Wearable thermoelectric 3D spacer fabric containing a photothermal ZrC layer with improved power generation efficiency","Energy Conversion and Management","","01968904","10.1016/j.enconman.2021.114432","https://linkinghub.elsevier.com/retrieve/pii/S0196890421006087","Harvesting energy directly from the body heat has been suggested as an effective way to realize sustainably and uninterruptedly wearable power supply. However, the low temperature gradient (ΔT) between the human body and the environment has limited the power generation efficiency. In this study, the photothermal-thermoelectric 3D spacer fabric (ZrC-PPSF) was prepared by coating a thin zirconium carbide/polyurethane (ZrC/PU) photothermal layer on the poly (3,4-ethylenedioxythiophene):poly (styrenesulfonate) (PEDOT:PSS)/spacer fabric (SF) thermoelectric composite (PPSF). By utilizing the excellent photo-thermal conversion of ZrC and the thermal insulation performance of PPSF, a larger ΔT was generated and maintained, so as to enhance the power generated and efficiency. The effects of ZrC concentration, SF thickness and optical power density on the photothermal efficiency and voltage generated were studied. When the ZrC concentraiton is 1.5 wt%, the ΔT increases form 67.5 ◦C to 179.3 ◦C under the optical power density of 500 mW/cm2. Regardless of sunny and cloudy day, a larger ΔT can be generated. Based on this, a flexible and wearable wristband containing 30 ZrC-PPSF units was prepared. Encouragingly, the voltage generated by the wristband under the sunshine is almost 11 times the voltage generated indoors. Under the optical density of 100 mW/cm2 for 800 min, the highest voltage generated by the wristband is 9.11 mV, much higher than the 3.12 mV generated without light. All the results demonstrate that it is a very effective and simple method to improve the thermoelectric power generation efficiency by photothermal conversion. The wearable TE device prepared in this study is especially suitable for outdoor application, and provide continuous and stable energy for the wearable electronics.","2021-09","2021-07-13 11:38:28","2021-07-13 11:38:28","2021-07-13 11:38:28","114432","","","243","","Energy Conversion and Management","","","","","","","","en","","","","","DOI.org (Crossref)","","","","C:\Users\abed-al-baset.taleb\Zotero\storage\6UYIW497\Li et al. - 2021 - Wearable thermoelectric 3D spacer fabric containin.pdf","","","","","","","","","","","","","","","","","","","","","","","","","","","","","","","","","","","","","","","","","","","","","","","","",""
"JZMZJ8I9","journalArticle","2021","Wen, Ningxuan; Fan, Zeng; Yang, Shuaitao; Zhao, Yongpeng; Li, Chengwei; Cong, Tianze; Huang, Hui; Zhang, Jianwei; Guan, Xin; Pan, Lujun","High-performance stretchable thermoelectric fibers for wearable electronics","Chemical Engineering Journal","","13858947","10.1016/j.cej.2021.130816","https://linkinghub.elsevier.com/retrieve/pii/S1385894721024013","The development of miniaturized and wearable electronic devices addresses the demand for novel power-supply systems that have advantages including lightweight, good stretchability, self-sustaining and high compatibility with human skin. To meet these criteria, conducting polymer-based thermoelectric (TE) fibers have recently attracted extensive attention. However, the intrinsically stretchable TE fibers that simultaneously have good TE performance and stability under cyclic loading are still rarely reported. In this work, we have successfully produced high-performance stretchable TE fibers comprising of poly(3,4-ethylenedioxythiophene):poly (styrenesulfonic acid) (PEDOT:PSS) and waterborne polyurethane (WPU) via a simple one-step wet-spinning approach. In the composite fibers, WPU not only acts as an elastomeric matrix but also has a template effect on improving the packing order and increasing the linearity of the PEDOT chains during wet-spinning. As a result, the PEDOT:PSS/WPU composite fibers exhibited desirable wearable performance, including high power factor (26.1 μW m− 1 K− 2), good stretchability (>30%) and outstanding TE property stability under cyclic stretching. Their practical applications as stretchable temperature sensors and stretchable TE generators were further demonstrated. The high-performance and intrinsically stretchable TE fibers developed in this work are expected to be applied in various wearable electronics.","2021-12","2021-07-13 11:39:57","2021-07-13 11:39:58","2021-07-13 11:39:57","130816","","","426","","Chemical Engineering Journal","","","","","","","","en","","","","","DOI.org (Crossref)","","","","C:\Users\abed-al-baset.taleb\Zotero\storage\J3T4795J\Wen et al. - 2021 - High-performance stretchable thermoelectric fibers.pdf","","","","","","","","","","","","","","","","","","","","","","","","","","","","","","","","","","","","","","","","","","","","","","","","",""
"9JF9MLGM","journalArticle","2021","Murray, Richard; Burke, Micheal; Iacopino, Daniela; Quinn, Aidan J.","Design of Experiments and Optimization of Laser-Induced Graphene","ACS Omega","","2470-1343, 2470-1343","10.1021/acsomega.1c00309","https://pubs.acs.org/doi/10.1021/acsomega.1c00309","Realization of graphene-based sensors and electronic devices remains challenging, in part due to integration challenges with current fabrication and manufacturing processes. Thus, scalable methods for in situ fabrication of high-quality graphene-like materials are essential. Low-cost CO2 laser engravers can be used for site-selective conversion of polyimide under ambient conditions to create 3-D, rotationally disordered, fewlayer, porous, graphene-like electrodes. However, the inﬂuences of non-linear parameter terms and interactions between key parameters on the graphitization process present challenges for rapid, resource-eﬃcient optimization. An iterative optimization strategy was developed to identify promising regions in parameter space for two key parameters, laser power and scan speed, with the goal of optimizing electrode performance while maximizing scan speed and hence fabrication throughput. The strategy employed iterations of Design of Experiments Response Surface (DoE-RS) methods combined with choices of readily measurable parameters to minimize measurement resources and time. The initial DoE-RS experiment set employed visual response parameters, while subsequent iterations used sheet resistance as the optimization parameter. The ﬁnal model clearly demonstrates that laser graphitization through raster scanning is a highly non-linear process requiring polynomial terms in scan speed and laser power up to ﬁfth order. Two regions of interest in parameter space were identiﬁed using this strategy: Region 1 represents the global minimum for sheet resistance for this laser (∼16 Ω/sq), found at a low scan speed (70 mm/s) and a low average power (2.1 W) . Region 2 is a local minimum for sheet resistance (36 Ω/sq), found at higher values for scan speed (340 mm/s) and average power (3.4 W), allowing ∼5-fold reduction in write time. Importantly, these minima do not correspond to constant ratios of average laser power to scan speed. This highlights the beneﬁts of DoE-RS methods in rapid identiﬁcation of optimum parameter combinations that would be diﬃcult to discover using traditional one-factor-at-a-time optimization. Veriﬁcation data from Raman spectroscopy showed sharp 2D peaks with mean full-width-at-half-maximum intensity values <80 cm−1 for both regions, consistent with high-quality 3D graphene-like carbon. Graphene-based electrodes fabricated using the parameters from the respective regions yielded similar performance when employed as capacitive humidity sensors with hygroscopic dielectric layers. Devices fabricated using Region 1 parameters (16 Ω/sq) yielded capacitance responses of 0.78 ± 0.04 pF at 0% relative humidity (RH), increasing to 31 ± 7 pF at 85.1% RH. Region 2 devices (36 Ω/sq) showed comparable responses (0.88 ± 0.04 pF at 0% RH, 28 ± 5 pF at 85.1% RH).","2021-07-06","2021-07-13 11:49:10","2021-07-13 11:49:11","2021-07-13 11:49:10","16736-16743","","26","6","","ACS Omega","","","","","","","","en","","","","","DOI.org (Crossref)","","","","C:\Users\abed-al-baset.taleb\Zotero\storage\8IWJ9IGW\Murray et al. - 2021 - Design of Experiments and Optimization of Laser-In.pdf","","","","","","","","","","","","","","","","","","","","","","","","","","","","","","","","","","","","","","","","","","","","","","","","",""
"TGRP953Y","journalArticle","2019","Ganguly, Sudin; Maiti, Santanu K.","Thermoelectricity in graphene nanoribbons: Structural effects of nanopores","Superlattices and Microstructures","","07496036","10.1016/j.spmi.2019.106264","https://linkinghub.elsevier.com/retrieve/pii/S074960361930059X","The thermoelectric (TE) properties of graphene nanoribbon (GNR) with various regularly structured nanopores (NPs) are studied in detail. Describing the system within a tight-binding (TB) framework we compute all the TE quantities using the Landauer integrals. Results show a significant reduction in thermal conductance along with higher thermopower on the incorporation of most of the NPs, considered in this work, which enhances the TE performance. The different NP structures, such as the circle, rectangle, particular configuration of an isosceles triangle, etc., are found to have a higher figure of merit (FOM). A strategy is also proposed to enhance FOM by increasing the height of NPs across the junction. In light of the simplicity of our proposed models with such promising prospects, we strongly believe that NP-GNR system can be highly effective as an efficient TE device in the commercial market in the near future.","2019-12","2021-07-13 12:00:18","2021-07-13 12:00:18","2021-07-13 12:00:18","106264","","","136","","Superlattices and Microstructures","Thermoelectricity in graphene nanoribbons","","","","","","","en","","","","","DOI.org (Crossref)","","","","C:\Users\abed-al-baset.taleb\Zotero\storage\5TDX43DR\Ganguly et Maiti - 2019 - Thermoelectricity in graphene nanoribbons Structu.pdf","","","","","","","","","","","","","","","","","","","","","","","","","","","","","","","","","","","","","","","","","","","","","","","","",""
"XDMMVZMV","journalArticle","2018","Molina-Valdovinos, S.; Martínez-Rivera, J.; Moreno-Cabrera, N.E.; Rodríguez-Vargas, I.","Low-dimensional thermoelectricity in graphene: The case of gated graphene superlattices","Physica E: Low-dimensional Systems and Nanostructures","","13869477","10.1016/j.physe.2018.03.005","https://linkinghub.elsevier.com/retrieve/pii/S1386947717316053","Low-dimensional thermoelectricity is a key concept in modern thermoelectricity. This concept refers to the possibility to improve thermoelectric performance through redistribution of the density of states by reducing the dimensionality of thermoelectric devices. Among the most successful low-dimensional structures we can ﬁnd superlattices of quantum wells, wires and dots. In this work, we show that this concept can be extended to cutting-edge materials like graphene. In speciﬁc, we carry out a systematic assessment of the thermoelectric properties of quantum well gated graphene superlattices. In particular, we ﬁnd giant values for the Seebeck coeﬃcient and the power factor by redistributing the density of states through the modulation of the fundamental parameters of the graphene superlattice. Even more important, these giant values can be further improved by choosing appropriately the angle of incidence of Dirac electrons, the number of superlattice periods, the width of the superlattice unit cell as well as the height of the barriers. We also ﬁnd that the power factor presents a series of giant peaks, clustered in twin fashion, associated to the oscillating nature of the conductance. Finally, we consider that low-dimensional thermoelectricity in graphene and related 2D materials is promising and constitutes a possible route to push forward this exciting ﬁeld.","2018-07","2021-07-13 12:01:35","2021-07-13 12:01:35","2021-07-13 12:01:35","188-196","","","101","","Physica E: Low-dimensional Systems and Nanostructures","Low-dimensional thermoelectricity in graphene","","","","","","","en","","","","","DOI.org (Crossref)","","","","C:\Users\abed-al-baset.taleb\Zotero\storage\7L3FWR5P\Molina-Valdovinos et al. - 2018 - Low-dimensional thermoelectricity in graphene The.pdf","","","","","","","","","","","","","","","","","","","","","","","","","","","","","","","","","","","","","","","","","","","","","","","","",""
"RRFBBZZY","journalArticle","2021","Bao, Wenlong; Wang, Zhaoliang; Chen, Guofu","Substrate effect and temperature dependence of thermal transport characteristics in GaN-based graphene","International Journal of Heat and Mass Transfer","","00179310","10.1016/j.ijheatmasstransfer.2021.121266","https://linkinghub.elsevier.com/retrieve/pii/S0017931021003690","","2021-07","2021-07-13 12:02:10","2021-07-13 12:02:10","2021-07-13 12:02:10","121266","","","173","","International Journal of Heat and Mass Transfer","","","","","","","","en","","","","","DOI.org (Crossref)","","","","C:\Users\abed-al-baset.taleb\Zotero\storage\9J76FWJS\Bao et al. - 2021 - Substrate effect and temperature dependence of the.pdf","","","","","","","","","","","","","","","","","","","","","","","","","","","","","","","","","","","","","","","","","","","","","","","","",""
"U5BACWXP","journalArticle","","Poumirol, Jean-Marie","Étude des propriétés électroniques du graphène et des matériaux à base de graphène sous champs magnétiques intenses","","","","","","","","2021-07-15 08:33:23","2021-07-15 08:33:24","","166","","","","","","","","","","","","","fr","","","","","Zotero","","","","C:\Users\abed-al-baset.taleb\Zotero\storage\VFABECXI\Poumirol - Étude des propriétés électroniques du graphène et .pdf","","","","","","","","","","","","","","","","","","","","","","","","","","","","","","","","","","","","","","","","","","","","","","","","",""
"CAZRMHKH","journalArticle","2008","Varchon, François","Propriétés électroniques et structurales du graphène sur carbure de silicium","","","","","","","2008","2021-07-15 08:49:20","2021-07-15 08:49:20","","100","","","","","","","","","","","","","fr","","","","","Zotero","","","","C:\Users\abed-al-baset.taleb\Zotero\storage\9LHP2HEB\Varchon - 2008 - Propriétés électroniques et structurales du graphè.pdf","","","","","","","","","","","","","","","","","","","","","","","","","","","","","","","","","","","","","","","","","","","","","","","","",""
"FMNUC5Z5","journalArticle","2012","Watanabe, Eiichiro; Conwill, Arolyn; Tsuya, Daiju; Koide, Yasuo","Low contact resistance metals for graphene based devices","Diamond and Related Materials","","09259635","10.1016/j.diamond.2012.01.019","https://linkinghub.elsevier.com/retrieve/pii/S0925963512000295","In order to search a guideline to prepare low-resistance ohmic contacts to graphene by depositing a single metal element, the contact resistance (RC) is measured by a transmission line method (TLM) for a variety of metals (Ti, Ag, Co, Cr, Fe, Ni, and Pd) contacting to the graphene channel. To obtain the precise RC value, we fabricate a deﬁned rectangular graphene channel and a TLM pattern with uniform interface area and channel width. The RC value as small as 700 ± 500 Ωμm for Ti contact is obtained, which is smaller than the value reported previously. In addition, we ﬁnd that the RC is not strongly related to the metal work function and is signiﬁcantly affected by the microstructure of the metals. We conclude that the chemical cleaning and the control of the microstructure of the metal ﬁlms are essential for preparing the low-resistance ohmic contact to achieve the direct contact between the metal and the graphene.","2012-04","2021-07-16 13:55:33","2021-07-16 13:55:33","2021-07-16 13:55:33","171-174","","","24","","Diamond and Related Materials","","","","","","","","en","","","","","DOI.org (Crossref)","","","","C:\Users\abed-al-baset.taleb\Zotero\storage\9E8A2A34\Watanabe et al. - 2012 - Low contact resistance metals for graphene based d.pdf","","","","","","","","","","","","","","","","","","","","","","","","","","","","","","","","","","","","","","","","","","","","","","","","",""
"DSM4REGB","journalArticle","2011","Fuchs, Jean-Noël; Goerbig, Mark Oliver; Plaçais, Bernard","Le graphène: Quand la mécanique quantique rencontre la relativité dans un trait de crayon","Reflets de la physique","","1953-793X, 2102-6777","10.1051/refdp/2011254","http://www.refletsdelaphysique.fr/10.1051/refdp/2011254","","2011-07","2021-07-17 22:26:00","2021-07-17 22:26:00","2021-07-17 22:26:00","4-9","","25","","","Reflets phys.","Le graphène","","","","","","","fr","","","","","DOI.org (Crossref)","","","","C:\Users\abed-al-baset.taleb\Zotero\storage\B8QSDTJ4\Fuchs et al. - 2011 - Le graphène Quand la mécanique quantique rencontr.pdf","","","","","","","","","","","","","","","","","","","","","","","","","","","","","","","","","","","","","","","","","","","","","","","","",""
"ZE3KR993","journalArticle","","Bali, Dr Gunnar S; Strunk, Dr Christoph; Bäumner, Dr Antje J; Huber, Dr Rupert","Vorsitzender: 1. Gutachter: 2. Gutachterin: weiterer Prüfer:","","","","","","","","2021-07-17 22:55:16","2021-07-17 22:55:16","","101","","","","","","","","","","","","","en","","","","","Zotero","","","","C:\Users\abed-al-baset.taleb\Zotero\storage\QK6VFSCX\Bali et al. - Vorsitzender 1. Gutachter 2. Gutachterin weiter.pdf","","","","","","","","","","","","","","","","","","","","","","","","","","","","","","","","","","","","","","","","","","","","","","","","",""
"6JVIEQWR","journalArticle","2010","Patel, Aavishkar A.; Mukerjee, Subroto","Theromelectricity in Graphene: Effects of a gap and magnetic fields","arXiv:1009.2343 [cond-mat]","","","","http://arxiv.org/abs/1009.2343","We calculate the thermopower of monolayer graphene in various circumstances. First we show that experiments on the thermopower of graphene can be understood quantitatively with a very simple model of screening in the semiclassical limit. We can calculate the energy dependent scattering time for this model exactly. We then consider acoustic phonon scattering which might be the operative scattering mechanism in free standing films, and predict that the thermopower will be linear in any induced gap in the system. Further, the thermopower peaks at the same value of chemical potential (tunable by gate voltage) independent of the gap. Finally, we show that in the semiclassical approximation, the thermopower in a magnetic field saturates at high field to a value which can be calculated exactly and is independent of the details of the scattering. This effect might be observable experimentally.","2010-09-13","2021-08-03 12:33:51","2021-08-03 12:33:51","2021-08-03 12:33:51","","","","","","","Theromelectricity in Graphene","","","","","","","en","","","","","arXiv.org","","arXiv: 1009.2343","","C:\Users\abed-al-baset.taleb\Zotero\storage\BGYNYWPI\Patel et Mukerjee - 2010 - Theromelectricity in Graphene Effects of a gap an.pdf","","","Condensed Matter - Materials Science","","","","","","","","","","","","","","","","","","","","","","","","","","","","","","","","","","","","","","","","","","","","","",""
"C2LR3YAY","journalArticle","2016","Cao, Thi Thanh; Nguyen, Van Chuc; Nguyen, Hai Binh; Bui, Hung Thang; Vu, Thi Thu; Phan, Ngoc Hong; Phan, Bach Thang; Hoang, Le; Bayle, Maxime; Paillet, Matthieu; Sauvajol, Jean Louis; Phan, Ngoc Minh; Tran, Dai Lam","Fabrication of few-layer graphene film based field effect transistor and its application for trace-detection of herbicide atrazine","Advances in Natural Sciences: Nanoscience and Nanotechnology","","2043-6262","10.1088/2043-6262/7/3/035007","https://iopscience.iop.org/article/10.1088/2043-6262/7/3/035007","We describe the fabrication of highly sensitive graphene-based ﬁeld effect transistor (FET) enzymatic biosensor for trace-detection of atrazine. The few-layers graphene ﬁlms were prepared on polycrystalline copper foils by atmospheric pressure chemical vapor deposition method using an argon/hydrogen/methane mixture. The characteristics of graphene ﬁlms were investigated by scanning electron microscopy, transmission electron microscopy and Raman spectroscopy. The results indicated low uniformity of graphene layers, which is probably induced by heterogeneous distribution of graphene nucleation sites on the Cu surface. The pesticide detection is accomplished through the measurement of the drain-source current variations of the FET sensor upon the urea enzymatic hydrolysis reaction. The obtained biosensor is able to detect atrazine with a sensitivity of 56 μA/logCATZ in range between 2 × 10−4 and 20 ppb and has a limit of detection as low as 0.05 ppt. The elaboration of such highly sensitive biosensors will provide better biosensing performances for the detection of biochemical targets.","2016-08-01","2021-08-27 19:06:10","2021-08-27 19:06:10","2021-08-27 19:06:10","035007","","3","7","","Adv. Nat. Sci: Nanosci. Nanotechnol.","","","","","","","","en","","","","","DOI.org (Crossref)","","","","C:\Users\abed-al-baset.taleb\Zotero\storage\M8375HH2\Cao et al. - 2016 - Fabrication of few-layer graphene film based field.pdf","","","","","","","","","","","","","","","","","","","","","","","","","","","","","","","","","","","","","","","","","","","","","","","","",""
"MGAL7R4W","thesis","2016","Chaitoglou, Stefanos","Growth Study and Characterization of Single Layer Graphene Structures Deposited on Copper Substrate by Chemical Vapor Deposition","","","","","http://www.tdx.cat/handle/10803/400402","Graphene was first isolated from graphite using the method called the tape by scientists at the University of Manchester (Andre Geim, Konstantin Novoselov); such work was later awarded the Nobel Prize in Physics (2010) highlighting its innovative contribution. Still, the method of the tape or mechanical exfoliation can not provide larger domains graphene some hundred micrometers. different technologies that could promote the synthesis of continuous layers of graphene large area in order to boost the potential for large-scale applications were needed. Synthesis chemical vapor deposition (CVD) on various metal substrates is probably the method that meets the above requirements.   In the CVD technique, a precursor gas is introduced into a carbon furnace where the metal substrate is placed. The gas molecule decomposes and the carbon atoms are deposited on the metal surface. There are different factors that affect the growth of graphene: the selection of the metal substrate and the thickness thereof; the growth temperature, pressure and partial pressures of the precursor gas carbon / hydrogen / argon; and finally, the growth time.   Considering the synthesis of graphene, the aim of the thesis lies present new experiments and results that demonstrate the effect of H2 partial pressure, through PCH4 / PH2 ratio between gas flows, on the growth of crystals dimensional graphene and morphology. To do this, we have designed an experimental methodology consisting of three experiments:   1) Application of a hydrogen plasma to reduce the copper substrate, rather than the regular process in the presence of hydrogen.   2) In relation to the growth of graphene, we propose an optimization experiment to determine control factors for a single continuous layer of graphene and graphene large single crystal domains.   3) intended to identify the role of partial pressure ratio, <PH2> / <PCH4>, and gas flow of hydrogen and methane have conducted experiments varying these parameters.","2016-11-11","2021-09-07 13:40:22","2021-09-07 13:40:22","2021-09-07 13:40:22","","","","","","","","","","","","Universitat de Barcelona","","eng","Open Access","Ph.D. Thesis","","","www.tdx.cat","","Accepted: 2017-02-15T14:50:25Z Publication Title: TDX (Tesis Doctorals en Xarxa)","","C:\Users\abed-al-baset.taleb\Zotero\storage\TU2J3A44\Chaitoglou - 2016 - Growth Study and Characterization of Single Layer .pdf; C:\Users\abed-al-baset.taleb\Zotero\storage\B3HEQKFL\400402.html","","","53; Chemical vapor deposition; Deposició química en fase vapor; Deposición química de vapores; Grafè; Grafeno; Graphene","","","","","","","","","","","","","","","","","","","","","","","","","","","","","","","","","","","","","","","","","","","","","",""
"HUQ53R9K","webpage","","","Real-time detection of mercury ions in water using a reduced graphene oxide/DNA field-effect transistor with assistance of a passivation layer | Elsevier Enhanced Reader","","","","","https://reader.elsevier.com/reader/sd/pii/S2214180415300106?token=E90C1FC6FC5F58727BED7D14E9491EFF82982D04F1451D72F74E9C2DEB611A4ACF8F47B4115C3D83D998FA0F205DF1A9&originRegion=eu-west-1&originCreation=20210914140243","","","2021-09-14 14:04:00","2021-09-14 14:04:00","2021-09-14 14:04:00","","","","","","","","","","","","","","en","","","","","","","DOI: 10.1016/j.sbsr.2015.07.009","","C:\Users\abed-al-baset.taleb\Zotero\storage\UYT4S2QC\S2214180415300106.html","","","","","","","","","","","","","","","","","","","","","","","","","","","","","","","","","","","","","","","","","","","","","","","","",""
"VIRYDF2Q","journalArticle","2021","Bungon, Theodore; Haslam, Carrie; Damiati, Samar; O’Driscoll, Benjamin; Whitley, Toby; Davey, Paul; Siligardi, Giuliano; Charmet, Jerome; Awan, Shakil A.","Graphene FET Sensors for Alzheimer’s Disease Protein Biomarker Clusterin Detection","Frontiers in Molecular Biosciences","","2296-889X","10.3389/fmolb.2021.651232","https://www.frontiersin.org/articles/10.3389/fmolb.2021.651232/full","We report on the fabrication and characterisation of graphene ﬁeld-effect transistor (GFET) biosensors for the detection of Clusterin, a prominent protein biomarker of Alzheimer’s disease (AD). The GFET sensors were fabricated on Si/SiO2 substrate using photolithographic patterning and metal lift-off techniques with evaporated chromium and sputtered gold contacts. Raman Spectroscopy was performed on the devices to determine the quality of the graphene. The GFETs were annealed to improve their performance before the channels were functionalized by immobilising the graphene surface with linker molecules and anti-Clusterin antibodies. Concentration of linker molecules was also independently veriﬁed by absorption spectroscopy using the highly collimated micro-beam light of Diamond B23 beamline. The detection was achieved through the binding reaction between the antibody and varying concentrations of Clusterin antigen from 1 to 100 pg/mL, as well as speciﬁcity tests using human chorionic gonadotropin (hCG), a glycoprotein risk biomarker of certain cancers. The GFETs were characterized using direct current (DC) 4-probe electrical resistance (4PER) measurements, which demonstrated a limit of detection of the biosensors to be ∼ 300 fg/mL (4 fM). Comparison with back-gated Dirac voltage shifts with varying concentration of Clusterin show 4-PER measurements to be more accurate, at present, and point to a requirement for further optimisation of the fabrication processes for our next generation of GFET sensors. Thus, we have successfully fabricated a promising set of GFET biosensors for the detection of Clusterin protein biomarker. The developed GFET biosensors are entirely generic and also have the potential to be applied to a variety of other disease detection applications such as Parkinson’s, cancer, and cardiovascular.","2021-03-26","2021-09-16 10:10:30","2021-09-16 10:10:30","2021-09-16 10:10:30","651232","","","8","","Front. Mol. Biosci.","","","","","","","","en","","","","","DOI.org (Crossref)","","","","C:\Users\abed-al-baset.taleb\Zotero\storage\AVUFTVRD\Bungon et al. - 2021 - Graphene FET Sensors for Alzheimer’s Disease Prote.pdf","","","","","","","","","","","","","","","","","","","","","","","","","","","","","","","","","","","","","","","","","","","","","","","","",""
"QDZY3DI6","journalArticle","","Ramnani, Pankaj Ghanshyam","Chemical and Environmental Engineering","","","","","","","","2021-09-17 09:33:40","2021-09-17 09:33:40","","157","","","","","","","","","","","","","en","","","","","Zotero","","","","C:\Users\abed-al-baset.taleb\Zotero\storage\QBISGMQ7\Ramnani - Chemical and Environmental Engineering.pdf","","","","","","","","","","","","","","","","","","","","","","","","","","","","","","","","","","","","","","","","","","","","","","","","",""
"HQ38LXBK","journalArticle","","Mensah, Kokoura","Détection d’acides nucléiques avec un réseau de transistors à effet de champ à base de graphène","","","","","","This work focuses on using graphene field effect transistors (GFETs) arrays for electronic detection of DNA hybridization. In the first part, we employ fluorescence based detection to study some parameters that influence DNA hybridization, such as temperature, buffer ionic strength, probe and target concentrations and hybridization duration. Conditions for DNA hybridization have been optimized by this technique.","","2021-09-17 14:52:30","2021-09-17 14:52:30","","119","","","","","","","","","","","","","fr","","","","","Zotero","","","","C:\Users\abed-al-baset.taleb\Zotero\storage\XRWI642A\Mensah - Détection d’acides nucléiques avec un réseau de tr.pdf","","","","","","","","","","","","","","","","","","","","","","","","","","","","","","","","","","","","","","","","","","","","","","","","",""
"MRFP395G","journalArticle","2011","Wang, Yu; Zheng, Yi; Xu, Xiangfan; Dubuisson, Emilie; Bao, Qiaoliang; Lu, Jiong; Loh, Kian Ping","Electrochemical Delamination of CVD-Grown Graphene Film: Toward the Recyclable Use of Copper Catalyst","ACS Nano","","1936-0851, 1936-086X","10.1021/nn203700w","https://pubs.acs.org/doi/10.1021/nn203700w","The separation of chemical vapor deposited (CVD) graphene from the metallic catalyst it is grown on, followed by a subsequent transfer to a dielectric substrate, is currently the adopted method for device fabrication. Most transfer techniques use a chemical etching method to dissolve the metal catalysts, thus imposing high material cost in large-scale fabrication. Here, we demonstrate a highly eﬃcient, nondestructive electrochemical route for the delamination of CVD graphene ﬁlm from metal surfaces. The electrochemically delaminated graphene ﬁlms are continuous over 95% of the surface and exhibit increasingly better electronic quality after several growth cycles on the reused copper catalyst, due to the suppression of quasi-periodical nanoripples induced by copper step edges. The electrochemical delamination process aﬀords the advantages of high eﬃciency, low-cost recyclability, and minimal use of etching chemicals.","2011-12-27","2021-09-24 09:43:09","2021-09-24 09:43:09","2021-09-24 09:43:09","9927-9933","","12","5","","ACS Nano","Electrochemical Delamination of CVD-Grown Graphene Film","","","","","","","en","","","","","DOI.org (Crossref)","","","","C:\Users\abed-al-baset.taleb\Zotero\storage\HMP29XIW\Wang et al. - 2011 - Electrochemical Delamination of CVD-Grown Graphene.pdf","","","","","","","","","","","","","","","","","","","","","","","","","","","","","","","","","","","","","","","","","","","","","","","","",""
"ALNVXMZ3","journalArticle","2017","Maity, Arnab; Sui, Xiaoyu; Tarman, Chad R.; Pu, Haihui; Chang, Jingbo; Zhou, Guihua; Ren, Ren; Mao, Shun; Chen, Junhong","Pulse-Driven Capacitive Lead Ion Detection with Reduced Graphene Oxide Field-Effect Transistor Integrated with an Analyzing Device for Rapid Water Quality Monitoring","ACS Sensors","","2379-3694, 2379-3694","10.1021/acssensors.7b00496","https://pubs.acs.org/doi/10.1021/acssensors.7b00496","Rapid and real-time detection of heavy metals in water with a portable microsystem is a growing demand in the ﬁeld of environmental monitoring, food safety, and future cyberphysical infrastructure. Here, we report a novel ultrasensitive pulse-driven capacitance-based lead ion sensor using selfassembled graphene oxide (GO) monolayer deposition strategy to recognize the heavy metal ions in water. The overall ﬁeld-eﬀect transistor (FET) structure consists of a thermally reduced graphene oxide (rGO) channel with a thin layer of Al2O3 passivation as a top gate combined with sputtered gold nanoparticles that link with the glutathione (GSH) probe to attract Pb2+ ions in water. Using a preprogrammed microcontroller, chemo-capacitance based detection of lead ions has been demonstrated with this FET sensor. With a rapid response (∼1−2 s) and negligible signal drift, a limit of detection (LOD) < 1 ppb and excellent selectivity (with a sensitivity to lead ions 1 order of magnitude higher than that of interfering ions) can be achieved for Pb2+ measurements. The overall assay time (∼10 s) for background water stabilization followed by lead ion testing and calculation is much shorter than common FET resistance/current measurements (∼minutes) and other conventional methods, such as optical and inductively coupled plasma methods (∼hours). An approximate linear operational range (5−20 ppb) around 15 ppb (the maximum contaminant limit by US Environmental Protection Agency (EPA) for lead in drinking water) makes it especially suitable for drinking water quality monitoring. The validity of the pulse method is conﬁrmed by quantifying Pb2+ in various real water samples such as tap, lake, and river water with an accuracy ∼75%. This capacitance measurement strategy is promising and can be readily extended to various FET-based sensor devices for other targets.","2017-11-22","2021-09-27 13:45:38","2021-09-27 13:45:38","2021-09-27 13:45:38","1653-1661","","11","2","","ACS Sens.","","","","","","","","en","","","","","DOI.org (Crossref)","","","","C:\Users\abed-al-baset.taleb\Zotero\storage\RNKY9LSQ\Maity et al. - 2017 - Pulse-Driven Capacitive Lead Ion Detection with Re.pdf","","","","","","","","","","","","","","","","","","","","","","","","","","","","","","","","","","","","","","","","","","","","","","","","",""
"9QYMWQBN","journalArticle","2021","Mandal, Naresh; Pakira, Victor; Samanta, Nirmalya; Das, Naren; Chakraborty, Suman; Pramanick, Bidhan; RoyChaudhuri, Chirasree","PSA detection using label free graphene FET with coplanar electrodes based microfluidic point of care diagnostic device","Talanta","","00399140","10.1016/j.talanta.2020.121581","https://linkinghub.elsevier.com/retrieve/pii/S0039914020308729","Affordable point-of-care (PoC) diagnostic devices enable detection of prostate specific antigen (PSA) in resource limited settings. Despite the advancements in PoC systems, most of the reported methods for PSA detection have unsatisfactory detection limits and are based on labelled assays, requiring multiple reagent flow steps which increases both expenses and inconvenience. Circumventing these constraints, we report here the development and validation of a label free, affordable dielectrophoresis (DEP) based graphene field effect transistor (FET) sensor implemented using coplanar electrodes and integrated uniquely with a compact disc based microfluidic platform along with electronics readout for the estimation of PSA at the point of care. Design of coplanar gate electrode which has not been explored earlier is not a straightforward approach. In fact, it has been observed that there is a non-monotonic dependence of the capture of PSA molecules in the channel region of the FET with varying widths and spacings of the gate electrode. The graphene FET based PoC device with optimized coplanar gate electrode is the only label free analytical system for PSA detection requiring simple operation and achieving a detection limit of 1 pg/ml in serum with a wide dynamic range upto 4 ng/ml and appreciable selectivity against potential interferents like bovine serum albumin (BSA) and human immunoglobulin G (IgG). Further, it has been validated satisfactorily with commercially available existing systems using human serum samples. Moreover, the proposed sensing system lowers the detection limit by three orders of magnitude compared to a recent study on label free PoC device on other cancer biomarkers.","2021-01","2021-09-27 15:05:50","2021-09-27 15:05:50","2021-09-27 15:05:50","121581","","","222","","Talanta","","","","","","","","en","","","","","DOI.org (Crossref)","","","","C:\Users\abed-al-baset.taleb\Zotero\storage\KCE7ZLYA\Mandal et al. - 2021 - PSA detection using label free graphene FET with c.pdf","","","","","","","","","","","","","","","","","","","","","","","","","","","","","","","","","","","","","","","","","","","","","","","","",""
"ZSLCVYRB","journalArticle","2020","Roberts, Akanksha; Chauhan, Neha; Islam, Saurav; Mahari, Subhasis; Ghawri, Bhaskar; Gandham, Ravi Kumar; Majumdar, S. S.; Ghosh, Arindam; Gandhi, Sonu","Graphene functionalized field-effect transistors for ultrasensitive detection of Japanese encephalitis and Avian influenza virus","Scientific Reports","","2045-2322","10.1038/s41598-020-71591-w","https://www.nature.com/articles/s41598-020-71591-w","Abstract                            Graphene, a two-dimensional nanomaterial, has gained immense interest in biosensing applications due to its large surface-to-volume ratio, and excellent electrical properties. Herein, a compact and user-friendly graphene field effect transistor (GraFET) based ultrasensitive biosensor has been developed for detecting Japanese Encephalitis Virus (JEV) and Avian Influenza Virus (AIV). The novel sensing platform comprised of carboxy functionalized graphene on Si/SiO               2               substrate for covalent immobilization of monoclonal antibodies of JEV and AIV. The bioconjugation and fabrication process of GraFET was characterized by various biophysical techniques such as Ultraviolet–Visible (UV–Vis), Raman, Fourier-Transform Infrared (FT-IR) spectroscopy, optical microscopy, Scanning Electron Microscopy (SEM) and Atomic Force Microscopy (AFM). The change in the resistance due to antigen–antibody interaction was monitored in real time to evaluate the electrical response of the sensors. The sensors were tested in the range of 1 fM to 1 μM for both JEV and AIV antigens, and showed a limit of detection (LOD) upto 1 fM and 10 fM for JEV and AIV respectively under optimised conditions. Along with ease of fabrication, the GraFET devices were highly sensitive, specific, reproducible, and capable of detecting ultralow levels of JEV and AIV antigen. Moreover, these devices can be easily integrated into miniaturized FET-based real-time sensors for the rapid, cost-effective, and early Point of Care (PoC) diagnosis of JEV and AIV.","2020-12","2021-09-28 13:24:34","2021-09-28 13:24:34","2021-09-28 13:24:34","14546","","1","10","","Sci Rep","","","","","","","","en","","","","","DOI.org (Crossref)","","","","C:\Users\abed-al-baset.taleb\Zotero\storage\TG65G2SM\Roberts et al. - 2020 - Graphene functionalized field-effect transistors f.pdf","","","","","","","","","","","","","","","","","","","","","","","","","","","","","","","","","","","","","","","","","","","","","","","","",""
"GUF558RJ","journalArticle","2014","You, Xueqiu; Pak, James Jungho","Graphene-based field effect transistor enzymatic glucose biosensor using silk protein for enzyme immobilization and device substrate","Sensors and Actuators B: Chemical","","09254005","10.1016/j.snb.2014.04.079","https://linkinghub.elsevier.com/retrieve/pii/S0925400514004900","A silk ﬁbroin-encapsulated graphene ﬁeld effect transistor (FET) enzymatic biosensor that utilizes silk protein as both device substrate and enzyme immobilization material was developed for glucose detection. This biosensor detected glucose levels by measuring the differential drain-source current and the Dirac point shift of the graphene transistor as the glucose is oxidized by glucose oxidase that was immobilized in silk ﬁbroin ﬁlm on the graphene FET. The fabricated biosensors showed 0.1–10 mM large linear detection range, which covers the reference range of medical examination for diabetes diagnostics. The detection limit of the fabricated biosensors was approximately 0.1 mM (S/N = 3) with excellent selectivity, and the average sensitivity was 2.5 ␮A/mM measured at Vds = 100 mV and Vg = 0 V. Because this ﬁbroinencapsulated graphene FET enzymatic biosensor is biocompatible, ﬂexible, and long-term stable, it holds a great promise for portable, wearable, and implantable continuous glucose monitoring applications.","2014-10","2021-09-28 13:31:16","2021-09-28 13:31:16","2021-09-28 13:31:16","1357-1365","","","202","","Sensors and Actuators B: Chemical","","","","","","","","en","","","","","DOI.org (Crossref)","","","","C:\Users\abed-al-baset.taleb\Zotero\storage\NVX3AW8M\You et Pak - 2014 - Graphene-based field effect transistor enzymatic g.pdf","","","","","","","","","","","","","","","","","","","","","","","","","","","","","","","","","","","","","","","","","","","","","","","","",""
"88DRE6BI","journalArticle","2011","Liang, Xuelei; Sperling, Brent A.; Calizo, Irene; Cheng, Guangjun; Hacker, Christina Ann; Zhang, Qin; Obeng, Yaw; Yan, Kai; Peng, Hailin; Li, Qiliang; Zhu, Xiaoxiao; Yuan, Hui; Hight Walker, Angela R.; Liu, Zhongfan; Peng, Lian-mao; Richter, Curt A.","Toward Clean and Crackless Transfer of Graphene","ACS Nano","","1936-0851, 1936-086X","10.1021/nn203377t","https://pubs.acs.org/doi/10.1021/nn203377t","We present the results of a thorough study of wet chemical methods for transferring chemical vapor deposition grown graphene from the metal growth substrate to a device-compatible substrate. On the basis of these results, we have developed a “modiﬁed RCA clean” transfer method that has much better control of both contamination and crack formation and does not degrade the quality of the transferred graphene. Using this transfer method, high device yields, up to 97%, with a narrow device performance metrics distribution were achieved. This demonstration addresses an important step toward large-scale graphene-based electronic device applications.","2011-11-22","2021-10-15 14:23:16","2021-10-15 14:23:16","2021-10-15 14:23:16","9144-9153","","11","5","","ACS Nano","","","","","","","","en","","","","","DOI.org (Crossref)","","","","C:\Users\abed-al-baset.taleb\Zotero\storage\CZUWUZQ5\Liang et al. - 2011 - Toward Clean and Crackless Transfer of Graphene.pdf","","","","","","","","","","","","","","","","","","","","","","","","","","","","","","","","","","","","","","","","","","","","","","","","",""
"VZXWWXAH","journalArticle","2021","Zhuang, Bozhong; Li, Shiyun; Li, Siyang; Yin, Jun","Ways to eliminate PMMA residues on graphene —— superclean graphene","Carbon","","00086223","10.1016/j.carbon.2020.11.047","https://linkinghub.elsevier.com/retrieve/pii/S000862232031126X","Graphene as a promising 2D material has been widely studied due to its unique properties. Transferring CVD graphene to other substrates from its original metal foil is important for its practical application. However, the removal of PMMA that is commonly used as the supporting mediator during the transferring process is troublesome, because PMMA molecules disturb the essential properties of graphene and conventional acetone treatment fails to completely remove PMMA from graphene surface. Thermal annealing treatments are earliest to be put into cleaning PMMA residues, while plasma and ion beam treatment generally have a higher cleaning efﬁciency. Light treatment is relatively mild compared to other techniques, and relies on the interaction between speciﬁc material and contaminants. Mechanical treatments can simply reach signiﬁcant cleaning effect and enjoy a bright future. In this review, we summarize the current methods to reduce PMMA residues in detail, and their mechanisms behind are discussed systematically.","2021-03","2021-10-21 12:03:50","2021-10-21 12:03:50","2021-10-21 12:03:50","609-636","","","173","","Carbon","","","","","","","","en","","","","","DOI.org (Crossref)","","","","C:\Users\abed-al-baset.taleb\Zotero\storage\JBHFGKBI\Zhuang et al. - 2021 - Ways to eliminate PMMA residues on graphene —— sup.pdf","","","","","","","","","","","","","","","","","","","","","","","","","","","","","","","","","","","","","","","","","","","","","","","","",""
"9DGXWSHC","journalArticle","2013","Yu Wang, Yung; Burke, Peter J.","A large-area and contamination-free graphene transistor for liquid-gated sensing applications","Applied Physics Letters","","0003-6951, 1077-3118","10.1063/1.4816764","http://aip.scitation.org/doi/10.1063/1.4816764","","2013-07-29","2021-10-25 07:34:57","2021-10-25 07:34:57","2021-10-25 07:34:57","052103","","5","103","","Appl. Phys. Lett.","","","","","","","","en","","","","","DOI.org (Crossref)","","","","C:\Users\abed-al-baset.taleb\Zotero\storage\EPMQ2EZT\Yu Wang et Burke - 2013 - A large-area and contamination-free graphene trans.pdf","","","","","","","","","","","","","","","","","","","","","","","","","","","","","","","","","","","","","","","","","","","","","","","","",""
"FJLD29I8","journalArticle","2009","Dan, Yaping; Lu, Ye; Kybert, Nicholas J.; Luo, Zhengtang; Johnson, A. T. Charlie","Intrinsic Response of Graphene Vapor Sensors","Nano Letters","","1530-6984, 1530-6992","10.1021/nl8033637","https://pubs.acs.org/doi/10.1021/nl8033637","Graphene is a two-dimensional material with extremely favorable chemical sensor properties. Conventional nanolithography typically leaves a resist residue on the graphene surface, whose impact on the sensor characteristics has not yet been determined. Here we show that the contamination layer chemically dopes the graphene, enhances carrier scattering, and acts as an absorbent layer that concentrates analyte molecules at the graphene surface, thereby enhancing the sensor response. We demonstrate a cleaning process that veriﬁably removes the contamination on the device structure and allows the intrinsic chemical responses of the graphene monolayer to be measured. These intrinsic responses are surprisingly small, even upon exposure to strong analytes such as ammonia vapor.","2009-04-08","2021-10-25 07:36:13","2021-10-25 07:36:14","2021-10-25 07:36:13","1472-1475","","4","9","","Nano Lett.","","","","","","","","en","","","","","DOI.org (Crossref)","","","","C:\Users\abed-al-baset.taleb\Zotero\storage\HUBRMM87\Dan et al. - 2009 - Intrinsic Response of Graphene Vapor Sensors.pdf","","","","","","","","","","","","","","","","","","","","","","","","","","","","","","","","","","","","","","","","","","","","","","","","",""
"9WDIWU58","journalArticle","2012","He, Qiyuan; Wu, Shixin; Yin, Zongyou; Zhang, Hua","Graphene-based electronic sensors","Chemical Science","","2041-6520, 2041-6539","10.1039/c2sc20205k","http://xlink.rsc.org/?DOI=c2sc20205k","","2012","2021-11-04 10:20:02","2021-11-04 10:20:02","2021-11-04 10:20:02","1764","","6","3","","Chem. Sci.","","","","","","","","en","","","","","DOI.org (Crossref)","","","","C:\Users\abed-al-baset.taleb\Zotero\storage\6VK8X7HM\He et al. - 2012 - Graphene-based electronic sensors.pdf","","","","","","","","","","","","","","","","","","","","","","","","","","","","","","","","","","","","","","","","","","","","","","","","",""
"5XRI8D7M","journalArticle","2011","Huang, Xiao; Yin, Zongyou; Wu, Shixin; Qi, Xiaoying; He, Qiyuan; Zhang, Qichun; Yan, Qingyu; Boey, Freddy; Zhang, Hua","Graphene-Based Materials: Synthesis, Characterization, Properties, and Applications","Small","","1613-6829","10.1002/smll.201002009","https://onlinelibrary.wiley.com/doi/abs/10.1002/smll.201002009","Graphene, a two-dimensional, single-layer sheet of sp2 hybridized carbon atoms, has attracted tremendous attention and research interest, owing to its exceptional physical properties, such as high electronic conductivity, good thermal stability, and excellent mechanical strength. Other forms of graphene-related materials, including graphene oxide, reduced graphene oxide, and exfoliated graphite, have been reliably produced in large scale. The promising properties together with the ease of processibility and functionalization make graphene-based materials ideal candidates for incorporation into a variety of functional materials. Importantly, graphene and its derivatives have been explored in a wide range of applications, such as electronic and photonic devices, clean energy, and sensors. In this review, after a general introduction to graphene and its derivatives, the synthesis, characterization, properties, and applications of graphene-based materials are discussed.","2011","2021-11-08 14:25:13","2021-11-08 14:25:13","2021-11-08 14:25:13","1876-1902","","14","7","","","Graphene-Based Materials","","","","","","","en","","","","","Wiley Online Library","","_eprint: https://onlinelibrary.wiley.com/doi/pdf/10.1002/smll.201002009","","C:\Users\abed-al-baset.taleb\Zotero\storage\EVY9SU39\Huang et al. - 2011 - Graphene-Based Materials Synthesis, Characterizat.pdf; C:\Users\abed-al-baset.taleb\Zotero\storage\N4CGPXFR\smll.html","","","graphene; clean energy; devices; graphene oxide; reduced graphene oxide; sensors","","","","","","","","","","","","","","","","","","","","","","","","","","","","","","","","","","","","","","","","","","","","","",""
"NNXCCVZH","journalArticle","2014","Zhan, Beibei; Li, Chen; Yang, Jun; Jenkins, Gareth; Huang, Wei; Dong, Xiaochen","Graphene Field-Effect Transistor and Its Application for Electronic Sensing","Small","","1613-6829","10.1002/smll.201400463","https://onlinelibrary.wiley.com/doi/abs/10.1002/smll.201400463","Graphene, because of its excellent mechanical, electrical, chemical, physical properties, sparked great interest to develop and extend its applications. Particularly, graphene based field-effect transistors (GFETs) present exciting and bright prospects for sensing applications due to their greatly higher sensitivity and stronger selectivity. This Review highlights a selection of important topics pertinent to GFETs and their application in electronic sensors. This article begins with a description of the fabrications and characterizations of GFETs, and then introduces the new developments in physical, chemical, and biological electronic detection using GFETs. Finally, several perspective and current challenges of GFETs development are presented, and some proposals are suggested for further development and exploration.","2014","2021-11-10 10:08:32","2021-11-10 10:08:32","2021-11-10 10:08:32","4042-4065","","20","10","","","","","","","","","","en","","","","","Wiley Online Library","","_eprint: https://onlinelibrary.wiley.com/doi/pdf/10.1002/smll.201400463","","C:\Users\abed-al-baset.taleb\Zotero\storage\WT6DH4F3\Zhan et al. - 2014 - Graphene Field-Effect Transistor and Its Applicati.pdf; C:\Users\abed-al-baset.taleb\Zotero\storage\WSKKJEXL\smll.html","","","graphene; field-effect transistors; sensing","","","","","","","","","","","","","","","","","","","","","","","","","","","","","","","","","","","","","","","","","","","","","",""
"LD3N83LW","journalArticle","2019","Son, B. H.; Ahn, Y. H.","Efficient Large-Scale Removal of Poly(methyl methacrylate) Layers by Using a Methyl Isobutyl Ketone Solution","Journal of the Korean Physical Society","","0374-4884, 1976-8524","10.3938/jkps.75.817","http://link.springer.com/10.3938/jkps.75.817","","2019-11","2021-11-15 14:08:57","2021-11-15 14:08:57","2021-11-15 14:08:57","817-820","","10","75","","J. Korean Phys. Soc.","","","","","","","","en","","","","","DOI.org (Crossref)","","","","C:\Users\abed-al-baset.taleb\Zotero\storage\KBVHMG63\Son et Ahn - 2019 - Efficient Large-Scale Removal of Poly(methyl metha.pdf","","","","","","","","","","","","","","","","","","","","","","","","","","","","","","","","","","","","","","","","","","","","","","","","",""
"PATPMIRX","webpage","","","PII: S0167-9317(02)00468-9 | Elsevier Enhanced Reader","","","","","https://reader.elsevier.com/reader/sd/pii/S0167931702004689?token=34EB3A671D190D8F4697B53308454F9EE6D02734AD7E46643E1F4DB7A7BE35205761E34BD5A7CF0DC1248AA0420809AC&originRegion=eu-west-1&originCreation=20211125130344","","","2021-11-25 13:04:03","2021-11-25 13:04:03","2021-11-25 13:04:03","","","","","","","PII","","","","","","","en","","","","","","","DOI: 10.1016/S0167-9317(02)00468-9","","C:\Users\abed-al-baset.taleb\Zotero\storage\UEQY84F7\S0167931702004689.html","","","","","","","","","","","","","","","","","","","","","","","","","","","","","","","","","","","","","","","","","","","","","","","","",""
"VMJ34A7T","journalArticle","2011","Mao, Shun; Yu, Kehan; Lu, Ganhua; Chen, Junhong","Highly sensitive protein sensor based on thermally-reduced graphene oxide field-effect transistor","Nano Research","","1998-0124, 1998-0000","10.1007/s12274-011-0148-3","http://link.springer.com/10.1007/s12274-011-0148-3","We report the fabrication of a highly sensitive field-effect transistor (FET) biosensor using thermally-reduced graphene oxide (TRGO) sheets functionalized with gold nanoparticle (NP)–antibody conjugates. Probe antibody was labeled on the surface of TRGO sheets through Au NPs and electrical detection of protein binding (Immunoglobulin G/IgG and anti-Immunoglobulin G/anti-IgG) was accomplished by FET and direct current (dc) measurements. The protein binding events induced significant changes in the resistance of the TRGO sheet, which is referred to as the sensor response. The dependence of the sensor response on the TRGO base resistance in the sensor and the antibody areal density on the TRGO sheet was systematically studied, from which a correlation of the sensor response with sensor parameters was found: the sensor response was more significant with larger TRGO base resistance and higher antibody areal density. The detection limit of the novel biosensor was around the 0.2 ng/mL level, which is among the best of reported carbon nanomaterial-based protein sensors and can be further optimized by tuning the sensor structure.","2011-10","2021-12-17 09:57:53","2021-12-17 09:57:53","2021-12-17 09:57:53","921-930","","10","4","","Nano Res.","","","","","","","","en","","","","","DOI.org (Crossref)","","","","C:\Users\abed-al-baset.taleb\Zotero\storage\AQ6FBP2J\Mao et al. - 2011 - Highly sensitive protein sensor based on thermally.pdf","","","","","","","","","","","","","","","","","","","","","","","","","","","","","","","","","","","","","","","","","","","","","","","","",""
"L3XZGMX6","journalArticle","2017","Son, B. H.; Kim, H. S.; Jeong, H.; Park, Ji-Yong; Lee, Soonil; Ahn, Y. H.","Electron beam induced removal of PMMA layer used for graphene transfer","Scientific Reports","","2045-2322","10.1038/s41598-017-18444-1","http://www.nature.com/articles/s41598-017-18444-1","","2017-12","2021-12-21 15:14:01","2021-12-21 15:14:01","2021-12-21 15:14:01","18058","","1","7","","Sci Rep","","","","","","","","en","","","","","DOI.org (Crossref)","","","","C:\Users\abed-al-baset.taleb\Zotero\storage\3KFKTZNW\Son et al. - 2017 - Electron beam induced removal of PMMA layer used f.pdf","","","","","","","","","","","","","","","","","","","","","","","","","","","","","","","","","","","","","","","","","","","","","","","","",""
"C5SWFNH4","journalArticle","2015","Deokar, G.; Avila, J.; Razado-Colambo, I.; Codron, J.-L.; Boyaval, C.; Galopin, E.; Asensio, M.-C.; Vignaud, D.","Towards high quality CVD graphene growth and transfer","Carbon","","00086223","10.1016/j.carbon.2015.03.017","https://linkinghub.elsevier.com/retrieve/pii/S0008622315002134","Among the different graphene synthesis methods, chemical vapor deposition of graphene on low cost copper foil shows great promise for large scale applications. Here, we present growth experiments to obtain high quality graphene and its clean transfer onto any substrates. Bilayer-free monolayer graphene was obtained by a careful pre-annealing step and by optimizing the H2 ﬂow during growth. The as-grown graphene was transferred using an improved wet chemical graphene transfer process. Some major ﬂaws in the conventional wet chemical, polymethyl methacrylate (PMMA) assisted, graphene transfer process are addressed. The transferred graphene on arbitrary substrates was found to be free of metallic contaminants, defects (cracks, holes or folds caused by water trapped beneath graphene) and PMMA residues. The high quality of the transferred graphene was further evidenced by angle resolved photoelectron spectroscopy studies, for which the linear dependency of the electronic band structure characteristic of graphene was measured at the Dirac point. This is the ﬁrst Dirac cone observation on the CVD grown graphene transferred on some 3D bulk substrate.","2015-08","2021-12-21 15:21:52","2021-12-21 15:21:52","2021-12-21 15:21:52","82-92","","","89","","Carbon","","","","","","","","en","","","","","DOI.org (Crossref)","","","","C:\Users\abed-al-baset.taleb\Zotero\storage\Y3YERDUS\Deokar et al. - 2015 - Towards high quality CVD graphene growth and trans.pdf","","","","","","","","","","","","","","","","","","","","","","","","","","","","","","","","","","","","","","","","","","","","","","","","",""
"YQAPRUYP","journalArticle","2020","Choi, Jae Hong; Lee, Junghyun; Byeon, Mirang; Hong, Tae Eun; Park, Hyesung; Lee, Chang Young","Graphene-Based Gas Sensors with High Sensitivity and Minimal Sensor-to-Sensor Variation","ACS Applied Nano Materials","","2574-0970, 2574-0970","10.1021/acsanm.9b02378","https://pubs.acs.org/doi/10.1021/acsanm.9b02378","Graphene as an atom-thick carbon material is promising for the detection of gaseous molecules owing to extremely high surface-to-volume ratio. However, the majority of graphene-based gas sensors, prepared by chemical vapor deposition (CVD), have suﬀered from non-uniformity in their responses. Such a high sensor-to-sensor variation in responses has not been systematically studied, limiting application of graphene gas sensors. Here we report processes that lead to a highly sensitive and uniform graphene gas sensor. We examined four types of graphene sensors by varying two conditions: (1) whether or not there is a carbon precursor while cooling down the reactor after graphene synthesis and (2) whether poly(methyl methacrylate) (PMMA), a polymer for transferring the graphene onto another substrate, is removed by annealing at high temperature or by rinsing with acetone. Using 5 ppm dimethyl methylphosphonate (DMMP), a nerve agent simulant, as a model analyte, we found that uniform responses are obtained by cooling down the reactor without carbon precursor and by removing PMMA by annealing. Additional heat treatment of the graphene in air greatly enhances the sensitivity, regardless of the synthesis conditions, by removing residual PMMA and impurities from the graphene surface. The uniform graphene sensors enabled us to ﬁnd that the edge-to-surface ratio of graphene does not aﬀect sensitivity, whereas noise increases at higher edge-to-surface ratio. Our study presents a design rule for fabricating sensitive and uniform graphene gas sensors, which may facilitate their applications in detecting a broad range of analytes.","2020-03-27","2022-01-03 09:52:32","2022-01-03 09:52:32","2022-01-03 09:52:32","2257-2265","","3","3","","ACS Appl. Nano Mater.","","","","","","","","en","","","","","DOI.org (Crossref)","","","","C:\Users\abed-al-baset.taleb\Zotero\storage\BTDIGLXK\Choi et al. - 2020 - Graphene-Based Gas Sensors with High Sensitivity a.pdf","","","","","","","","","","","","","","","","","","","","","","","","","","","","","","","","","","","","","","","","","","","","","","","","",""
"MAASPBQ9","journalArticle","2019","Yan, Xin; Wu, Yanan; Li, Rui; Shi, Chengqian; Moro, Ramiro; Ma, Yanqing; Ma, Lei","High-Performance UV-Assisted NO <sub>2</sub> Sensor Based on Chemical Vapor Deposition Graphene at Room Temperature","ACS Omega","","2470-1343, 2470-1343","10.1021/acsomega.9b00935","https://pubs.acs.org/doi/10.1021/acsomega.9b00935","Nitrogen dioxide (NO2) is one of the most dangerous air pollutants that can aﬀect human health even at the ppb (part per billion) level. Thus, the superior sensing performance of nitrogen dioxide gas sensors is an imperative for realtime environmental monitoring. Traditional solid-state sensors based on metal-oxide transistors have the drawbacks of high power consumption, high operating temperature, poor selectivity, and diﬃcult integration with other electronics. In that respect, graphene-based gas sensors have been extensively studied as potential replacements. However, their advantages of high sensing eﬃciency, low power consumption, and simple electronic integration have been countered by their slow response and poor repeatability. Here, we report the fabrication of high-performance ultraviolet (UV)-assisted room temperature NO2 sensors based on chemical vapor deposition-grown graphene. UV irradiation improves the response of the sensor sevenfold with respect to the dark condition attaining 26% change in resistance at 100 ppm NO2 concentration with a practical detection limit below 1 ppm (42.18 ppb). In addition, the recovery time was shortened ﬁvefold to a few minutes and the excellent repeatability. This work may provide a promising and practical method to mass produce room-temperature NO2 gas sensors for real-time environment monitoring due to its simple fabrication process, low cost, and practicality.","2019-09-03","2022-01-03 09:56:57","2022-01-03 09:56:57","2022-01-03 09:56:57","14179-14187","","10","4","","ACS Omega","","","","","","","","en","","","","","DOI.org (Crossref)","","","","C:\Users\abed-al-baset.taleb\Zotero\storage\YAJN58U8\Yan et al. - 2019 - High-Performance UV-Assisted NO 2 Senso.pdf","","","","","","","","","","","","","","","","","","","","","","","","","","","","","","","","","","","","","","","","","","","","","","","","",""
"VXTKCPTU","journalArticle","2021","Béraud, Anouk; Sauvage, Madline; Bazán, Claudia M.; Tie, Monique; Bencherif, Amira; Bouilly, Delphine","Graphene field-effect transistors as bioanalytical sensors: design, operation and performance","The Analyst","","0003-2654, 1364-5528","10.1039/D0AN01661F","http://xlink.rsc.org/?DOI=D0AN01661F","Changes in the electrical conductance of graphene field-effect transistors (GFETs) are used to perform quantitative analyses of biologically-relevant molecules such as DNA, proteins, ions and small molecules.           ,                             Graphene field-effect transistors (GFETs) are emerging as bioanalytical sensors, in which their responsive electrical conductance is used to perform quantitative analyses of biologically-relevant molecules such as DNA, proteins, ions and small molecules. This review provides a detailed evaluation of reported approaches in the design, operation and performance assessment of GFET biosensors. We first dissect key design elements of these devices, along with most common approaches for their fabrication. We compare possible modes of operation of GFETs as sensors, including transfer curves, output curves and time series as well as their integration in real-time or               a posteriori               protocols. Finally, we review performance metrics reported for the detection and quantification of bioanalytes, and discuss limitations and best practices to optimize the use of GFETs as bioanalytical sensors.","2021","2022-01-12 14:37:41","2022-01-12 14:37:41","2022-01-12 14:37:41","403-428","","2","146","","Analyst","Graphene field-effect transistors as bioanalytical sensors","","","","","","","en","","","","","DOI.org (Crossref)","","","","C:\Users\abed-al-baset.taleb\Zotero\storage\BWL7CPGQ\Béraud et al. - 2021 - Graphene field-effect transistors as bioanalytical.pdf","","","","","","","","","","","","","","","","","","","","","","","","","","","","","","","","","","","","","","","","","","","","","","","","",""
"QCFMB8CJ","journalArticle","2016","Zhu, Jieyi; Niu, Fuzhou; Zhu, Changan; Yang, Jie; Xi, Ning","Graphene-Based FET Detector for <i>E. coli</i> K12 Real-Time Monitoring and Its Theoretical Analysis","Journal of Sensors","","1687-725X, 1687-7268","10.1155/2016/4641398","http://www.hindawi.com/journals/js/2016/4641398/","This paper presents a theoretical analysis for a graphene-based FET real-time detector of the target bacteria               E. coli               K12. The motivation for this study is to design a sensor device for detection of bacteria in food and water in order to guarantee food safety. Graphene is chosen as our material for sensor design, which has outstanding electrical, physical, and optical performance. In our sensor structure, graphene-based solution gate field effect transistor (FET) is the device model; fabrication and functionalization protocol are presented together in this paper. What is more, a real-time signal display system is the accompanied equipment for our designed biosensor device. In this system, the sensor bias current signal                                                                                               I                                                                 d                       s                                                                                       would change obviously when the target bacteria are attached to the sensor surface. And the bias current                                                                                               I                                                                 d                       s                                                                                       increases when the               E. coli               concentration increases. In the latter part, a theoretical interpretation of the sensor signal is to explain the bias current                                                                                               I                                                                 d                       s                                                                                       increasing after the               E. coli               K12 attachment.","2016","2022-02-23 14:13:27","2022-02-23 14:13:27","2022-02-23 14:13:27","1-9","","","2016","","Journal of Sensors","","","","","","","","en","","","","","DOI.org (Crossref)","","","","C:\Users\abed-al-baset.taleb\Zotero\storage\DG2QRHJG\Zhu et al. - 2016 - Graphene-Based FET Detector for E. coli K12.pdf","","","","","","","","","","","","","","","","","","","","","","","","","","","","","","","","","","","","","","","","","","","","","","","","",""
"VU8HIS8B","journalArticle","2022","Tyagi, Ayush; Mišeikis, Vaidotas; Martini, Leonardo; Forti, Stiven; Mishra, Neeraj; Gebeyehu, Zewdu M.; Giambra, Marco A.; Zribi, Jihene; Frégnaux, Mathieu; Aureau, Damien; Romagnoli, Marco; Beltram, Fabio; Coletti, Camilla","Ultra-clean high-mobility graphene on technologically relevant substrates","Nanoscale","","2040-3364, 2040-3372","10.1039/D1NR05904A","http://xlink.rsc.org/?DOI=D1NR05904A","2-step chemical cleaning allows enhanced removal of polymeric residues from the surface of graphene, leading to significantly improved electrical and morphological properties.           ,                             Graphene grown               via               chemical vapour deposition (CVD) on copper foil has emerged as a high-quality, scalable material, that can be easily integrated on technologically relevant platforms to develop promising applications in the fields of optoelectronics and photonics. Most of these applications require low-contaminated high-mobility graphene (               i.e.               , approaching 10 000 cm               2               V               −1               s               −1               at room temperature) to reduce device losses and implement compact device design. To date, these mobility values are only obtained when suspending or encapsulating graphene. Here, we demonstrate a rapid, facile, and scalable cleaning process, that yields high-mobility graphene directly on the most common technologically relevant substrate: silicon dioxide on silicon (SiO               2               /Si). Atomic force microscopy (AFM) and spatially-resolved X-ray photoelectron spectroscopy (XPS) demonstrate that this approach is instrumental to rapidly eliminate most of the polymeric residues which remain on graphene after transfer and fabrication and that have adverse effects on its electrical properties. Raman measurements show a significant reduction of graphene doping and strain. Transport measurements of 50 Hall bars (HBs) yield hole mobility               μ               h               up to ∼9000 cm               2               V               −1               s               −1               and electron mobility               μ               e               up to ∼8000 cm               2               V               −1               s               −1               , with average values               μ               h               ∼ 7500 cm               2               V               −1               s               −1               and               μ               e               ∼ 6300 cm               2               V               −1               s               −1               . The carrier mobility of ultraclean graphene reaches values nearly double than those measured in graphene processed with acetone cleaning, which is the method widely adopted in the field. Notably, these mobility values are obtained over large-scale and without encapsulation, thus paving the way to the adoption of graphene in optoelectronics and photonics.","2022","2022-03-18 10:06:13","2022-03-18 10:06:13","2022-03-18 10:06:13","2167-2176","","6","14","","Nanoscale","","","","","","","","en","","","","","DOI.org (Crossref)","","","","C:\Users\abed-al-baset.taleb\Zotero\storage\UI74KE7H\Tyagi et al. - 2022 - Ultra-clean high-mobility graphene on technologica.pdf","","","","","","","","","","","","","","","","","","","","","","","","","","","","","","","","","","","","","","","","","","","","","","","","",""
"VVXY295U","journalArticle","2007","Calizo, I.; Balandin, A. A.; Bao, W.; Miao, F.; Lau, C. N.","Temperature Dependence of the Raman Spectra of Graphene and Graphene Multilayers","Nano Letters","","1530-6984, 1530-6992","10.1021/nl071033g","https://pubs.acs.org/doi/10.1021/nl071033g","We investigated the temperature dependence of the frequency of G peak in the Raman spectra of graphene on Si/SiO2 substrates. The microRaman spectroscopy was carried out under the 488 nm laser excitation over the temperature range from −190 to +100 °C. The extracted value of the temperature coefficient of G mode of graphene is χ ) −0.016 cm-1/°C for the single layer and χ ) −0.015 cm-1/°C for the bilayer. The obtained results shed light on the anharmonic properties of graphene.","2007-09-01","2022-05-19 07:55:38","2022-05-19 07:55:39","2022-05-19 07:55:38","2645-2649","","9","7","","Nano Lett.","","","","","","","","en","","","","","DOI.org (Crossref)","","","","C:\Users\abed-al-baset.taleb\Zotero\storage\FXG7HCYU\Calizo et al. - 2007 - Temperature Dependence of the Raman Spectra of Gra.pdf","","","","","","","","","","","","","","","","","","","","","","","","","","","","","","","","","","","","","","","","","","","","","","","","",""
"FED3TNHL","journalArticle","2011","Bartolomeo, Antonio Di; Giubileo, Filippo; Santandrea, Salvatore; Romeo, Francesco; Citro, Roberta; Schroeder, Thomas; Lupina, Grzegorz","Charge transfer and partial pinning at the contacts as the origin of a double dip in the transfer characteristics of graphene-based field-effect transistors","Nanotechnology","","0957-4484, 1361-6528","10.1088/0957-4484/22/27/275702","https://iopscience.iop.org/article/10.1088/0957-4484/22/27/275702","We discuss the origin of an additional dip other than the charge neutrality point observed in transfer characteristics of graphene-based field-effect transistors. The double-dip is proved to arise from charge transfer between graphene and metal electrodes, while charge storage at the graphene/SiO2 interface enhances it. Considering different Fermi energy from the neutrality point along the channel and partial charge pinning at the contacts, we propose a model which explains all features in gate voltage loops.","2011-07-08","2022-09-16 13:50:49","2022-09-16 13:50:49","2022-09-16 13:50:49","275702","","27","22","","Nanotechnology","","","","","","","","en","","","","","DOI.org (Crossref)","","","","C:\Users\abed-al-baset.taleb\Zotero\storage\IZSIM7WZ\Bartolomeo et al. - 2011 - Charge transfer and partial pinning at the contact.pdf","","","","","","","","","","","","","","","","","","","","","","","","","","","","","","","","","","","","","","","","","","","","","","","","",""
"8SXCTA9J","journalArticle","2009","Dan, Yaping; Lu, Ye; Kybert, Nicholas J.; Luo, Zhengtang; Johnson, A. T. Charlie","Intrinsic Response of Graphene Vapor Sensors","Nano Letters","","1530-6984, 1530-6992","10.1021/nl8033637","https://pubs.acs.org/doi/10.1021/nl8033637","Graphene is a two-dimensional material with extremely favorable chemical sensor properties. Conventional nanolithography typically leaves a resist residue on the graphene surface, whose impact on the sensor characteristics has not yet been determined. Here we show that the contamination layer chemically dopes the graphene, enhances carrier scattering, and acts as an absorbent layer that concentrates analyte molecules at the graphene surface, thereby enhancing the sensor response. We demonstrate a cleaning process that veriﬁably removes the contamination on the device structure and allows the intrinsic chemical responses of the graphene monolayer to be measured. These intrinsic responses are surprisingly small, even upon exposure to strong analytes such as ammonia vapor.","2009-04-08","2022-09-06 12:53:13","2022-09-06 12:53:13","2022-09-06 12:53:13","1472-1475","","4","9","","Nano Lett.","","","","","","","","en","","","","","DOI.org (Crossref)","","","","C:\Users\abed-al-baset.taleb\Zotero\storage\5IZIC9L5\Dan et al. - 2009 - Intrinsic Response of Graphene Vapor Sensors.pdf","","","","","","","","","","","","","","","","","","","","","","","","","","","","","","","","","","","","","","","","","","","","","","","","",""
"LEVG4KN9","journalArticle","2019","Sri Selvarajan, Reena; Azlan Hamzah, Azrul; Yusof, Norliana; Yeop Majlis, Burhanuddin","Channel length scaling and electrical characterization of graphene field effect transistor (GFET)","Indonesian Journal of Electrical Engineering and Computer Science","","2502-4760, 2502-4752","10.11591/ijeecs.v15.i2.pp697-703","http://ijeecs.iaescore.com/index.php/IJEECS/article/view/18625","The exclusive monoatomic framework of graphene makes it as an alluring material to be implemented in electronic devices. Thus, using graphene as charge carrying conducting channel material in Field Effect Transistors (FET) expedites the opportunities for production of ultrasensitive biosensors for future device applications. However, performance of GFET is influenced by various parameters, particularly by the length of conducting channel. Therefore, in this study we have investigated channel length scaling in performance of graphene field effect transistor (GFET) via simulation technique using Lumerical DEVICE software. The performance was analyzed based on electrical characterization of GFET with long and short conducting channels. It proves that conducting channel lengths have vast effect on ambipolar curve where short channel induces asymmetry in transfer characteristics curve where the n-branch is suppressed. Whereas for output characteristics, the performance of GFET heavily degraded as the channel length is reduced in short channels of GFET. Therefore, channel length scaling is a vital parameter in determining the performance of GFET in various fields, particularly in biosensing applications for ultrasensitive detection.","2019-08-01","2022-06-29 14:34:53","2022-06-29 14:34:53","2022-06-29 14:34:53","697","","2","15","","IJEECS","","","","","","","","en","","","","","DOI.org (Crossref)","","","","C:\Users\abed-al-baset.taleb\Zotero\storage\NEG6LQBD\Sri Selvarajan et al. - 2019 - Channel length scaling and electrical characteriza.pdf","","","","","","","","","","","","","","","","","","","","","","","","","","","","","","","","","","","","","","","","","","","","","","","","",""
"4K6TDK95","journalArticle","2013","Kumar, Pushpendra; Kumar Singh, Arun; Hussain, Sajjad; Nam Hui, Kwun; San Hui, Kwan; Eom, Jonghwa; Jung, Jongwan; Singh, Jai","Graphene: Synthesis, Properties and Application in Transparent Electronic Devices","Reviews in Advanced Sciences and Engineering","","21579121, 2157913X","10.1166/rase.2013.1043","http://openurl.ingenta.com/content/xref?genre=article&issn=2157-9121&volume=2&issue=4&spage=238","Recently, two-dimensional (2D) nanomaterials have received huge attention because of their attractiveness for use in many electronic and optoelectronic devices. Graphene is the two-dimensional basic building block for carbon allotropes of any dimensionality, such as graphite, nanotubes and fullerenes. As we know, transparent electrodes are an important component in many modern electronic devices such as touch screen, liquid crystal display (LCD), light-emitting diode (LED) and solar cells. In addition, all of electronic appliances are growing in demand too much fast due to the rapid industrialization and growing human population. Right now, this role has been well used by doped metal oxide materials; most common are tin doped indium oxide (ITO) and ﬂuorine doped tin oxide (FTO). In recent years many other transparent conducting materials (TCM) have also been developed such as carbon nanotubes (CNTs), graphene, metal nanowires and nanoparticles. Among the all these TCM, graphene has received greater attention due to advantages over other materials because of its very high electrical conductivity, optical transparency and ﬂexibility. The ﬂexibility of graphene-based devices goes beyond conventional transistor circuits and includes ﬂexible and transparent electronics, optoelectronics, sensors, electromechanical systems, and energy technologies. This review article will explore the production of graphene by different methods, properties of graphene and also analyze the application in transparent conducting electronic devices.","2013-12-01","2022-06-29 12:25:29","2022-06-29 12:25:29","2022-06-29 12:25:29","238-258","","4","2","","Rev Adv Sci Engng","Graphene","","","","","","","en","","","","","DOI.org (Crossref)","","","","C:\Users\abed-al-baset.taleb\Zotero\storage\DCP747VS\Kumar et al. - 2013 - Graphene Synthesis, Properties and Application in.pdf","","","","","","","","","","","","","","","","","","","","","","","","","","","","","","","","","","","","","","","","","","","","","","","","",""
"TYIY7C9R","journalArticle","2013","Fregonese, Sebastien; Magallo, Maura; Maneux, Cristell; Happy, Henri; Zimmer, Thomas","Scalable Electrical Compact Modeling for Graphene FET Transistors","IEEE Transactions on Nanotechnology","","1536-125X, 1941-0085","10.1109/TNANO.2013.2257832","http://ieeexplore.ieee.org/document/6497529/","A new scalable electrical compact model for the Graphene FET devices is proposed. Starting from Thiele’s quasianalytical model, the equations are modiﬁed to be now compatible with SPICE-like circuit simulation. Compared to Meric et al. model, the charge model is improved. This large signal model has been implemented in Verilog-A code and can be used for simulation in a standard circuit design environment such as Cadence or ADS. This model has been veriﬁed using different measurements from the literature, and furthermore, its scalability has also been demonstrated.","2013-07","2022-06-29 11:40:07","2022-06-29 11:40:07","2022-06-29 11:40:07","539-546","","4","12","","IEEE Trans. Nanotechnology","","","","","","","","en","","","","","DOI.org (Crossref)","","","","C:\Users\abed-al-baset.taleb\Zotero\storage\A4RWTBQA\Fregonese et al. - 2013 - Scalable Electrical Compact Modeling for Graphene .pdf","","","","","","","","","","","","","","","","","","","","","","","","","","","","","","","","","","","","","","","","","","","","","","","","",""
"TBEJNA9P","journalArticle","2014","Rodriguez, Saul; Vaziri, Sam; Smith, Anderson; Fregonese, Sebastien; Ostling, Mikael; Lemme, Max C.; Rusu, Ana","A Comprehensive Graphene FET Model for Circuit Design","IEEE Transactions on Electron Devices","","0018-9383, 1557-9646","10.1109/TED.2014.2302372","http://arxiv.org/abs/1310.1940","During the last years, Graphene based Field Effect Transistors (GFET) have shown outstanding RF performance; therefore, they have attracted considerable attention from the electronic devices and circuits communities. At the same time, analytical models that predict the electrical characteristics of GFETs have evolved rapidly. These models, however, have a complexity level that can only be handled with the help of a circuit simulator. On the other hand, analog circuit designers require simple models that enable them to carry out fast handcalculations, i.e., to create circuits using small-signal hybrid-π models, calculate ﬁgures of merit, estimate gains, pole-zero positions, etc. This paper presents a comprehensive GFET model that is simple enough for being used in hand-calculations during circuit design and at the same time it is accurate enough to capture the electrical characteristics of the devices in the operating regions of interest. Closed analytical expressions are provided for the drain current ID, small-signal transconductance gain gm, output resistance ro, and parasitic capacitances Cgs and Cgd. In addition, ﬁgures of merit such as intrinsic voltage gain AV , transconductance efﬁciency gm/ID, and transit frequency fT are presented. The proposed model has been compared to a complete analytical model and also to measured data available in current literature. The results show that the proposed model follows closely to both the complete analytical model and the measured data; therefore, it can be successfully applied in the design of GFET analog circuits.","2014-04","2022-06-29 09:04:42","2022-06-29 09:04:42","2022-06-29 09:04:42","1199-1206","","4","61","","IEEE Trans. Electron Devices","","","","","","","","en","","","","","arXiv.org","","arXiv:1310.1940 [cond-mat]","","C:\Users\abed-al-baset.taleb\Zotero\storage\4TQYEW5T\Rodriguez et al. - 2014 - A Comprehensive Graphene FET Model for Circuit Des.pdf","","","Condensed Matter - Mesoscale and Nanoscale Physics","","","","","","","","","","","","","","","","","","","","","","","","","","","","","","","","","","","","","","","","","","","","","",""
"MSY7YMA3","journalArticle","2020","Hayasaka, Takeshi; Lin, Albert; Copa, Vernalyn C.; Lopez, Lorenzo P.; Loberternos, Regine A.; Ballesteros, Laureen Ida M.; Kubota, Yoshihiro; Liu, Yumeng; Salvador, Arnel A.; Lin, Liwei","An electronic nose using a single graphene FET and machine learning for water, methanol, and ethanol","Microsystems & Nanoengineering","","2055-7434","10.1038/s41378-020-0161-3","https://www.nature.com/articles/s41378-020-0161-3","The poor gas selectivity problem has been a long-standing issue for miniaturized chemical-resistor gas sensors. The electronic nose (e-nose) was proposed in the 1980s to tackle the selectivity issue, but it required top-down chemical functionalization processes to deposit multiple functional materials. Here, we report a novel gassensing scheme using a single graphene ﬁeld-effect transistor (GFET) and machine learning to realize gas selectivity under particular conditions by combining the unique properties of the GFET and e-nose concept. Instead of using multiple functional materials, the gas-sensing conductivity proﬁles of a GFET are recorded and decoupled into four distinctive physical properties and projected onto a feature space as 4D output vectors and classiﬁed to differentiated target gases by using machine-learning analyses. Our single-GFET approach coupled with trained pattern recognition algorithms was able to classify water, methanol, and ethanol vapors with high accuracy quantitatively when they were tested individually. Furthermore, the gas-sensing patterns of methanol were qualitatively distinguished from those of water vapor in a binary mixture condition, suggesting that the proposed scheme is capable of differentiating a gas from the realistic scenario of an ambient environment with background humidity. As such, this work offers a new class of gas-sensing schemes using a single GFET without multiple functional materials toward miniaturized e-noses.","2020-05-18","2022-12-07 16:43:47","2022-12-07 16:43:48","2022-12-07 16:43:47","50","","1","6","","Microsyst Nanoeng","","","","","","","","en","","","","","DOI.org (Crossref)","","","","C:\Users\abed-al-baset.taleb\Zotero\storage\DPGWFM5X\s41378-020-0161-3.pdf","","","","","","","","","","","","","","","","","","","","","","","","","","","","","","","","","","","","","","","","","","","","","","","","",""
"UGACC3R7","journalArticle","2022","Peng, Songang; Zhang, Jing; Jin, Zhi; Zhang, Dayong; Shi, Jingyuan; Wei, Shuhua","Electric-Field Induced Doping Polarity Conversion in Top-Gated Transistor Based on Chemical Vapor Deposition of Graphene","Crystals","","2073-4352","10.3390/cryst12020184","https://www.mdpi.com/2073-4352/12/2/184","The top-gated graphene ﬁeld effect transistor (GFET) with electric-ﬁeld induced doping polarity conversion has been demonstrated. The polarity of channel conductance in GFET can be transition from p-type to n-type through altering the gate electric ﬁeld scanning range. Further analysis indicates that this complementary doping is attributed to the charge exchange between graphene and interface trap sites. The oxygen vacancies in Al2O3ﬁlmare are considered to be the origin of the trap sites. The trapping–detrapping process, which may be tuned by the electric ﬁeld across the metal/oxide/graphene gate stack, could lead to the changing of the intrinsic electric property of graphene. This study promises to produce the complementary p- and n-type GFET for logic applications.","2022-01-27","2022-12-27 22:33:33","2022-12-27 22:33:33","2022-12-27 22:33:33","184","","2","12","","Crystals","","","","","","","","en","","","","","DOI.org (Crossref)","","","","C:\Users\abed-al-baset.taleb\Zotero\storage\E3E3W4JX\Peng et al. - 2022 - Electric-Field Induced Doping Polarity Conversion .pdf","","","","","","","","","","","","","","","","","","","","","","","","","","","","","","","","","","","","","","","","","","","","","","","","",""
"LKPQNAU7","journalArticle","2022","Peng, Songang; Zhang, Jing; Jin, Zhi; Zhang, Dayong; Shi, Jingyuan; Wei, Shuhua","Electric-Field Induced Doping Polarity Conversion in Top-Gated Transistor Based on Chemical Vapor Deposition of Graphene","Crystals","","2073-4352","10.3390/cryst12020184","https://www.mdpi.com/2073-4352/12/2/184","The top-gated graphene ﬁeld effect transistor (GFET) with electric-ﬁeld induced doping polarity conversion has been demonstrated. The polarity of channel conductance in GFET can be transition from p-type to n-type through altering the gate electric ﬁeld scanning range. Further analysis indicates that this complementary doping is attributed to the charge exchange between graphene and interface trap sites. The oxygen vacancies in Al2O3ﬁlmare are considered to be the origin of the trap sites. The trapping–detrapping process, which may be tuned by the electric ﬁeld across the metal/oxide/graphene gate stack, could lead to the changing of the intrinsic electric property of graphene. This study promises to produce the complementary p- and n-type GFET for logic applications.","2022-01-27","2022-12-27 22:33:46","2022-12-27 22:33:46","2022-12-27 22:33:46","184","","2","12","","Crystals","","","","","","","","en","","","","","DOI.org (Crossref)","","","","C:\Users\abed-al-baset.taleb\Zotero\storage\46G375N3\Peng et al. - 2022 - Electric-Field Induced Doping Polarity Conversion .pdf","","","","","","","","","","","","","","","","","","","","","","","","","","","","","","","","","","","","","","","","","","","","","","","","",""
"XGKHNDM9","journalArticle","2021","Capasso, Andrea; Rodrigues, João; Moschetta, Matteo; Buonocore, Francesco; Faggio, Giuliana; Messina, Giacomo; Kim, Min Jung; Kwon, Junyoung; Placidi, Ernesto; Benfenati, Fabio; Bramini, Mattia; Lee, Gwan‐Hyoung; Lisi, Nicola","Interactions between Primary Neurons and Graphene Films with Different Structure and Electrical Conductivity","Advanced Functional Materials","","1616-301X, 1616-3028","10.1002/adfm.202005300","https://onlinelibrary.wiley.com/doi/10.1002/adfm.202005300","","2021-03","2022-12-27 22:36:21","2022-12-27 22:36:21","2022-12-27 22:36:21","2005300","","11","31","","Adv. Funct. Mater.","","","","","","","","en","","","","","DOI.org (Crossref)","","","","C:\Users\abed-al-baset.taleb\Zotero\storage\56C5DVE5\Capasso et al. - 2021 - Interactions between Primary Neurons and Graphene .pdf","","","","","","","","","","","","","","","","","","","","","","","","","","","","","","","","","","","","","","","","","","","","","","","","",""
"MCJBTNUU","journalArticle","2020","Urban, Francesca; Lupina, Grzegorz; Grillo, Alessandro; Martucciello, Nadia; Di Bartolomeo, Antonio","Contact resistance and mobility in back-gate graphene transistors","Nano Express","","2632-959X","10.1088/2632-959X/ab7055","https://iopscience.iop.org/article/10.1088/2632-959X/ab7055","Abstract                            The metal-graphene contact resistance is one of the major limiting factors toward the technological exploitation of graphene in electronic devices and sensors. High contact resistance can be detrimental to device performance and spoil the intrinsic great properties of graphene. In this paper, we fabricate back-gate graphene field-effect transistors with different geometries to study the contact and channel resistance as well as the carrier mobility as a function of gate voltage and temperature. We apply the transfer length method and the y-function method showing that the two approaches can complement each other to evaluate the contact resistance and prevent artifacts in the estimation of carrier mobility dependence on the gate-voltage. We find that the gate voltage modulates both the contact and the channel resistance in a similar way but does not change the carrier mobility. We also show that raising the temperature lowers the carrier mobility, has a negligible effect on the contact resistance, and can induce a transition from a semiconducting to a metallic behavior of the graphene sheet resistance, depending on the applied gate voltage. Finally, we show that eliminating the detrimental effects of the contact resistance on the transistor channel current almost doubles the carrier field-effect mobility and that a competitive contact resistance as low as 700 Ω·               μ               m can be achieved by the zig-zag shaping of the Ni contact.","2020-06-01","2022-12-27 22:37:46","2022-12-27 22:37:46","2022-12-27 22:37:46","010001","","1","1","","Nano Ex.","","","","","","","","en","","","","","DOI.org (Crossref)","","","","C:\Users\abed-al-baset.taleb\Zotero\storage\4GRF4GTM\Urban et al. - 2020 - Contact resistance and mobility in back-gate graph.pdf","","","","","","","","","","","","","","","","","","","","","","","","","","","","","","","","","","","","","","","","","","","","","","","","",""
"DMDCHEVA","journalArticle","2021","Fu, Yongzhong; Li, Zhongxue; Wang, Quan","Investigating electrical performance and breakdown characteristic of graphene field-effect transistor with different oxides structure","Physics Letters A","","03759601","10.1016/j.physleta.2021.127139","https://linkinghub.elsevier.com/retrieve/pii/S0375960121000037","","2021-03","2022-12-27 22:38:10","2022-12-27 22:38:10","2022-12-27 22:38:10","127139","","","391","","Physics Letters A","","","","","","","","en","","","","","DOI.org (Crossref)","","","","C:\Users\abed-al-baset.taleb\Zotero\storage\3D46IJAY\Fu et al. - 2021 - Investigating electrical performance and breakdown.pdf","","","","","","","","","","","","","","","","","","","","","","","","","","","","","","","","","","","","","","","","","","","","","","","","",""
"4PX2JHYI","journalArticle","2015","Cherian, Christie Thomas; Giustiniano, Francesco; Martin-Fernandez, Iñigo; Andersen, Henrik; Balakrishnan, Jayakumar; Özyilmaz, Barbaros","‘Bubble-Free’ Electrochemical Delamination of CVD Graphene Films","Small","","16136810","10.1002/smll.201402024","https://onlinelibrary.wiley.com/doi/10.1002/smll.201402024","","2015-01","2023-01-15 22:51:17","2023-01-15 22:51:17","2023-01-15 22:51:17","189-194","","2","11","","Small","","","","","","","","en","","","","","DOI.org (Crossref)","","","","C:\Users\abed-al-baset.taleb\Zotero\storage\LYF2HKKA\Cherian et al. - 2015 - ‘Bubble-Free’ Electrochemical Delamination of CVD .pdf","","","","","","","","","","","","","","","","","","","","","","","","","","","","","","","","","","","","","","","","","","","","","","","","",""
"V4LURKD3","journalArticle","2016","Wong, Colin Hong An; Pumera, Martin","Electrochemical Delamination and Chemical Etching of Chemical Vapor Deposition Graphene: Contrasting Properties","The Journal of Physical Chemistry C","","1932-7447, 1932-7455","10.1021/acs.jpcc.6b00329","https://pubs.acs.org/doi/10.1021/acs.jpcc.6b00329","Recent advancements in chemical vapor deposition techniques for the growth of graphene have enabled access to large-area and highquality graphene ﬁlm for various applications. The key step in determining the quality of the ﬁnal graphene ﬁlms is the transfer process to desired substrates, with the goal of minimizing the amount of structural and chemical modiﬁcation to the ﬁlm. Multiple methods exist for this transfer process, with each method varying in the extent to which the graphene ﬁlm is altered. Four fundamentally diﬀerent transfer methods, including chemical etching and electrochemical delaminating, were employed to obtain graphene ﬁlms from chemical vapor deposition graphene grown on Ni foil and the resulting ﬁlms characterized using scanning electron microscopy, Raman spectroscopy, X-ray photoelectron spectroscopy, and cyclic voltammetry. These graphene ﬁlms showed noticeable diﬀerences in their material properties in terms of amount of defects and elemental purities, with a dramatic inﬂuence on the voltammetric responses of the ﬁlms toward several electrochemical probes. The choice of transfer procedure thus impacts the types of electrochemical applications that such graphene ﬁlms are suitable for.","2016-03-03","2023-01-15 22:51:28","2023-01-15 22:51:29","2023-01-15 22:51:28","4682-4690","","8","120","","J. Phys. Chem. C","Electrochemical Delamination and Chemical Etching of Chemical Vapor Deposition Graphene","","","","","","","en","","","","","DOI.org (Crossref)","","","","C:\Users\abed-al-baset.taleb\Zotero\storage\ERB7LCF7\Wong et Pumera - 2016 - Electrochemical Delamination and Chemical Etching .pdf","","","","","","","","","","","","","","","","","","","","","","","","","","","","","","","","","","","","","","","","","","","","","","","","",""
"R2CMI34Y","journalArticle","2011","Wang, Yu; Zheng, Yi; Xu, Xiangfan; Dubuisson, Emilie; Bao, Qiaoliang; Lu, Jiong; Loh, Kian Ping","Electrochemical Delamination of CVD-Grown Graphene Film: Toward the Recyclable Use of Copper Catalyst","ACS Nano","","1936-0851, 1936-086X","10.1021/nn203700w","https://pubs.acs.org/doi/10.1021/nn203700w","The separation of chemical vapor deposited (CVD) graphene from the metallic catalyst it is grown on, followed by a subsequent transfer to a dielectric substrate, is currently the adopted method for device fabrication. Most transfer techniques use a chemical etching method to dissolve the metal catalysts, thus imposing high material cost in large-scale fabrication. Here, we demonstrate a highly eﬃcient, nondestructive electrochemical route for the delamination of CVD graphene ﬁlm from metal surfaces. The electrochemically delaminated graphene ﬁlms are continuous over 95% of the surface and exhibit increasingly better electronic quality after several growth cycles on the reused copper catalyst, due to the suppression of quasi-periodical nanoripples induced by copper step edges. The electrochemical delamination process aﬀords the advantages of high eﬃciency, low-cost recyclability, and minimal use of etching chemicals.","2011-12-27","2023-01-15 22:51:32","2023-01-15 22:51:32","2023-01-15 22:51:32","9927-9933","","12","5","","ACS Nano","Electrochemical Delamination of CVD-Grown Graphene Film","","","","","","","en","","","","","DOI.org (Crossref)","","","","C:\Users\abed-al-baset.taleb\Zotero\storage\GIBA5WZD\Wang et al. - 2011 - Electrochemical Delamination of CVD-Grown Graphene.pdf","","","","","","","","","","","","","","","","","","","","","","","","","","","","","","","","","","","","","","","","","","","","","","","","",""
"GEIBIMQL","journalArticle","2020","Yang, Xiaojian; Yan, Mingdi","Removing contaminants from transferred CVD graphene","Nano Research","","1998-0124, 1998-0000","10.1007/s12274-020-2671-6","http://link.springer.com/10.1007/s12274-020-2671-6","Chemical vapor deposition (CVD) is among the most utilized techniques to fabricate single-layer graphene on a large substrate. However, the substrate is limited to very few transition metals like copper. On the other hand, many applications involving graphene require technologically relevant substrates like semiconductors and metal oxide, and therefore, a subsequent process is often needed to transfer CVD to the new substrate. As graphene is fragile, a supporting material such as a polymer film, is introduced during the transfer process. This brings unexpected challenges, the biggest of which is the complete removal of this support material without contaminating graphene. Numerous methods have been developed, each having advantages and drawbacks. This review will first introduce the classic transfer method using poly(methyl methacrylate) (PMMA) as the support material. The operating procedure and issues of PMMA residuals will be discussed. Methods to minimize/eliminate contamination will be presented, together with alternative approaches that do not require the use of PMMA.","2020-03","2023-01-16 23:53:56","2023-01-16 23:53:56","2023-01-16 23:53:56","599-610","","3","13","","Nano Res.","","","","","","","","en","","","","","DOI.org (Crossref)","","","","C:\Users\abed-al-baset.taleb\Zotero\storage\4ZEQLQ89\Yang et Yan - 2020 - Removing contaminants from transferred CVD graphen.pdf","","","","","","","","","","","","","","","","","","","","","","","","","","","","","","","","","","","","","","","","","","","","","","","","",""
"SVCIPDGF","journalArticle","","Stephenson, James Frederick John","Development of Scalable Graphene-based Electronics for Sensing Applications.","","","","","","","","2023-01-17 00:02:48","2023-01-17 00:02:48","","","","","","","","","","","","","","","en","","","","","Zotero","","","","C:\Users\abed-al-baset.taleb\Zotero\storage\9H8J9TS8\Stephenson - Development of Scalable Graphene-based Electronics.pdf","","","","","","","","","","","","","","","","","","","","","","","","","","","","","","","","","","","","","","","","","","","","","","","","",""
"ZFY8ZL8K","journalArticle","2014","Feng, Tingting; Xie, Dan; Xu, Jianlong; Zhao, Haiming; Li, Gang; Ren, Tianling; Zhu, Hongwei","Back-gate graphene field-effect transistors with double conductance minima","Carbon","","00086223","10.1016/j.carbon.2014.07.078","https://linkinghub.elsevier.com/retrieve/pii/S0008622314007295","The Dirac cone structure of the energy band of the single-layer graphene gives rise to ambipolar conduction which results from the conversion of the conductive carriers in graphene between electrons and holes under the effect of the electrical ﬁeld. Therefore, the graphene ﬁeld-effect transistor (GFET) exhibits a V-shaped transfer characteristic curve with an electron and hole conduction branch converting at a conductance minimum. However, in this paper, unique W-shaped r–Vg curve with double conductance minima instead of the typical V-shaped one is observed in GFET based on chemical vapor deposition grown graphene, demonstrating a graphene p–n junction behavior. The observation is not expected from the energy band structure of graphene and probably results from the doping effect of the metal contact on the underlying graphene, which leads to a misalignment of the Fermi level between graphene under the metal contact and in the channel area, and ultimately induces the double conductance minima because of the formation of the graphene p–n junction.","2014-11","2023-01-28 22:42:48","2023-01-28 22:42:48","2023-01-28 22:42:48","363-368","","","79","","Carbon","","","","","","","","en","","","","","DOI.org (Crossref)","","","","C:\Users\abed-al-baset.taleb\Zotero\storage\ZQJA5BB8\Feng et al. - 2014 - Back-gate graphene field-effect transistors with d.pdf","","","","","","","","","","","","","","","","","","","","","","","","","","","","","","","","","","","","","","","","","","","","","","","","",""
"72DSP926","journalArticle","2013","Wei, Peng; Liu, Nan; Lee, Hye Ryoung; Adijanto, Eric; Ci, Lijie; Naab, Benjamin D.; Zhong, Jian Qiang; Park, Jinseong; Chen, Wei; Cui, Yi; Bao, Zhenan","Tuning the Dirac Point in CVD-Grown Graphene through Solution Processed n-Type Doping with 2-(2-Methoxyphenyl)-1,3-dimethyl-2,3-dihydro-1 <i>H</i> -benzoimidazole","Nano Letters","","1530-6984, 1530-6992","10.1021/nl303410g","https://pubs.acs.org/doi/10.1021/nl303410g","","2013-05-08","2023-01-29 00:26:31","2023-01-29 00:26:31","2023-01-29 00:26:31","1890-1897","","5","13","","Nano Lett.","","","","","","","","en","","","","","DOI.org (Crossref)","","","","C:\Users\abed-al-baset.taleb\Zotero\storage\JWXQI4NT\Wei et al. - 2013 - Tuning the Dirac Point in CVD-Grown Graphene throu.pdf","","","","","","","","","","","","","","","","","","","","","","","","","","","","","","","","","","","","","","","","","","","","","","","","",""
"4282K7NS","journalArticle","1947","Wallace, P. R.","The Band Theory of Graphite","Physical Review","","0031-899X","10.1103/PhysRev.71.622","https://link.aps.org/doi/10.1103/PhysRev.71.622","","1947-05-01","2023-02-05 19:39:55","2023-02-05 19:39:55","2023-02-05 19:39:55","622-634","","9","71","","Phys. Rev.","","","","","","","","en","","","","","DOI.org (Crossref)","","","","C:\Users\abed-al-baset.taleb\Zotero\storage\SBST5RMI\Wallace - 1947 - The Band Theory of Graphite.pdf","","","","","","","","","","","","","","","","","","","","","","","","","","","","","","","","","","","","","","","","","","","","","","","","",""
"B4GYMRQT","journalArticle","1947","Wallace, Philip Richard","The band theory of graphite","Physical review","","","","","","1947","2023-02-27 10:42:46","2023-02-27 10:42:46","","622","","9","71","","","","","","","","","","","","","","","Google Scholar","","Publisher: APS","","C:\Users\abed-al-baset.taleb\Zotero\storage\DSJQNYY8\Wallace - 1947 - The band theory of graphite.pdf; C:\Users\abed-al-baset.taleb\Zotero\storage\RJ47R7F5\PhysRev.71.html","","","","","","","","","","","","","","","","","","","","","","","","","","","","","","","","","","","","","","","","","","","","","","","","",""
"FR5PCNYP","journalArticle","1993","Iijima, Sumio; Ichihashi, Toshinari","Single-shell carbon nanotubes of 1-nm diameter","nature","","","","","","1993","2023-02-27 10:41:22","2023-02-27 10:41:22","","603–605","","6430","363","","","","","","","","","","","","","","","Google Scholar","","Publisher: Nature Publishing Group UK London","","C:\Users\abed-al-baset.taleb\Zotero\storage\N9BB76HX\Iijima et Ichihashi - 1993 - Single-shell carbon nanotubes of 1-nm diameter.pdf; C:\Users\abed-al-baset.taleb\Zotero\storage\GZKG8VC6\363603a0.html","","","","","","","","","","","","","","","","","","","","","","","","","","","","","","","","","","","","","","","","","","","","","","","","",""
"365ZUSBD","journalArticle","1991","Iijima, Sumio","Helical microtubules of graphitic carbon","nature","","","","","","1991","2023-02-27 10:39:30","2023-02-27 10:39:30","","56–58","","6348","354","","","","","","","","","","","","","","","Google Scholar","","Publisher: Nature Publishing Group UK London","","C:\Users\abed-al-baset.taleb\Zotero\storage\CEUC8UKI\Iijima - 1991 - Helical microtubules of graphitic carbon.pdf; C:\Users\abed-al-baset.taleb\Zotero\storage\YYJI65VT\354056a0.html","","","","","","","","","","","","","","","","","","","","","","","","","","","","","","","","","","","","","","","","","","","","","","","","",""
"FD3GQZU5","journalArticle","1987","Kroto, H. W.","JR HEATH, SC O'BRIEN, RF CURL, AND RE SMALLEy","Astrophys. J","","","","","","1987","2023-02-27 10:37:19","2023-02-27 10:37:19","","352","","","314","","","","","","","","","","","","","","","Google Scholar","","","","C:\Users\abed-al-baset.taleb\Zotero\storage\73RFGV47\Kroto - 1987 - JR HEATH, SC O'BRIEN, RF CURL, AND RE SMALLEy.pdf","","","","","","","","","","","","","","","","","","","","","","","","","","","","","","","","","","","","","","","","","","","","","","","","",""
"8ZV9473N","book","1772","Lavoisier, Antoine Laurent","Premier mémoire sur la destruction du diamant par la feu","","","","","","","1772","2023-02-27 10:33:48","2023-02-27 10:33:48","","","","","","","","","","","","","Académie des sciences","","","","","","","Google Scholar","","","","","","","","","","","","","","","","","","","","","","","","","","","","","","","","","","","","","","","","","","","","","","","","","","","","",""
"P46HPLUA","journalArticle","1779","Scheele, C. W. K.","Versuche mit Wasserbley; Molybdaena","Sven. vetensk. Acad. Handl","","","","","","1779","2023-02-27 10:32:11","2023-02-27 10:32:11","","238","","","40","","","","","","","","","","","","","","","Google Scholar","","","","","","","","","","","","","","","","","","","","","","","","","","","","","","","","","","","","","","","","","","","","","","","","","","","","",""
"6ASELDQT","journalArticle","2009","Geim, Andre Konstantin","Graphene: status and prospects","science","","","","","","2009","2023-02-28 13:47:28","2023-02-28 13:47:28","","1530–1534","","5934","324","","","Graphene","","","","","","","","","","","","Google Scholar","","Publisher: American Association for the Advancement of Science","","C:\Users\abed-al-baset.taleb\Zotero\storage\HIYJKJYH\Geim - 2009 - Graphene status and prospects.pdf; C:\Users\abed-al-baset.taleb\Zotero\storage\4ML336UJ\science.html","","","","","","","","","","","","","","","","","","","","","","","","","","","","","","","","","","","","","","","","","","","","","","","","",""
"48FM6M54","journalArticle","2005","Zhang, Yuanbo; Tan, Yan-Wen; Stormer, Horst L.; Kim, Philip","Experimental observation of the quantum Hall effect and Berry's phase in graphene","nature","","","","","","2005","2023-02-28 13:46:25","2023-02-28 13:46:25","","201–204","","7065","438","","","","","","","","","","","","","","","Google Scholar","","Publisher: Nature Publishing Group UK London","","C:\Users\abed-al-baset.taleb\Zotero\storage\JYF3II36\nature04235.html","","","","","","","","","","","","","","","","","","","","","","","","","","","","","","","","","","","","","","","","","","","","","","","","",""
"KSI8K8CZ","journalArticle","2009","Young, Andrea F.; Kim, Philip","Quantum interference and Klein tunnelling in graphene heterojunctions","Nature Physics","","1745-2481","10.1038/nphys1198","https://www.nature.com/articles/nphys1198","The observation of oscillations in the conductance characteristics of narrow graphene p–n-junctions confirms their ability to collimate ballistic carriers. Moreover, the phase of these oscillations at low magnetic field suggests the occurrence of the perfect transmission of carriers normal to the junction as a direct result of the Klein effect.","2009-03","2023-02-28 13:45:18","2023-02-28 13:45:18","2023-02-28 13:45:18","222-226","","3","5","","Nature Phys","","","","","","","","en","2009 Nature Publishing Group","","","","www.nature.com","","Number: 3 Publisher: Nature Publishing Group","","C:\Users\abed-al-baset.taleb\Zotero\storage\RCKW9PGJ\Young et Kim - 2009 - Quantum interference and Klein tunnelling in graph.pdf","","","Atomic; Classical and Continuum Physics; Complex Systems; Condensed Matter Physics; general; Mathematical and Computational Physics; Molecular; Optical and Plasma Physics; Physics; Theoretical","","","","","","","","","","","","","","","","","","","","","","","","","","","","","","","","","","","","","","","","","","","","","",""
"LM9C5P83","journalArticle","2009","Kim, Keun Soo; Zhao, Yue; Jang, Houk; Lee, Sang Yoon; Kim, Jong Min; Kim, Kwang S.; Ahn, Jong-Hyun; Kim, Philip; Choi, Jae-Young; Hong, Byung Hee","Large-scale pattern growth of graphene films for stretchable transparent electrodes","nature","","","","","","2009","2023-02-28 13:42:56","2023-02-28 13:42:56","","706–710","","7230","457","","","","","","","","","","","","","","","Google Scholar","","Publisher: Nature Publishing Group UK London","","C:\Users\abed-al-baset.taleb\Zotero\storage\MIHLK34T\nature07719.html","","","","","","","","","","","","","","","","","","","","","","","","","","","","","","","","","","","","","","","","","","","","","","","","",""
"SGLH6FXN","journalArticle","2009","Reina, Alfonso; Jia, Xiaoting; Ho, John; Nezich, Daniel; Son, Hyungbin; Bulovic, Vladimir; Dresselhaus, Mildred S.; Kong, Jing","Large area, few-layer graphene films on arbitrary substrates by chemical vapor deposition","Nano letters","","","","","","2009","2023-02-28 13:41:16","2023-02-28 13:41:16","","30–35","","1","9","","","","","","","","","","","","","","","Google Scholar","","Publisher: ACS Publications","","C:\Users\abed-al-baset.taleb\Zotero\storage\JQ8T6Q2J\nl801827v.html","","","","","","","","","","","","","","","","","","","","","","","","","","","","","","","","","","","","","","","","","","","","","","","","",""
"83CCBY7E","journalArticle","2014","Han, Zheng; Kimouche, Amina; Kalita, Dipankar; Allain, Adrien; Arjmandi-Tash, Hadi; Reserbat-Plantey, Antoine; Marty, Laëtitia; Pairis, Sébastien; Reita, Valérie; Bendiab, Nedjma","Homogeneous optical and electronic properties of graphene due to the suppression of multilayer patches during CVD on copper foils","Advanced Functional Materials","","","","","","2014","2023-02-28 13:39:39","2023-02-28 13:39:39","","964–970","","7","24","","","","","","","","","","","","","","","Google Scholar","","Publisher: Wiley Online Library","","C:\Users\abed-al-baset.taleb\Zotero\storage\GKA9GP3L\Han et al. - 2014 - Homogeneous optical and electronic properties of g.pdf; C:\Users\abed-al-baset.taleb\Zotero\storage\6Y3ZWJX6\adfm.html","","","","","","","","","","","","","","","","","","","","","","","","","","","","","","","","","","","","","","","","","","","","","","","","",""
"GZT5Z8TA","journalArticle","2009","Li, Xuesong; Cai, Weiwei; An, Jinho; Kim, Seyoung; Nah, Junghyo; Yang, Dongxing; Piner, Richard; Velamakanni, Aruna; Jung, Inhwa; Tutuc, Emanuel","Large-area synthesis of high-quality and uniform graphene films on copper foils","science","","","","","","2009","2023-02-28 13:38:36","2023-02-28 13:38:36","","1312–1314","","5932","324","","","","","","","","","","","","","","","Google Scholar","","Publisher: American Association for the Advancement of Science","","C:\Users\abed-al-baset.taleb\Zotero\storage\QAVHAJLR\Li et al. - 2009 - Large-area synthesis of high-quality and uniform g.pdf; C:\Users\abed-al-baset.taleb\Zotero\storage\F64NIQY5\science.html","","","","","","","","","","","","","","","","","","","","","","","","","","","","","","","","","","","","","","","","","","","","","","","","",""
"95APKU8D","journalArticle","2012","Britnell, Liam; Gorbachev, Roman V.; Jalil, Rashid; Belle, Branson D.; Schedin, Fred; Katsnelson, Mikhail I.; Eaves, Laurence; Morozov, Sergey V.; Mayorov, Alexander S.; Peres, Nuno M. R.; Neto, Antonio H. Castro; Leist, Jon; Geim, Andre K.; Ponomarenko, Leonid A.; Novoselov, Kostya S.","Electron tunneling through ultrathin boron nitride crystalline barriers","Nano Letters","","1530-6992","10.1021/nl3002205","","We investigate the electronic properties of ultrathin hexagonal boron nitride (h-BN) crystalline layers with different conducting materials (graphite, graphene, and gold) on either side of the barrier layer. The tunnel current depends exponentially on the number of h-BN atomic layers, down to a monolayer thickness. Conductive atomic force microscopy scans across h-BN terraces of different thickness reveal a high level of uniformity in the tunnel current. Our results demonstrate that atomically thin h-BN acts as a defect-free dielectric with a high breakdown field. It offers great potential for applications in tunnel devices and in field-effect transistors with a high carrier density in the conducting channel.","2012-03-14","2023-02-28 13:37:31","2023-02-28 13:37:31","","1707-1710","","3","12","","Nano Lett","","","","","","","","eng","","","","","PubMed","","PMID: 22380756","","; C:\Users\abed-al-baset.taleb\Zotero\storage\28IGPQPS\Britnell et al. - 2012 - Electron tunneling through ultrathin boron nitride.pdf","http://www.ncbi.nlm.nih.gov/pubmed/22380756","","Boron Compounds; Electric Conductivity; Electron Transport; Materials Testing; Nanostructures; Particle Size; Semiconductors","","","","","","","","","","","","","","","","","","","","","","","","","","","","","","","","","","","","","","","","","","","","","",""
"QNFVK6J4","journalArticle","2008","Bolotin, Kirill I.; Sikes, K. J.; Jiang, Zhifang; Klima, M.; Fudenberg, G.; Hone, James; Kim, Phaly; Stormer, Horst L.","Ultrahigh electron mobility in suspended graphene","Solid state communications","","","","","","2008","2023-02-28 13:32:55","2023-02-28 13:32:55","","351–355","","9-10","146","","","","","","","","","","","","","","","Google Scholar","","Publisher: Elsevier","","C:\Users\abed-al-baset.taleb\Zotero\storage\JYKUL7VJ\Bolotin et al. - 2008 - Ultrahigh electron mobility in suspended graphene.pdf; C:\Users\abed-al-baset.taleb\Zotero\storage\AMZWJQM4\S0038109808001178.html","","","","","","","","","","","","","","","","","","","","","","","","","","","","","","","","","","","","","","","","","","","","","","","","",""
"LGVZMPLK","journalArticle","2005","Novoselov, K. S.; Geim, A. K.; Morozov, S. V.; Jiang, D.; Katsnelson, M. I.; Grigorieva, I. V.; Dubonos, S. V.; Firsov, A. A.","Two-dimensional gas of massless Dirac fermions in graphene","Nature","","1476-4687","10.1038/nature04233","","Quantum electrodynamics (resulting from the merger of quantum mechanics and relativity theory) has provided a clear understanding of phenomena ranging from particle physics to cosmology and from astrophysics to quantum chemistry. The ideas underlying quantum electrodynamics also influence the theory of condensed matter, but quantum relativistic effects are usually minute in the known experimental systems that can be described accurately by the non-relativistic Schrödinger equation. Here we report an experimental study of a condensed-matter system (graphene, a single atomic layer of carbon) in which electron transport is essentially governed by Dirac's (relativistic) equation. The charge carriers in graphene mimic relativistic particles with zero rest mass and have an effective 'speed of light' c* approximately 10(6) m s(-1). Our study reveals a variety of unusual phenomena that are characteristic of two-dimensional Dirac fermions. In particular we have observed the following: first, graphene's conductivity never falls below a minimum value corresponding to the quantum unit of conductance, even when concentrations of charge carriers tend to zero; second, the integer quantum Hall effect in graphene is anomalous in that it occurs at half-integer filling factors; and third, the cyclotron mass m(c) of massless carriers in graphene is described by E = m(c)c*2. This two-dimensional system is not only interesting in itself but also allows access to the subtle and rich physics of quantum electrodynamics in a bench-top experiment.","2005-11-10","2023-02-28 13:27:35","2023-02-28 13:27:35","","197-200","","7065","438","","Nature","","","","","","","","eng","","","","","PubMed","","PMID: 16281030","","; C:\Users\abed-al-baset.taleb\Zotero\storage\B5VF85SW\Novoselov et al. - 2005 - Two-dimensional gas of massless Dirac fermions in .pdf","http://www.ncbi.nlm.nih.gov/pubmed/16281030","","","","","","","","","","","","","","","","","","","","","","","","","","","","","","","","","","","","","","","","","","","","","","","",""
"GCM4XJ5T","journalArticle","2007","Blake, P.; Hill, E. W.; Castro Neto, A. H.; Novoselov, K. S.; Jiang, D.; Yang, R.; Booth, T. J.; Geim, A. K.","Making graphene visible","Applied Physics Letters","","0003-6951","10.1063/1.2768624","https://aip.scitation.org/doi/abs/10.1063/1.2768624","","2007-08-06","2023-02-28 13:26:00","2023-02-28 13:26:00","2023-02-28 13:26:00","063124","","6","91","","Appl. Phys. Lett.","","","","","","","","","","","","","aip.scitation.org (Atypon)","","Publisher: American Institute of Physics","","C:\Users\abed-al-baset.taleb\Zotero\storage\2LN2G62Y\Blake et al. - 2007 - Making graphene visible.pdf","","","","","","","","","","","","","","","","","","","","","","","","","","","","","","","","","","","","","","","","","","","","","","","","",""
"JMY4RG87","journalArticle","2008","Hass, J.; Heer, W. A. de; Conrad, E. H.","The growth and morphology of epitaxial multilayer graphene","Journal of Physics: Condensed Matter","","0953-8984","10.1088/0953-8984/20/32/323202","https://dx.doi.org/10.1088/0953-8984/20/32/323202","The electronic properties of epitaxial graphene grown on SiC have shown its potential as a viable candidate for post-CMOS electronics. However, progress in this field requires a detailed understanding of both the structure and growth of epitaxial graphene. To that end, this review will focus on the current state of epitaxial graphene research as it relates to the structure of graphene grown on SiC. We pay particular attention to the similarity and differences between graphene growth on the two polar faces, (0001) and , of hexagonal SiC. Growth techniques, subsequent morphology and the structure of the graphene/SiC interface and graphene stacking order are reviewed and discussed. Where possible the relationship between film morphology and electronic properties will also be reviewed.","2008-07","2023-02-28 13:24:24","2023-02-28 13:24:24","2023-02-28 13:24:24","323202","","32","20","","J. Phys.: Condens. Matter","","","","","","","","en","","","","","Institute of Physics","","","","","","","","","","","","","","","","","","","","","","","","","","","","","","","","","","","","","","","","","","","","","","","","","","","","",""
"CIMR626A","journalArticle","2009","Castro Neto, A. H.; Guinea, F.; Peres, N. M. R.; Novoselov, K. S.; Geim, A. K.","The electronic properties of graphene","Reviews of Modern Physics","","","10.1103/RevModPhys.81.109","https://link.aps.org/doi/10.1103/RevModPhys.81.109","This article reviews the basic theoretical aspects of graphene, a one-atom-thick allotrope of carbon, with unusual two-dimensional Dirac-like electronic excitations. The Dirac electrons can be controlled by application of external electric and magnetic fields, or by altering sample geometry and/or topology. The Dirac electrons behave in unusual ways in tunneling, confinement, and the integer quantum Hall effect. The electronic properties of graphene stacks are discussed and vary with stacking order and number of layers. Edge (surface) states in graphene depend on the edge termination (zigzag or armchair) and affect the physical properties of nanoribbons. Different types of disorder modify the Dirac equation leading to unusual spectroscopic and transport properties. The effects of electron-electron and electron-phonon interactions in single layer and multilayer graphene are also presented.","2009-01-14","2023-02-28 13:18:01","2023-02-28 13:18:01","2023-02-28 13:18:01","109-162","","1","81","","Rev. Mod. Phys.","","","","","","","","","","","","","APS","","Publisher: American Physical Society","","C:\Users\abed-al-baset.taleb\Zotero\storage\XS83X8CP\RevModPhys.81.html; C:\Users\abed-al-baset.taleb\Zotero\storage\JTRCTMFW\Castro Neto et al. - 2009 - The electronic properties of graphene.pdf","","","","","","","","","","","","","","","","","","","","","","","","","","","","","","","","","","","","","","","","","","","","","","","","",""
"5HTRR74P","journalArticle","2005","Novoselov, Kostya S.; Jiang, D.; Schedin, F.; Booth, T. J.; Khotkevich, V. V.; Morozov, S. V.; Geim, Andre K.","Two-dimensional atomic crystals","Proceedings of the National Academy of Sciences","","","","","","2005","2023-02-28 13:16:40","2023-02-28 13:16:40","","10451–10453","","30","102","","","","","","","","","","","","","","","Google Scholar","","Publisher: National Acad Sciences","","C:\Users\abed-al-baset.taleb\Zotero\storage\W2ZZJGPD\pnas.html; C:\Users\abed-al-baset.taleb\Zotero\storage\EAUXWXKZ\pnas.html","","","","","","","","","","","","","","","","","","","","","","","","","","","","","","","","","","","","","","","","","","","","","","","","",""
"5DV7TNR7","journalArticle","2004","Novoselov, Kostya S.; Geim, Andre K.; Morozov, Sergei V.; Jiang, De-eng; Zhang, Yanshui; Dubonos, Sergey V.; Grigorieva, Irina V.; Firsov, Alexandr A.","Electric field effect in atomically thin carbon films","science","","","","","","2004","2023-02-28 13:14:47","2023-02-28 13:14:47","","666–669","","5696","306","","","","","","","","","","","","","","","Google Scholar","","Publisher: American Association for the Advancement of Science","","C:\Users\abed-al-baset.taleb\Zotero\storage\VDNRCU4Z\Novoselov et al. - 2004 - Electric field effect in atomically thin carbon fi.pdf; C:\Users\abed-al-baset.taleb\Zotero\storage\LWV2JEFD\science.html","","","","","","","","","","","","","","","","","","","","","","","","","","","","","","","","","","","","","","","","","","","","","","","","",""
"LSIQPRDL","journalArticle","1974","Shelton, J. C.; Patil, H. R.; Blakely, J. M.","Equilibrium segregation of carbon to a nickel (111) surface: A surface phase transition","Surface Science","","","","","","1974","2023-02-28 13:13:21","2023-02-28 13:13:21","","493–520","","2","43","","","Equilibrium segregation of carbon to a nickel (111) surface","","","","","","","","","","","","Google Scholar","","Publisher: Elsevier","","C:\Users\abed-al-baset.taleb\Zotero\storage\RHH853HL\0039602874902726.html","","","","","","","","","","","","","","","","","","","","","","","","","","","","","","","","","","","","","","","","","","","","","","","","",""
"M7A58KPC","journalArticle","1979","Eizenberg, M.; Blakely, J. M.","Carbon monolayer phase condensation on Ni (111)","Surface Science","","","","","","1979","2023-02-28 13:11:33","2023-02-28 13:11:33","","228–236","","1","82","","","","","","","","","","","","","","","Google Scholar","","Publisher: Elsevier","","C:\Users\abed-al-baset.taleb\Zotero\storage\FJXN242C\0039602879903303.html","","","","","","","","","","","","","","","","","","","","","","","","","","","","","","","","","","","","","","","","","","","","","","","","",""
"LCXB66F3","journalArticle","1984","Semenoff, Gordon W.","Condensed-matter simulation of a three-dimensional anomaly","Physical Review Letters","","","","","","1984","2023-02-28 13:10:39","2023-02-28 13:10:39","","2449","","26","53","","","","","","","","","","","","","","","Google Scholar","","Publisher: APS","","C:\Users\abed-al-baset.taleb\Zotero\storage\8MITCNHD\Semenoff - 1984 - Condensed-matter simulation of a three-dimensional.pdf; C:\Users\abed-al-baset.taleb\Zotero\storage\AVVU7CAG\PhysRevLett.53.html","","","","","","","","","","","","","","","","","","","","","","","","","","","","","","","","","","","","","","","","","","","","","","","","",""
"TK9NNHEY","journalArticle","1956","McClure, J. W.","Diamagnetism of Graphite","Physical Review","","","10.1103/PhysRev.104.666","https://link.aps.org/doi/10.1103/PhysRev.104.666","The conduction-electron magnetic susceptibility of graphite has been calculated by using the Wallace two-dimensional band structure. The energy levels induced by the magnetic field are calculated by the method of Luttinger and Kohn, taking into account the large (in this case) effects of band-to-band transitions which are not included in the Landau-Peierls treatment. Agreement with the susceptibility observed at high temperatures is obtained with a choice of 2.6 ev for the resonance-integral parameter γ0. The details of the de Haas-van Alphen effect cannot be reproduced, indicating that a more complicated band structure is needed to account for the low-temperature experiments.","1956-11-01","2023-02-28 13:09:19","2023-02-28 13:09:19","2023-02-28 13:09:19","666-671","","3","104","","Phys. Rev.","","","","","","","","","","","","","APS","","Publisher: American Physical Society","","C:\Users\abed-al-baset.taleb\Zotero\storage\BALWPP82\PhysRev.104.html","","","","","","","","","","","","","","","","","","","","","","","","","","","","","","","","","","","","","","","","","","","","","","","","",""
"C93NEMFY","journalArticle","2010","Peres, N. M. R.","Colloquium: The transport properties of graphene: An introduction","Reviews of Modern Physics","","0034-6861, 1539-0756","10.1103/RevModPhys.82.2673","http://arxiv.org/abs/1007.2849","An introduction to the transport properties of graphene combining experimental results and theoretical analysis is presented. In the theoretical description simple intuitive models are used to illustrate important points on the transport properties of graphene. The concept of chirality, stemming from the massless Dirac nature of the low energy physics of the material, is shown to be instrumental in understanding its transport properties: the conductivity minimum, the electronic mobility, the effect of strain, the weak (anti-)localization, and the optical conductivity.","2010-09-15","2023-02-27 12:11:51","2023-02-27 12:11:51","2023-02-27 12:11:51","2673-2700","","3","82","","Rev. Mod. Phys.","Colloquium","","","","","","","en","","","","","arXiv.org","","arXiv:1007.2849 [cond-mat, physics:hep-th]","","C:\Users\abed-al-baset.taleb\Zotero\storage\233AFHH4\Peres - 2010 - Colloquium The transport properties of graphene .pdf","","","Condensed Matter - Mesoscale and Nanoscale Physics; Condensed Matter - Materials Science; High Energy Physics - Theory","","","","","","","","","","","","","","","","","","","","","","","","","","","","","","","","","","","","","","","","","","","","","",""
"FQ56J9YV","journalArticle","2009","Neto, A. H. Castro; Guinea, F.; Peres, N. M. R.; Novoselov, K. S.; Geim, A. K.","The electronic properties of graphene","Reviews of Modern Physics","","0034-6861, 1539-0756","10.1103/RevModPhys.81.109","http://arxiv.org/abs/0709.1163","This article reviews the basic theoretical aspects of graphene, a one atom thick allotrope of carbon, with unusual two-dimensional Dirac-like electronic excitations. The Dirac electrons can be controlled by application of external electric and magnetic fields, or by altering sample geometry and/or topology. We show that the Dirac electrons behave in unusual ways in tunneling, confinement, and integer quantum Hall effect. We discuss the electronic properties of graphene stacks and show that they vary with stacking order and number of layers. Edge (surface) states in graphene are strongly dependent on the edge termination (zigzag or armchair) and affect the physical properties of nanoribbons. We also discuss how different types of disorder modify the Dirac equation leading to unusual spectroscopic and transport properties. The effects of electron-electron and electron-phonon interactions in single layer and multilayer graphene are also presented.","2009-01-14","2023-02-27 12:03:09","2023-02-27 12:03:09","2023-02-27 12:03:09","109-162","","1","81","","Rev. Mod. Phys.","","","","","","","","","","","","","arXiv.org","","arXiv:0709.1163 [cond-mat]","","C:\Users\abed-al-baset.taleb\Zotero\storage\8DVYM7Q7\Neto et al. - 2009 - The electronic properties of graphene.pdf","","","Condensed Matter - Other Condensed Matter","","","","","","","","","","","","","","","","","","","","","","","","","","","","","","","","","","","","","","","","","","","","","",""
"S9YCUGFQ","journalArticle","2010","Ni, Zhen Hua; Wang, Hao Min; Luo, Zhi Qiang; Wang, Ying Ying; Yu, Ting; Wu, Yi Hong; Shen, Ze Xiang","The effect of vacuum annealing on graphene: The effect of vacuum annealing on graphene","Journal of Raman Spectroscopy","","03770486","10.1002/jrs.2485","https://onlinelibrary.wiley.com/doi/10.1002/jrs.2485","","2010-05","2023-03-02 14:20:44","2023-03-02 14:20:44","2023-03-02 14:20:44","479-483","","5","41","","J. Raman Spectrosc.","The effect of vacuum annealing on graphene","","","","","","","en","","","","","DOI.org (Crossref)","","","","C:\Users\abed-al-baset.taleb\Zotero\storage\73599ANQ\Ni et al. - 2010 - The effect of vacuum annealing on graphene The ef.pdf","","","","","","","","","","","","","","","","","","","","","","","","","","","","","","","","","","","","","","","","","","","","","","","","",""
"72MB5SLH","journalArticle","2010","Soldano, Caterina; Mahmood, Ather; Dujardin, Erik","Production, properties and potential of graphene","Carbon","","00086223","10.1016/j.carbon.2010.01.058","https://linkinghub.elsevier.com/retrieve/pii/S0008622310000928","","2010-07","2023-03-02 15:56:49","2023-03-02 15:56:49","2023-03-02 15:56:49","2127-2150","","8","48","","Carbon","","","","","","","","en","","","","","DOI.org (Crossref)","","","","C:\Users\abed-al-baset.taleb\Zotero\storage\7QZKK2R7\Soldano et al. - 2010 - Production, properties and potential of graphene.pdf","","","","","","","","","","","","","","","","","","","","","","","","","","","","","","","","","","","","","","","","","","","","","","","","",""
"5BXDL8E7","journalArticle","2012","Cooper, Daniel R.; D’Anjou, Benjamin; Ghattamaneni, Nageswara; Harack, Benjamin; Hilke, Michael; Horth, Alexandre; Majlis, Norberto; Massicotte, Mathieu; Vandsburger, Leron; Whiteway, Eric; Yu, Victor","Experimental Review of Graphene","ISRN Condensed Matter Physics","","2090-7400","10.5402/2012/501686","https://www.hindawi.com/journals/isrn/2012/501686/","This review examines the properties of graphene from an experimental perspective. The intent is to review the most important experimental results at a level of detail appropriate for new graduate students who are interested in a general overview of the fascinating properties of graphene. While some introductory theoretical concepts are provided, including a discussion of the electronic band structure and phonon dispersion, the main emphasis is on describing relevant experiments and important results as well as some of the novel applications of graphene. In particular, this review covers graphene synthesis and characterization, field-effect behavior, electronic transport properties, magnetotransport, integer and fractional quantum Hall effects, mechanical properties, transistors, optoelectronics, graphene-based sensors, and biosensors. This approach attempts to highlight both the means by which the current understanding of graphene has come about and some tools for future contributions.","2012-04-26","2023-03-02 16:01:27","2023-03-02 16:01:27","2023-03-02 16:01:27","1-56","","","2012","","ISRN Condensed Matter Physics","","","","","","","","en","","","","","DOI.org (Crossref)","","","","C:\Users\abed-al-baset.taleb\Zotero\storage\WPGUQIHM\Cooper et al. - 2012 - Experimental Review of Graphene.pdf","","","","","","","","","","","","","","","","","","","","","","","","","","","","","","","","","","","","","","","","","","","","","","","","",""
"CQ745KDV","journalArticle","2016","Wang, Tao; Huang, Da; Yang, Zhi; Xu, Shusheng; He, Guili; Li, Xiaolin; Hu, Nantao; Yin, Guilin; He, Dannong; Zhang, Liying","A Review on Graphene-Based Gas/Vapor Sensors with Unique Properties and Potential Applications","Nano-Micro Letters","","2150-5551","10.1007/s40820-015-0073-1","https://doi.org/10.1007/s40820-015-0073-1","Graphene-based gas/vapor sensors have attracted much attention in recent years due to their variety of structures, unique sensing performances, room-temperature working conditions, and tremendous application prospects, etc. Herein, we summarize recent advantages in graphene preparation, sensor construction, and sensing properties of various graphene-based gas/vapor sensors, such as NH3, NO2, H2, CO, SO2, H2S, as well as vapor of volatile organic compounds. The detection mechanisms pertaining to various gases are also discussed. In conclusion part, some existing problems which may hinder the sensor applications are presented. Several possible methods to solve these problems are proposed, for example, conceived solutions, hybrid nanostructures, multiple sensor arrays, and new recognition algorithm.","2016-04-01","2023-03-02 16:01:52","2023-03-02 16:01:52","2023-03-02 16:01:52","95-119","","2","8","","Nano-Micro Lett.","","","","","","","","en","","","","","Springer Link","","","","C:\Users\abed-al-baset.taleb\Zotero\storage\5VKTRRSH\Wang et al. - 2016 - A Review on Graphene-Based GasVapor Sensors with .pdf","","","Graphene; Chemiresistor; Detection mechanism; Gas/Vapor sensor","","","","","","","","","","","","","","","","","","","","","","","","","","","","","","","","","","","","","","","","","","","","","",""
"8P84I8XG","thesis","2020","Kilinc, Volkan; Charrier, Anne; Raimundo, Jean-Manuel","Development of organic field-effect transistor for the detection of cesium in seawater","","","","","","","2020","2023-03-03 15:30:57","2023-03-03 15:30:57","","","","","","","","","","","","","","","","","","","","http://www.theses.fr/2020AIXM0116","","","","","","","","","","","Charrier, Anne; Raimundo, Jean-Manuel","","","","","","","","","","","","","","","","","","","","","","","","","","","","","","","","","","","","","","","","","",""
"92T89CQ9","journalArticle","2006","Pop, Eric; Mann, David; Wang, Qian; Goodson, Kenneth; Dai, Hongjie","Thermal conductance of an individual single-wall carbon nanotube above room temperature","Nano letters","","","","","","2006","2023-03-03 14:44:56","2023-03-03 14:44:56","","96–100","","1","6","","","","","","","","","","","","","","","Google Scholar","","Publisher: ACS Publications","","C:\Users\abed-al-baset.taleb\Zotero\storage\WRYA9KVR\Pop et al. - 2006 - Thermal conductance of an individual single-wall c.pdf; C:\Users\abed-al-baset.taleb\Zotero\storage\UJ2Z5L9Q\nl052145f.html","","","","","","","","","","","","","","","","","","","","","","","","","","","","","","","","","","","","","","","","","","","","","","","","",""
"UJFEGGI7","journalArticle","2001","Kim, Philip; Shi, Li; Majumdar, Arun; McEuen, Paul L.","Thermal transport measurements of individual multiwalled nanotubes","Physical review letters","","","","","","2001","2023-03-03 14:43:14","2023-03-03 14:43:14","","215502","","21","87","","","","","","","","","","","","","","","Google Scholar","","Publisher: APS","","C:\Users\abed-al-baset.taleb\Zotero\storage\V2R9CUT8\Kim et al. - 2001 - Thermal transport measurements of individual multi.pdf; C:\Users\abed-al-baset.taleb\Zotero\storage\IDIFMGKB\PhysRevLett.87.html","","","","","","","","","","","","","","","","","","","","","","","","","","","","","","","","","","","","","","","","","","","","","","","","",""
"NK8BDEF2","journalArticle","2010","Cai, Weiwei; Moore, Arden L.; Zhu, Yanwu; Li, Xuesong; Chen, Shanshan; Shi, Li; Ruoff, Rodney S.","Thermal transport in suspended and supported monolayer graphene grown by chemical vapor deposition","Nano letters","","","","","","2010","2023-03-03 14:37:33","2023-03-03 14:37:33","","1645–1651","","5","10","","","","","","","","","","","","","","","Google Scholar","","Publisher: ACS Publications","","C:\Users\abed-al-baset.taleb\Zotero\storage\7MLD45IX\Cai et al. - 2010 - Thermal transport in suspended and supported monol.pdf; C:\Users\abed-al-baset.taleb\Zotero\storage\6WP4BBN7\nl9041966.html","","","","","","","","","","","","","","","","","","","","","","","","","","","","","","","","","","","","","","","","","","","","","","","","",""
"PFNYCQM5","journalArticle","2008","Balandin, Alexander A.; Ghosh, Suchismita; Bao, Wenzhong; Calizo, Irene; Teweldebrhan, Desalegne; Miao, Feng; Lau, Chun Ning","Superior thermal conductivity of single-layer graphene","Nano letters","","","","","","2008","2023-03-03 14:34:44","2023-03-03 14:34:44","","902–907","","3","8","","","","","","","","","","","","","","","Google Scholar","","Publisher: ACS Publications","","C:\Users\abed-al-baset.taleb\Zotero\storage\TJZSLVQ5\Balandin et al. - 2008 - Superior thermal conductivity of single-layer grap.pdf; C:\Users\abed-al-baset.taleb\Zotero\storage\4KCUYIDQ\nl0731872.html","","","","","","","","","","","","","","","","","","","","","","","","","","","","","","","","","","","","","","","","","","","","","","","","",""
"ISL963FS","journalArticle","2008","Lee, Changgu; Wei, Xiaoding; Kysar, Jeffrey W.; Hone, James","Measurement of the elastic properties and intrinsic strength of monolayer graphene","science","","","","","","2008","2023-03-03 14:31:24","2023-03-03 14:31:24","","385–388","","5887","321","","","","","","","","","","","","","","","Google Scholar","","Publisher: American Association for the Advancement of Science","","C:\Users\abed-al-baset.taleb\Zotero\storage\B5JU283M\Lee et al. - 2008 - Measurement of the elastic properties and intrinsi.pdf; C:\Users\abed-al-baset.taleb\Zotero\storage\A2ZTNCZ8\science.html","","","","","","","","","","","","","","","","","","","","","","","","","","","","","","","","","","","","","","","","","","","","","","","","",""
"USZN5SGH","thesis","2001","Ren, Zhibin","Nanoscale MOSFETs: Physics, simulation and design","","","","","","","2001","2023-03-07 10:59:27","2023-03-07 10:59:27","","","","","","","","Nanoscale MOSFETs","","","","","Purdue University","","","","PhD Thesis","","","Google Scholar","","","","C:\Users\abed-al-baset.taleb\Zotero\storage\GF349P24\Ren - 2001 - Nanoscale MOSFETs Physics, simulation and design.pdf; C:\Users\abed-al-baset.taleb\Zotero\storage\BFCDQGJK\1.html","","","","","","","","","","","","","","","","","","","","","","","","","","","","","","","","","","","","","","","","","","","","","","","","",""
"GUCYYRPP","thesis","2007","Djeffal, Fayçal","Modélisation et simulation prédictive du transistor MOSFET fortement submicronique. Application à la conception des dispositifs intégrés","","","","","","","2007","2023-03-07 11:00:11","2023-03-07 11:00:11","","","","","","","","","","","","","Université de Batna 2","","","","PhD Thesis","","","Google Scholar","","","","C:\Users\abed-al-baset.taleb\Zotero\storage\6C7M25GX\Djeffal - 2007 - Modélisation et simulation prédictive du transisto.pdf; C:\Users\abed-al-baset.taleb\Zotero\storage\PJMBRPG8\1108.html","","","","","","","","","","","","","","","","","","","","","","","","","","","","","","","","","","","","","","","","","","","","","","","","",""
"RRFCHZ45","journalArticle","2018","Lee, Hoik; Paeng, Keewook; Kim, Ick Soo","A review of doping modulation in graphene","Synthetic Metals","","03796779","10.1016/j.synthmet.2018.07.001","https://linkinghub.elsevier.com/retrieve/pii/S0379677918301668","Graphene is one of the most promising materials for post-silicon electronics and has outstanding physical and electronic properties. In particular, its unique 2D sp2-hybridized networks of carbon atoms arranged in a honeycomb lattice make graphene potential for exceptional electronic quality. However, in order to use graphene in possible applications such as photodetector, photovoltaics, sensors, organic light-emitting diodes, organic thinﬁlm transistors, supercapacitor, and catalytic applications, it is essential to precisely modulate its electronic properties, i.e. doping. In this review, we present various strategies for engineering the Fermi level in graphene, including heteroatom substitution, molecular adsorption, introducing functional molecules for external stimuli responsiveness. We anticipate that the current review provides a concise information on the methods to probe doping level, eﬀective doping approaches, and achievable doping type and charge carrier concentration ranges so that an appropriate doping approach can be readily designed.","2018-10","2023-03-08 16:13:43","2023-03-08 16:13:43","2023-03-08 16:13:43","36-47","","","244","","Synthetic Metals","","","","","","","","en","","","","","DOI.org (Crossref)","","","","C:\Users\abed-al-baset.taleb\Zotero\storage\AQZJA57F\Lee et al. - 2018 - A review of doping modulation in graphene.pdf","","","","","","","","","","","","","","","","","","","","","","","","","","","","","","","","","","","","","","","","","","","","","","","","",""
"Z9ICR56Y","journalArticle","2010","Lafkioti, Myrsini; Krauss, Benjamin; Lohmann, Timm; Zschieschang, Ute; Klauk, Hagen; Klitzing, Klaus v.; Smet, Jurgen H.","Graphene on a Hydrophobic Substrate: Doping Reduction and Hysteresis Suppression under Ambient Conditions","Nano Letters","","1530-6984, 1530-6992","10.1021/nl903162a","https://pubs.acs.org/doi/10.1021/nl903162a","The intrinsic doping level of graphene prepared by mechanical exfoliation and standard lithography procedures on thermally oxidized silicon varies signiﬁcantly and seems to depend strongly on processing details and the substrate morphology. Moreover, transport properties of such graphene devices suffer from hysteretic behavior under ambient conditions. The hysteresis presumably originates from dipolar adsorbates on the substrate or graphene surface. Here, we demonstrate that it is possible to reliably obtain low intrinsic doping levels and to strongly suppress hysteretic behavior even in ambient air by depositing graphene on top of a thin, hydrophobic self-assembled layer of hexamethyldisilazane (HMDS). The HMDS serves as a reproducible template that prevents the adsorption of dipolar substances. It may also screen the inﬂuence of substrate deﬁciencies.","2010-04-14","2023-03-08 16:10:48","2023-03-08 16:10:48","2023-03-08 16:10:48","1149-1153","","4","10","","Nano Lett.","Graphene on a Hydrophobic Substrate","","","","","","","en","","","","","DOI.org (Crossref)","","","","C:\Users\abed-al-baset.taleb\Zotero\storage\5FZLWP2L\Lafkioti et al. - 2010 - Graphene on a Hydrophobic Substrate Doping Reduct.pdf","","","","","","","","","","","","","","","","","","","","","","","","","","","","","","","","","","","","","","","","","","","","","","","","",""
"PYKEP5Z6","journalArticle","2012","Reddy, Dharmendar; Register, Leonard F; Carpenter, Gary D; Banerjee, Sanjay K","Graphene field-effect transistors","Journal of Physics D: Applied Physics","","0022-3727, 1361-6463","10.1088/0022-3727/45/1/019501","https://iopscience.iop.org/article/10.1088/0022-3727/45/1/019501","Owing in part to scaling challenges for metal oxide semiconductor ﬁeld-effect transistors (MOSFETs) and complementary metal oxide semiconductor (CMOS) logic, the semiconductor industry is placing an increased emphasis on emerging materials and devices that may provide improved MOSFET performance beyond the 22 nm node, or provide novel functionality for, e.g. ‘beyond CMOS’ devices. Graphene, with its novel and electron–hole symmetric band structure and its high carrier mobilities and thermal velocities, is one such material that has garnered a great deal of interest for both purposes. Single and few layer carbon sheets have been fabricated by a variety of techniques including mechanical exfoliation and chemical vapour deposition, and ﬁeld-effect transistors have been demonstrated with room-temperature mobilities as high as 10 000 cm2 V−1 s−1. But graphene is a gapless semiconductor and gate control of current is challenging, off-state leakage currents are high, and current does not readily saturate with drain voltage. However, various ways to overcome, adapt to, or even embrace this property are now being considered for device applications. In this work we explore through illustrative examples the potential of and challenges to graphene use for conventional and novel device applications.","2012-01-11","2023-03-08 15:58:45","2023-03-08 15:58:45","2023-03-08 15:58:45","019501","","1","45","","J. Phys. D: Appl. Phys.","","","","","","","","en","","","","","DOI.org (Crossref)","","","","C:\Users\abed-al-baset.taleb\Zotero\storage\AHVTPG8G\Reddy et al. - 2012 - Graphene field-effect transistors.pdf","","","","","","","","","","","","","","","","","","","","","","","","","","","","","","","","","","","","","","","","","","","","","","","","",""
"VZBED67C","journalArticle","2011","Reddy, Dharmendar; Register, Leonard F.; Carpenter, Gary D.; Banerjee, Sanjay K.","Graphene field-effect transistors","Journal of Physics D: Applied Physics","","0022-3727","10.1088/0022-3727/44/31/313001","https://dx.doi.org/10.1088/0022-3727/44/31/313001","Owing in part to scaling challenges for metal oxide semiconductor field-effect transistors (MOSFETs) and complementary metal oxide semiconductor (CMOS) logic, the semiconductor industry is placing an increased emphasis on emerging materials and devices that may provide improved MOSFET performance beyond the 22 nm node, or provide novel functionality for, e.g. ‘beyond CMOS’ devices. Graphene, with its novel and electron–hole symmetric band structure and its high carrier mobilities and thermal velocities, is one such material that has garnered a great deal of interest for both purposes. Single and few layer carbon sheets have been fabricated by a variety of techniques including mechanical exfoliation and chemical vapour deposition, and field-effect transistors have been demonstrated with room-temperature mobilities as high as 10 000 cm2 V−1 s−1. But graphene is a gapless semiconductor and gate control of current is challenging, off-state leakage currents are high, and current does not readily saturate with drain voltage. However, various ways to overcome, adapt to, or even embrace this property are now being considered for device applications. In this work we explore through illustrative examples the potential of and challenges to graphene use for conventional and novel device applications.","2011-07","2023-03-08 15:51:31","2023-03-08 15:51:31","2023-03-08 15:51:31","313001","","31","44","","J. Phys. D: Appl. Phys.","","","","","","","","en","","","","","Institute of Physics","","","","","","","","","","","","","","","","","","","","","","","","","","","","","","","","","","","","","","","","","","","","","","","","","","","","",""
"KV9XNJCX","journalArticle","1998","Zolper, J.C.","A review of junction field effect transistors for high-temperature and high-power electronics","Solid-State Electronics","","00381101","10.1016/S0038-1101(98)00210-X","https://linkinghub.elsevier.com/retrieve/pii/S003811019800210X","","1998-12","2023-03-08 15:48:59","2023-03-08 15:48:59","2023-03-08 15:48:59","2153-2156","","12","42","","Solid-State Electronics","","","","","","","","en","","","","","DOI.org (Crossref)","","","","C:\Users\abed-al-baset.taleb\Zotero\storage\NBGFL5ZV\Zolper - 1998 - A review of junction field effect transistors for .pdf","","","","","","","","","","","","","","","","","","","","","","","","","","","","","","","","","","","","","","","","","","","","","","","","",""
"X6YI7IEN","journalArticle","2007","Geim, Andre K.; Novoselov, Konstantin S.","The rise of graphene","Nature materials","","","","","","2007","2023-03-13 14:48:11","2023-03-13 14:48:11","","183–191","","3","6","","","","","","","","","","","","","","","Google Scholar","","Publisher: Nature Publishing Group UK London","","C:\Users\abed-al-baset.taleb\Zotero\storage\4F9DSU8S\nmat1849.html","","","","","","","","","","","","","","","","","","","","","","","","","","","","","","","","","","","","","","","","","","","","","","","","",""
"6GYQFZ8Q","bookSection","2011","Giannazzo, Filippo; Raineri, Vito; Rimini, Emanuele","Transport Properties of Graphene with Nanoscale Lateral Resolution","Scanning Probe Microscopy in Nanoscience and Nanotechnology 2","978-3-642-10496-1 978-3-642-10497-8","","","http://link.springer.com/10.1007/978-3-642-10497-8_9","","2011","2023-03-13 15:21:30","2023-03-13 15:21:30","2023-03-13 15:21:30","247-285","","","","","","","","","","","Springer Berlin Heidelberg","Berlin, Heidelberg","","","","","","DOI.org (Crossref)","","Series Title: NanoScience and Technology DOI: 10.1007/978-3-642-10497-8_9","","","","","","Bhushan, Bharat","","","","","","","","","","","","","","","","","","","","","","","","","","","","","","","","","","","","","","","","","","","","",""
"ZUBI3Q4P","journalArticle","2011","Sarma, S. Das; Adam, Shaffique; Hwang, E. H.; Rossi, Enrico","Electronic transport in two-dimensional graphene","Reviews of modern physics","","","","","","2011","2023-03-13 15:46:26","2023-03-13 15:46:26","","407","","2","83","","","","","","","","","","","","","","","Google Scholar","","Publisher: APS","","C:\Users\abed-al-baset.taleb\Zotero\storage\BKF82ZVQ\Sarma et al. - 2011 - Electronic transport in two-dimensional graphene.pdf; C:\Users\abed-al-baset.taleb\Zotero\storage\XQW3DD7D\RevModPhys.83.html","","","","","","","","","","","","","","","","","","","","","","","","","","","","","","","","","","","","","","","","","","","","","","","","",""
"XPN3UHCT","journalArticle","2008","Chen, J.-H.; Jang, C.; Adam, S.; Fuhrer, M. S.; Williams, E. D.; Ishigami, M.","Charged-impurity scattering in graphene","Nature Physics","","1745-2481","10.1038/nphys935","https://www.nature.com/articles/nphys935","Valuable insight into the influence of scattering from impurities on the peculiar electronic properties of graphene are gained by a systematic study of how its conductivity changes with increasing concentration of potassium ions deposited on its surface.","2008-05","2023-03-13 15:57:35","2023-03-13 15:57:35","2023-03-13 15:57:35","377-381","","5","4","","Nature Phys","","","","","","","","en","2008 Nature Publishing Group","","","","www.nature.com","","Number: 5 Publisher: Nature Publishing Group","","C:\Users\abed-al-baset.taleb\Zotero\storage\KPVY56C5\Chen et al. - 2008 - Charged-impurity scattering in graphene.pdf","","","Atomic; Classical and Continuum Physics; Complex Systems; Condensed Matter Physics; general; Mathematical and Computational Physics; Molecular; Optical and Plasma Physics; Physics; Theoretical","","","","","","","","","","","","","","","","","","","","","","","","","","","","","","","","","","","","","","","","","","","","","",""
"BY993I3B","journalArticle","2009","Chen, Jian-Hao; Cullen, William G.; Jang, C.; Fuhrer, M. S.; Williams, Ellen D.","Defect scattering in graphene","Physical review letters","","","","","","2009","2023-03-13 16:00:22","2023-03-13 16:00:22","","236805","","23","102","","","","","","","","","","","","","","","Google Scholar","","Publisher: APS","","C:\Users\abed-al-baset.taleb\Zotero\storage\EBCIPLMU\Chen et al. - 2009 - Defect scattering in graphene.pdf","","","","","","","","","","","","","","","","","","","","","","","","","","","","","","","","","","","","","","","","","","","","","","","","",""
"4XKXZY7J","journalArticle","2010","Dean, Cory R.; Young, Andrea F.; Meric, Inanc; Lee, Chris; Wang, Lei; Sorgenfrei, Sebastian; Watanabe, Kenji; Taniguchi, Takashi; Kim, Phillip; Shepard, Kenneth L.","Boron nitride substrates for high-quality graphene electronics","Nature nanotechnology","","","","","","2010","2023-03-13 16:15:53","2023-03-13 16:15:53","","722–726","","10","5","","","","","","","","","","","","","","","Google Scholar","","Publisher: Nature Publishing Group UK London","","C:\Users\abed-al-baset.taleb\Zotero\storage\HSM9SDF5\Dean et al. - 2010 - Boron nitride substrates for high-quality graphene.pdf; C:\Users\abed-al-baset.taleb\Zotero\storage\RGXKFR6D\nnano.2010.html","","","","","","","","","","","","","","","","","","","","","","","","","","","","","","","","","","","","","","","","","","","","","","","","",""
"X3QG7JPE","journalArticle","2010","Allen, Matthew J.; Tung, Vincent C.; Kaner, Richard B.","Honeycomb Carbon: A Review of Graphene","Chemical Reviews","","0009-2665, 1520-6890","10.1021/cr900070d","https://pubs.acs.org/doi/10.1021/cr900070d","","2010-01-13","2023-03-13 16:40:31","2023-03-13 16:40:31","2023-03-13 16:40:31","132-145","","1","110","","Chem. Rev.","Honeycomb Carbon","","","","","","","en","","","","","DOI.org (Crossref)","","","","C:\Users\abed-al-baset.taleb\Zotero\storage\CM2V6N7Y\Allen et al. - 2010 - Honeycomb Carbon A Review of Graphene.pdf","","","","","","","","","","","","","","","","","","","","","","","","","","","","","","","","","","","","","","","","","","","","","","","","",""
"DLTDTYQQ","journalArticle","2010","Li, Xuesong; Magnuson, Carl W.; Venugopal, Archana; An, Jinho; Suk, Ji Won; Han, Boyang; Borysiak, Mark; Cai, Weiwei; Velamakanni, Aruna; Zhu, Yanwu","Graphene films with large domain size by a two-step chemical vapor deposition process","Nano letters","","","","","","2010","2023-03-13 17:41:42","2023-03-13 17:41:42","","4328–4334","","11","10","","","","","","","","","","","","","","","Google Scholar","","Publisher: ACS Publications","","C:\Users\abed-al-baset.taleb\Zotero\storage\7BA6U8LJ\Li et al. - 2010 - Graphene films with large domain size by a two-ste.pdf; C:\Users\abed-al-baset.taleb\Zotero\storage\BLHS3CB2\nl101629g.html","","","","","","","","","","","","","","","","","","","","","","","","","","","","","","","","","","","","","","","","","","","","","","","","",""
"BEE6FQYP","journalArticle","2009","Kim, Keun Soo; Zhao, Yue; Jang, Houk; Lee, Sang Yoon; Kim, Jong Min; Kim, Kwang S.; Ahn, Jong-Hyun; Kim, Philip; Choi, Jae-Young; Hong, Byung Hee","Large-scale pattern growth of graphene films for stretchable transparent electrodes","nature","","","","","","2009","2023-03-13 17:46:35","2023-03-13 17:46:35","","706–710","","7230","457","","","","","","","","","","","","","","","Google Scholar","","Publisher: Nature Publishing Group UK London","","C:\Users\abed-al-baset.taleb\Zotero\storage\9MPZ5JHI\Kim et al. - 2009 - Large-scale pattern growth of graphene films for s.pdf; C:\Users\abed-al-baset.taleb\Zotero\storage\W74LR8PI\nature07719.html","","","","","","","","","","","","","","","","","","","","","","","","","","","","","","","","","","","","","","","","","","","","","","","","",""
"PC3VJ5Y9","journalArticle","2009","Emtsev, Konstantin V.; Bostwick, Aaron; Horn, Karsten; Jobst, Johannes; Kellogg, Gary L.; Ley, Lothar; McChesney, Jessica L.; Ohta, Taisuke; Reshanov, Sergey A.; Röhrl, Jonas","Towards wafer-size graphene layers by atmospheric pressure graphitization of silicon carbide","Nature materials","","","","","","2009","2023-03-13 17:48:09","2023-03-13 17:48:09","","203–207","","3","8","","","","","","","","","","","","","","","Google Scholar","","Publisher: Nature Publishing Group UK London","","C:\Users\abed-al-baset.taleb\Zotero\storage\3WWDF9P2\Emtsev et al. - 2009 - Towards wafer-size graphene layers by atmospheric .pdf; C:\Users\abed-al-baset.taleb\Zotero\storage\335RMHXL\nmat2382.html","","","","","","","","","","","","","","","","","","","","","","","","","","","","","","","","","","","","","","","","","","","","","","","","",""
"XHULSXZV","blogPost","2015","","Graphene the Great","David A. Boyd","","","","https://davidaboydcaltech.wordpress.com/2015/03/02/graphene-the-great/","Graphene is a material that possesses remarkable properties. It is thin, lightweight, and stronger than steel. It is also, flexible, transparent and more electrically conducting than copper. Graphe…","2015-03-02","2023-03-15 00:08:14","2023-03-15 00:08:14","2023-03-15 00:08:14","","","","","","","","","","","","","","en","","","","","","","","","C:\Users\abed-al-baset.taleb\Zotero\storage\26HZEIVR\graphene-the-great.html","","","","","","","","","","","","","","","","","","","","","","","","","","","","","","","","","","","","","","","","","","","","","","","","",""
"EIRLRXMI","journalArticle","1999","Forbeaux, I.; Themlin, J.-M.; Debever, J.-M.","High-temperature graphitization of the 6H-SiC (0001) face","Surface science","","","","","","1999","2023-03-15 00:21:56","2023-03-15 00:21:56","","9–18","","1","442","","","","","","","","","","","","","","","Google Scholar","","Publisher: Elsevier","","C:\Users\abed-al-baset.taleb\Zotero\storage\QCVE43HC\S0039602899008912.html","","","","","","","","","","","","","","","","","","","","","","","","","","","","","","","","","","","","","","","","","","","","","","","","",""
"ES8UC9GX","journalArticle","2008","Emtsev, Konstantin V.; Bostwick, Aaron; Horn, Karsten; Jobst, Johannes; Kellogg, Gary L.; Ley, Lothar; McChesney, Jessica L.; Ohta, Taisuke; Reshanov, Sergey A.; Rotenberg, Eli","Atmospheric pressure graphitization of SiC (0001)-A route towards wafer-size graphene layers","arXiv preprint arXiv:0808.1222","","","","","","2008","2023-03-15 00:24:08","2023-03-15 00:24:08","","","","","","","","","","","","","","","","","","","","Google Scholar","","","","C:\Users\abed-al-baset.taleb\Zotero\storage\4YZP7XVQ\Emtsev et al. - 2008 - Atmospheric pressure graphitization of SiC (0001)-.pdf; C:\Users\abed-al-baset.taleb\Zotero\storage\KFPF56BK\0808.html","","","","","","","","","","","","","","","","","","","","","","","","","","","","","","","","","","","","","","","","","","","","","","","","",""
"DISRBIJT","journalArticle","1992","Land, T. A.; Michely, Th; Behm, R. J.; Hemminger, J. C.; Comsa, G.","STM investigation of single layer graphite structures produced on Pt (111) by hydrocarbon decomposition","Surface science","","","","","","1992","2023-03-15 00:31:12","2023-03-15 00:31:12","","261–270","","3","264","","","","","","","","","","","","","","","Google Scholar","","Publisher: Elsevier","","C:\Users\abed-al-baset.taleb\Zotero\storage\RVXLYWVL\0039602892901837.html","","","","","","","","","","","","","","","","","","","","","","","","","","","","","","","","","","","","","","","","","","","","","","","","",""
"WG9YF69U","journalArticle","2008","Coraux, Johann; N ‘Diaye, Alpha T.; Busse, Carsten; Michely, Thomas","Structural coherency of graphene on Ir (111)","Nano letters","","","","","","2008","2023-03-15 00:32:19","2023-03-15 00:32:19","","565–570","","2","8","","","","","","","","","","","","","","","Google Scholar","","Publisher: ACS Publications","","C:\Users\abed-al-baset.taleb\Zotero\storage\4TSRCVHD\nl0728874.html","","","","","","","","","","","","","","","","","","","","","","","","","","","","","","","","","","","","","","","","","","","","","","","","",""
"ADZUX3HE","journalArticle","2011","Singh, Virendra; Joung, Daeha; Zhai, Lei; Das, Soumen; Khondaker, Saiful I.; Seal, Sudipta","Graphene based materials: past, present and future","Progress in materials science","","","","","","2011","2023-03-15 12:02:50","2023-03-15 12:02:50","","1178–1271","","8","56","","","Graphene based materials","","","","","","","","","","","","Google Scholar","","Publisher: Elsevier","","C:\Users\abed-al-baset.taleb\Zotero\storage\GSBDT9S5\Singh et al. - 2011 - Graphene based materials past, present and future.pdf; C:\Users\abed-al-baset.taleb\Zotero\storage\DYZ68B7T\S0079642511000442.html","","","","","","","","","","","","","","","","","","","","","","","","","","","","","","","","","","","","","","","","","","","","","","","","",""
"A9ZQP7UW","thesis","2011","Meng, Nan; Happy, Henri","Fabrication et caractérisation de transistors à base de Graphène Nano Ruban en vue d’application haute fréquence","","","","","https://www.theses.fr/2011LIL10002","En 2004, un nouveau matériau, le graphène, a été isolé pour la première fois sur un substrat de SiO2, en utilisant une technique d’exfoliation mécanique par K.S. Novoselov et  A.K. Geim – Prix Nobels de Physique 2010. Ce matériau, qui présente des propriétés électriques et mécaniques extraordinaires, a suscité d’importants travaux de recherche. Dès lors, différentes méthodes de synthèse du graphène sur des substrats de plus en plus grands sont développées. C’est dans ce cadre que j’ai commencé mes travaux de recherche en 2007, avec pour objectif de démontrer les potentialités des transistors à base de graphène, pour des applications hyperfréquences. Notre choix s’est orienté sur la synthèse du graphene par graphitisation du SiC. Ces travaux se sont déroulés en étroite collaboration avec le groupe EPIPHY en charge de la synthèse du matériau, dans le cadre du projet ANR XP-Graphene labellisé en 2007, avec le soutien de ST-Microeletronics. Après avoir mis en évidence les propriétés du matériau ayant un impact sur les caractéristiques des transistors à effet de champ sur ce matériau, j’ai développé au cours de ma thèse des procédés technologiques permettant de fabriquer des transistors sur ce type de matériau, ainsi qu’une procédure de caractérisation des différentes étapes technologiques. A titre d’exemple, un travail important a été mené sur les aspects de la nanolithographie, de manière à réaliser de manière courante des réseaux de nano rubans de largeur 20 nm, de longueur 1 µm, et espacés de 40 nm.  A l’issue de ma thèse, j’ai réussi à fabriquer et à caractériser des transistors présentant des performances hyperfréfrences globales au meilleur niveau international.","2011-02-14","2023-03-15 12:19:07","2023-03-15 12:19:07","2023-03-15 12:19:07","","","","","","","","","","","","Lille 1","","","Licence Etalab","These de doctorat","","","theses.fr","","","","","","","Carbure de silicium; Graphène -- Synthèse (chimie); Lignes à bandes; Lithographie par faisceau d'électrons; Mesures microondes; Nanorubans; Transistors à effet de champ","","","","Happy, Henri","","","","","","","","","","","","","","","","","","","","","","","","","","","","","","","","","","","","","","","","","",""
"EPRSS4G4","journalArticle","2016","Felidj, Nordin","Introduction à… La spectroscopie Raman et la diffusion exaltée de surface","Photoniques","","1629-4475, 2269-8418","10.1051/photon/20168146","http://www.photoniques.com/10.1051/photon/20168146","","2016-04","2023-03-16 00:06:46","2023-03-16 00:06:46","2023-03-16 00:06:46","46-49","","81","","","Photoniques","","","","","","","","fr","","","","","DOI.org (Crossref)","","","","C:\Users\abed-al-baset.taleb\Zotero\storage\MG2CDC62\Felidj - 2016 - Introduction à… La spectroscopie Raman et la diffu.pdf","","","","","","","","","","","","","","","","","","","","","","","","","","","","","","","","","","","","","","","","","","","","","","","","",""
"4KP5VYL9","webpage","2013","","Raman Spectroscopy of Graphene","AZoM.com","","","","https://www.azom.com/article.aspx?ArticleID=10130","Graphene is a unique material that contains single molecular layers of highly crystalline graphite.","2013-10-11","2023-03-16 00:20:32","2023-03-16 00:20:32","2023-03-16 00:20:32","","","","","","","","","","","","","","en","","","","","","","Section: Materials Article","","C:\Users\abed-al-baset.taleb\Zotero\storage\5I37LSXE\article.html","","","","","","","","","","","","","","","","","","","","","","","","","","","","","","","","","","","","","","","","","","","","","","","","",""
"9SZ9STP8","journalArticle","1928","Raman, C. V.; Krishnan, K. S.","A New Type of Secondary Radiation","Nature","","1476-4687","10.1038/121501c0","https://www.nature.com/articles/121501c0","IF we assume that the X-ray scattering of the ‘unmodified’ type observed by Prof. Compton corresponds to the normal or average state of the atoms and molecules, while the ‘modified’ scattering of altered wave-length corresponds to their fluctuations from that state, it would follow that we should expect also in the case of ordinary light two types of scattering, one determined by the normal optical properties of the atoms or molecules, and another representing the effect of their fluctuations from their normal state. It accordingly becomes necessary to test whether this is actually the case. The experiments we have made have confirmed this anticipation, and shown that in every case in which light is scattered by the molecules in dust-free liquids or gases, the diffuse radiation of the ordinary kind, having the same wave-length as the incident beam, is accompanied by a modified scattered radiation of degraded frequency.","1928-03","2023-03-16 11:10:18","2023-03-16 11:10:18","2023-03-16 11:10:18","501-502","","3048","121","","","","","","","","","","en","1928 Nature Publishing Group","","","","www.nature.com","","Number: 3048 Publisher: Nature Publishing Group","","","","","Humanities and Social Sciences; multidisciplinary; Science","","","","","","","","","","","","","","","","","","","","","","","","","","","","","","","","","","","","","","","","","","","","","",""
"NLYKHFQ8","journalArticle","1990","Wang, Yan; Alsmeyer, Daniel C.; McCreery, Richard L.","Raman spectroscopy of carbon materials: structural basis of observed spectra","Chemistry of Materials","","","","","","1990","2023-03-16 11:12:43","2023-03-16 11:12:43","","557–563","","5","2","","","Raman spectroscopy of carbon materials","","","","","","","","","","","","Google Scholar","","Publisher: ACS Publications","","C:\Users\abed-al-baset.taleb\Zotero\storage\IJND93BM\Wang et al. - 1990 - Raman spectroscopy of carbon materials structural.pdf","","","","","","","","","","","","","","","","","","","","","","","","","","","","","","","","","","","","","","","","","","","","","","","","",""
"MN5NK3FL","journalArticle","2013","Ferrari, Andrea C.; Basko, Denis M.","Raman spectroscopy as a versatile tool for studying the properties of graphene","Nature nanotechnology","","","","","","2013","2023-03-16 11:13:32","2023-03-16 11:13:32","","235–246","","4","8","","","","","","","","","","","","","","","Google Scholar","","Publisher: Nature Publishing Group UK London","","C:\Users\abed-al-baset.taleb\Zotero\storage\HA36Z3TF\Ferrari et Basko - 2013 - Raman spectroscopy as a versatile tool for studyin.pdf; C:\Users\abed-al-baset.taleb\Zotero\storage\6UBBUYU6\nnano.2013.html","","","","","","","","","","","","","","","","","","","","","","","","","","","","","","","","","","","","","","","","","","","","","","","","",""
"D8MC6UR9","journalArticle","2009","Basko, D. M.; Piscanec, S.; Ferrari, A. C.","Electron-electron interactions and doping dependence of the two-phonon Raman intensity in graphene","Physical Review B","","","","","","2009","2023-03-16 11:15:06","2023-03-16 11:15:06","","165413","","16","80","","","","","","","","","","","","","","","Google Scholar","","Publisher: APS","","C:\Users\abed-al-baset.taleb\Zotero\storage\N2TV7RQY\Basko et al. - 2009 - Electron-electron interactions and doping dependen.pdf; C:\Users\abed-al-baset.taleb\Zotero\storage\28LY9CHS\PhysRevB.80.html","","","","","","","","","","","","","","","","","","","","","","","","","","","","","","","","","","","","","","","","","","","","","","","","",""
"C6WJ8VJL","journalArticle","2009","Casiraghi, Cinzia; Hartschuh, Achim; Qian, Huihong; Piscanec, S.; Georgi, Carsten; Fasoli, A.; Novoselov, K. S.; Basko, D. M.; Ferrari, A. C.","Raman spectroscopy of graphene edges","Nano letters","","","","","","2009","2023-03-16 11:16:02","2023-03-16 11:16:02","","1433–1441","","4","9","","","","","","","","","","","","","","","Google Scholar","","Publisher: ACS Publications","","C:\Users\abed-al-baset.taleb\Zotero\storage\VDH7WCS5\Casiraghi et al. - 2009 - Raman spectroscopy of graphene edges.pdf; C:\Users\abed-al-baset.taleb\Zotero\storage\H3E7YTEP\nl8032697.html","","","","","","","","","","","","","","","","","","","","","","","","","","","","","","","","","","","","","","","","","","","","","","","","",""
"8DKUTSTP","journalArticle","2011","Meng, Nan","Fabrication et caractérisation de transistors à base de Graphène Nano Ruban en vue d’application haute fréquence","","","","","","","2011","2023-03-16 11:31:54","2023-03-16 11:31:55","","","","","","","","","","","","","","","fr","","","","","Zotero","","","","C:\Users\abed-al-baset.taleb\Zotero\storage\HBZAI3TX\Meng - 2011 - Fabrication et caractérisation de transistors à ba.pdf","","","","","","","","","","","","","","","","","","","","","","","","","","","","","","","","","","","","","","","","","","","","","","","","",""
"ENUXT2QH","journalArticle","2016","Felidj, Nordin","Introduction à… La spectroscopie Raman et la diffusion exaltée de surface","Photoniques","","1629-4475, 2269-8418","10.1051/photon/20168146","http://www.photoniques.com/10.1051/photon/20168146","","2016-04","2023-03-16 11:32:10","2023-03-16 11:32:10","2023-03-16 11:32:10","46-49","","81","","","Photoniques","","","","","","","","fr","","","","","DOI.org (Crossref)","","","","C:\Users\abed-al-baset.taleb\Zotero\storage\3D3IRVWR\Felidj - 2016 - Introduction à… La spectroscopie Raman et la diffu.pdf","","","","","","","","","","","","","","","","","","","","","","","","","","","","","","","","","","","","","","","","","","","","","","","","",""
"QAXX7ZJ4","journalArticle","2008","Ni, Zhenhua; Wang, Yingying; Yu, Ting; Shen, Zexiang","Raman spectroscopy and imaging of graphene","Nano Research","","","","","","2008","2023-03-16 11:33:31","2023-03-16 11:33:31","","273–291","","","1","","","","","","","","","","","","","","","Google Scholar","","Publisher: Springer","","C:\Users\abed-al-baset.taleb\Zotero\storage\GDMDFT44\Ni et al. - 2008 - Raman spectroscopy and imaging of graphene.pdf; C:\Users\abed-al-baset.taleb\Zotero\storage\KES3YYEY\s12274-008-8036-1.html","","","","","","","","","","","","","","","","","","","","","","","","","","","","","","","","","","","","","","","","","","","","","","","","",""
"QVQJFLHN","webpage","2012","Kim, Yoong Ahm; Fujisawa, Kazunori; Muramatsu, Hiroyuki; Hayashi, Takuya; Endo, Morinobu; Fujimori, Toshihiko; Kaneko, Katsumi; Terrones, Mauricio; Behrends, Jan; Eckmann, Axel; Casiraghi, Cinzia; Novoselov, Kostya S.; Saito, Riichiro; Dresselhaus, Mildred S.","Raman Spectroscopy of Boron-Doped Single-Layer Graphene","ACS Publications","","","","https://pubs.acs.org/doi/pdf/10.1021/nn301728j","The introduction of foreign atoms, such as nitrogen, into the hexagonal network of an sp2-hybridized carbon atom monolayer has been demonstrated and constitutes an effective tool for tailoring the intrinsic properties of graphene. Here, we report that boron atoms can be efficiently substituted for carbon in graphene. Single-layer graphene substitutionally doped with boron was prepared by the mechanical exfoliation of boron-doped graphite. X-ray photoelectron spectroscopy demonstrated that the amount of substitutional boron in graphite was ∼0.22 atom %. Raman spectroscopy demonstrated that the boron atoms were spaced 4.76 nm apart in single-layer graphene. The 7-fold higher intensity of the D-band when compared to the G-band was explained by the elastically scattered photoexcited electrons by boron atoms before emitting a phonon. The frequency of the G-band in single-layer substitutionally boron-doped graphene was unchanged, which could be explained by the p-type boron doping (stiffening) counteracting the tensile strain effect of the larger carbon–boron bond length (softening). Boron-doped graphene appears to be a useful tool for engineering the physical and chemical properties of graphene.","2012-06-13","2023-03-16 13:27:57","2023-03-16 13:27:57","2023-03-16 13:27:57","","","","","","","","","","","","","","EN","© 2012 American Chemical Society","research-article","","","","","Archive Location: world Publisher: American Chemical Society DOI: 10.1021/nn301728j","","C:\Users\abed-al-baset.taleb\Zotero\storage\ZHXD7S7Z\nn301728j.html","","","","","","","","","","","","","","","","","","","","","","","","","","","","","","","","","","","","","","","","","","","","","","","","",""
"6QDRVSFV","journalArticle","2008","Das, Anindya; Pisana, Simone; Chakraborty, Biswanath; Piscanec, Stefano; Saha, Srijan K.; Waghmare, Umesh V.; Novoselov, Konstantin S.; Krishnamurthy, Hulikal R.; Geim, Andre K.; Ferrari, Andrea C.","Monitoring dopants by Raman scattering in an electrochemically top-gated graphene transistor","Nature nanotechnology","","","","","","2008","2023-03-16 13:31:34","2023-03-16 13:31:34","","210–215","","4","3","","","","","","","","","","","","","","","Google Scholar","","Publisher: Nature Publishing Group UK London","","C:\Users\abed-al-baset.taleb\Zotero\storage\ZQR5UPSZ\Das et al. - 2008 - Monitoring dopants by Raman scattering in an elect.pdf; C:\Users\abed-al-baset.taleb\Zotero\storage\BB2MGLBA\nnano.2008.html","","","","","","","","","","","","","","","","","","","","","","","","","","","","","","","","","","","","","","","","","","","","","","","","",""
"YWFH85U2","journalArticle","2006","Ferrari, Andrea C.; Meyer, Jannik C.; Scardaci, Vittorio; Casiraghi, Cinzia; Lazzeri, Michele; Mauri, Francesco; Piscanec, Stefano; Jiang, Dingde; Novoselov, Konstantin Sergeevich; Roth, Siegmar","Raman spectrum of graphene and graphene layers","Physical review letters","","","","","","2006","2023-03-16 13:33:49","2023-03-16 13:33:49","","187401","","18","97","","","","","","","","","","","","","","","Google Scholar","","Publisher: APS","","C:\Users\abed-al-baset.taleb\Zotero\storage\YJIPQSZY\Ferrari et al. - 2006 - Raman spectrum of graphene and graphene layers.pdf; C:\Users\abed-al-baset.taleb\Zotero\storage\2H3UG87G\PhysRevLett.97.html","","","","","","","","","","","","","","","","","","","","","","","","","","","","","","","","","","","","","","","","","","","","","","","","",""
"F832GXP9","journalArticle","2022","Shan, Ya-Bing; Yue, Xiao-Fei; Chen, Jia-Jun; Han, Jin-Kun; Ekoya, Garel; Hu, Lai-Gui; Liu, Ran; Qiu, Zhi-Jun; Cong, Chun-Xiao","Revealing layer-dependent interlayer interactions by doping effect on graphene in WSe2/N-layer graphene heterostructures using Raman and photoluminescence spectroscopy","Rare Metals","","1867-7185","10.1007/s12598-022-02053-7","https://doi.org/10.1007/s12598-022-02053-7","Assembling layered materials in the form of vertically stacked heterostructures has enabled the combination of various properties from different two-dimensional (2D) materials, which is receiving a great deal of attention for investigating novel physical phenomena and emerging a facile way to fabricate promising highly tailored architectures. In this study, we employ Raman and photoluminescence (PL) spectroscopy to systematically investigate the influence of thickness on interlayer interaction in WSe2/n-layer graphene (WSe2/nL-Gr, n = 1, 2, 3, 4) heterostructures. It is found that the charge carrier concentration of graphene can be significantly affected by distinct interlayer coupling originated from heterostructure interface. The observed varying doping levels in graphene as layer number (nL) increases from 1L to 4L are quantitatively studied by considering the screening effects and band structure. On the other hand, the corresponding change of electronic band structure of WSe2 is further discussed after introducing graphene, PL intensity in WSe2/N-Gr heterostructures is quenched by more than 2 orders of magnitude which suggests ultra-efficient interlayer charge transfer occurs. Meanwhile, the various screening effects from graphene with different nL can account for the evolution of band structure of WSe2, which is in good agreement with the layer-dependent doping effect in graphene. This work offers a comprehensive investigation on nL dependence of interface coupling in WSe2/N-Gr heterostructures. Our observations also demonstrate that the physical properties of each component in heterostructures can be effectively tuned by the other one, which will drive the development of heterostructures in electronic and optoelectronic devices.","2022-11-01","2023-03-16 13:49:54","2023-03-16 13:49:54","2023-03-16 13:49:54","3646-3653","","11","41","","Rare Met.","","","","","","","","en","","","","","Springer Link","","","","","","","","","","","","","","","","","","","","","","","","","","","","","","","","","","","","","","","","","","","","","","","","","","","","",""
"U4PRPR9E","journalArticle","2009","Neto, AH Castro; Guinea, Francisco; Peres, Nuno MR; Novoselov, Kostya S.; Geim, Andre K.","The electronic properties of graphene","Reviews of modern physics","","","","","","2009","2023-03-16 15:44:26","2023-03-16 15:44:26","","109","","1","81","","","","","","","","","","","","","","","Google Scholar","","Publisher: APS","","C:\Users\abed-al-baset.taleb\Zotero\storage\B8VZ2W3X\Neto et al. - 2009 - The electronic properties of graphene.pdf; C:\Users\abed-al-baset.taleb\Zotero\storage\6D5XN49W\RevModPhys.81.html","","","","","","","","","","","","","","","","","","","","","","","","","","","","","","","","","","","","","","","","","","","","","","","","",""
"YYYANQ5H","journalArticle","2010","Soldano, Caterina; Mahmood, Ather; Dujardin, Erik","Production, properties and potential of graphene","Carbon","","","","","","2010","2023-03-16 15:45:39","2023-03-16 15:45:39","","2127–2150","","8","48","","","","","","","","","","","","","","","Google Scholar","","Publisher: Elsevier","","C:\Users\abed-al-baset.taleb\Zotero\storage\4LVY3ZS2\Soldano et al. - 2010 - Production, properties and potential of graphene.pdf; C:\Users\abed-al-baset.taleb\Zotero\storage\9GTWHW8K\S0008622310000928.html","","","","","","","","","","","","","","","","","","","","","","","","","","","","","","","","","","","","","","","","","","","","","","","","",""
"B7PNMGTX","webpage","","","Connected Biosensors | Grapheal | France","Grapheal","","","","https://www.grapheal.com","Remote Diagnostics and Field Tests based on Grapheal wearable biosensors","","2023-03-16 15:59:29","2023-03-16 15:59:29","2023-03-16 15:59:29","","","","","","","","","","","","","","en","","","","","","","","","C:\Users\abed-al-baset.taleb\Zotero\storage\7RK2XT2E\www.grapheal.com.html","","","","","","","","","","","","","","","","","","","","","","","","","","","","","","","","","","","","","","","","","","","","","","","","",""
"I4WT858E","journalArticle","","Hugo, Adrien","Graphene-based liquid-gated transistors for biosensing","","","","","","","","2023-03-18 12:49:24","2023-03-18 12:49:24","","","","","","","","","","","","","","","fr","","","","","Zotero","","","","C:\Users\abed-al-baset.taleb\Zotero\storage\WUSCT7JS\Hugo - Graphene-based liquid-gated transistors for biosen.pdf","","","","","","","","","","","","","","","","","","","","","","","","","","","","","","","","","","","","","","","","","","","","","","","","",""
"79HUB2TI","webpage","2016","Anonymous","FET Flagships","FUTURIUM - European Commission","","","","https://ec.europa.eu/futurium/en/content/fet-flagships","FET Flagships","2016-02-03","2023-03-19 16:40:35","2023-03-19 16:40:43","2023-03-19 16:40:35","","","","","","","","","","","","","","en","","Text","","","","","","","C:\Users\abed-al-baset.taleb\Zotero\storage\R8AUFUNL\fet-flagships.html","","","","","","","","","","","","","","","","","","","","","","","","","","","","","","","","","","","","","","","","","","","","","","","","",""
"RKZL6X8L","webpage","","","Graph Air - CSIRO","","","","","https://www.csiro.au/en/work-with-us/ip-commercialisation/marketplace/graphair","","","2023-03-19 16:42:43","2023-03-19 16:42:43","2023-03-19 16:42:43","","","","","","","","","","","","","","","","","","","","","","","C:\Users\abed-al-baset.taleb\Zotero\storage\JTTT39WE\graphair.html","","","","","","","","","","","","","","","","","","","","","","","","","","","","","","","","","","","","","","","","","","","","","","","","",""
"L3ZWCTBI","blogPost","2021","","Batteries au graphène : une révolution pour la voiture électrique ? | Auto-Focus","","","","","https://blog.motorlegend.com/autofocus/2021/10/batteries-au-graphene-une-revolution-pour-la-voiture-electrique/","","2021-10-15","2023-03-19 16:44:38","2023-03-19 16:44:38","2023-03-19 16:44:38","","","","","","","Batteries au graphène","","","","","","","fr-FR","","","","","","","","","C:\Users\abed-al-baset.taleb\Zotero\storage\IXAIS6GF\batteries-au-graphene-une-revolution-pour-la-voiture-electrique.html","","","","","","","","","","","","","","","","","","","","","","","","","","","","","","","","","","","","","","","","","","","","","","","","",""
"PB7W8Y8V","journalArticle","2007","Schedin, Fredrik; Geim, Andrei Konstantinovich; Morozov, Sergei Vladimirovich; Hill, Ew W.; Blake, Peter; Katsnelson, Mi I.; Novoselov, Kostya Sergeevich","Detection of individual gas molecules adsorbed on graphene","Nature materials","","","","","","2007","2023-03-21 08:44:32","2023-03-21 08:44:32","","652–655","","9","6","","","","","","","","","","","","","","","Google Scholar","","Publisher: Nature Publishing Group UK London","","C:\Users\abed-al-baset.taleb\Zotero\storage\9LYCY9SD\Schedin et al. - 2007 - Detection of individual gas molecules adsorbed on .pdf; C:\Users\abed-al-baset.taleb\Zotero\storage\7KXQ3LQL\nmat1967.html","","","","","","","","","","","","","","","","","","","","","","","","","","","","","","","","","","","","","","","","","","","","","","","","",""
"G6Y4NSMG","journalArticle","2009","Ohno, Yasuhide; Maehashi, Kenzo; Yamashiro, Yusuke; Matsumoto, Kazuhiko","Electrolyte-gated graphene field-effect transistors for detecting pH and protein adsorption","Nano letters","","","","","","2009","2023-03-21 09:13:19","2023-03-21 09:13:19","","3318–3322","","9","9","","","","","","","","","","","","","","","Google Scholar","","Publisher: ACS Publications","","C:\Users\abed-al-baset.taleb\Zotero\storage\TDJQFBSN\Ohno et al. - 2009 - Electrolyte-gated graphene field-effect transistor.pdf; C:\Users\abed-al-baset.taleb\Zotero\storage\2E2M36Z7\nl901596m.html","","","","","","","","","","","","","","","","","","","","","","","","","","","","","","","","","","","","","","","","","","","","","","","","",""
"J3LZ7RXR","journalArticle","2008","Ang, Priscilla Kailian; Chen, Wei; Wee, Andrew Thye Shen; Loh, Kian Ping","Solution-gated epitaxial graphene as pH sensor","Journal of the American Chemical Society","","","","","","2008","2023-03-21 09:17:57","2023-03-21 09:17:57","","14392–14393","","44","130","","","","","","","","","","","","","","","Google Scholar","","Publisher: ACS Publications","","C:\Users\abed-al-baset.taleb\Zotero\storage\IA49TUY3\ja805090z.html","","","","","","","","","","","","","","","","","","","","","","","","","","","","","","","","","","","","","","","","","","","","","","","","",""
"MSQAXJ6S","journalArticle","1958","Hummers Jr, William S.; Offeman, Richard E.","Preparation of graphitic oxide","Journal of the american chemical society","","","","","","1958","2023-03-21 10:21:09","2023-03-21 10:21:09","","1339–1339","","6","80","","","","","","","","","","","","","","","Google Scholar","","Publisher: ACS Publications","","","","","","","","","","","","","","","","","","","","","","","","","","","","","","","","","","","","","","","","","","","","","","","","","","",""
"TS89RECE","journalArticle","2017","Kovaříček, Petr; Vrkoslav, Vladimír; Plšek, Jan; Bastl, Zdeněk; Fridrichová, Michaela; Drogowska, Karolina; Kalbáč, Martin","Extended characterization methods for covalent functionalization of graphene on copper","Carbon","","","","","","2017","2023-03-22 10:49:09","2023-03-22 10:49:09","","200–207","","","118","","","","","","","","","","","","","","","Google Scholar","","Publisher: Elsevier","","C:\Users\abed-al-baset.taleb\Zotero\storage\QSVIBJUZ\Kovaříček et al. - 2017 - Extended characterization methods for covalent fun.pdf; C:\Users\abed-al-baset.taleb\Zotero\storage\PIDIFZBH\S0008622317302610.html","","","","","","","","","","","","","","","","","","","","","","","","","","","","","","","","","","","","","","","","","","","","","","","","",""
"SCVRAJK3","journalArticle","2015","Eissa, Shimaa; Jimenez, Gaston Contreras; Mahvash, Farzaneh; Guermoune, Abdeladim; Tlili, Chaker; Szkopek, Thomas; Zourob, Mohammed; Siaj, Mohamed","Functionalized CVD monolayer graphene for label-free impedimetric biosensing","Nano Research","","","","","","2015","2023-03-22 10:49:09","2023-03-22 10:49:09","","1698–1709","","","8","","","","","","","","","","","","","","","Google Scholar","","Publisher: Springer","","C:\Users\abed-al-baset.taleb\Zotero\storage\2USR5YH7\Eissa et al. - 2015 - Functionalized CVD monolayer graphene for label-fr.pdf; C:\Users\abed-al-baset.taleb\Zotero\storage\6NAY53XE\s12274-014-0671-0.html","","","","","","","","","","","","","","","","","","","","","","","","","","","","","","","","","","","","","","","","","","","","","","","","",""
"LJU2D3UH","journalArticle","2016","Xia, Zhenyuan; Leonardi, Francesca; Gobbi, Marco; Liu, Yi; Bellani, Vittorio; Liscio, Andrea; Kovtun, Alessandro; Li, Rongjin; Feng, Xinliang; Orgiu, Emanuele","Electrochemical functionalization of graphene at the nanoscale with self-assembling diazonium salts","ACS nano","","","","","","2016","2023-03-22 10:49:09","2023-03-22 10:49:09","","7125–7134","","7","10","","","","","","","","","","","","","","","Google Scholar","","Publisher: ACS Publications","","C:\Users\abed-al-baset.taleb\Zotero\storage\4DAU2CV3\Xia et al. - 2016 - Electrochemical functionalization of graphene at t.pdf; C:\Users\abed-al-baset.taleb\Zotero\storage\RTLEBSFG\acsnano.html","","","","","","","","","","","","","","","","","","","","","","","","","","","","","","","","","","","","","","","","","","","","","","","","",""
"WTA4X7Q6","journalArticle","2021","Mishyn, Vladyslav; Rodrigues, Teresa; Leroux, Yann R.; Aspermair, Patrik; Happy, Henri; Bintinger, Johannes; Kleber, Christoph; Boukherroub, Rabah; Knoll, Wolfgang; Szunerits, Sabine","Controlled covalent functionalization of a graphene-channel of a field effect transistor as an ideal platform for (bio) sensing applications","Nanoscale Horizons","","","","","","2021","2023-03-22 10:49:09","2023-03-22 10:49:09","","819–829","","10","6","","","","","","","","","","","","","","","Google Scholar","","Publisher: Royal Society of Chemistry","","C:\Users\abed-al-baset.taleb\Zotero\storage\9CDUTYYT\Mishyn et al. - 2021 - Controlled covalent functionalization of a graphen.pdf; C:\Users\abed-al-baset.taleb\Zotero\storage\5DQLQ7KK\d1nh00355k.html","","","","","","","","","","","","","","","","","","","","","","","","","","","","","","","","","","","","","","","","","","","","","","","","",""
"JGRYVLTK","journalArticle","2015","Criado, Alejandro; Melchionna, Michele; Marchesan, Silvia; Prato, Maurizio","The covalent functionalization of graphene on substrates","Angewandte Chemie International Edition","","","","","","2015","2023-03-22 10:49:09","2023-03-22 10:49:09","","10734–10750","","37","54","","","","","","","","","","","","","","","Google Scholar","","Publisher: Wiley Online Library","","C:\Users\abed-al-baset.taleb\Zotero\storage\S9GGZ4S2\Criado et al. - 2015 - The covalent functionalization of graphene on subs.pdf; C:\Users\abed-al-baset.taleb\Zotero\storage\FGTKUSEU\anie.html","","","","","","","","","","","","","","","","","","","","","","","","","","","","","","","","","","","","","","","","","","","","","","","","",""
"RTIVNXB5","journalArticle","2013","Sreeprasad, T. S.; Berry, Vikas","How do the electrical properties of graphene change with its functionalization?","small","","","","","","2013","2023-03-22 10:49:09","2023-03-22 10:49:09","","341–350","","3","9","","","","","","","","","","","","","","","Google Scholar","","Publisher: Wiley Online Library","","C:\Users\abed-al-baset.taleb\Zotero\storage\V98LQ2DI\Sreeprasad et Berry - 2013 - How do the electrical properties of graphene chang.pdf; C:\Users\abed-al-baset.taleb\Zotero\storage\ZL3PXPAS\smll.html","","","","","","","","","","","","","","","","","","","","","","","","","","","","","","","","","","","","","","","","","","","","","","","","",""
"IIGQPH6E","journalArticle","2013","Pembroke, Elvira; Ruan, Gedeng; Sinitskii, Alexander; Corley, David A.; Yan, Zheng; Sun, Zhengzong; Tour, James M.","Effect of anchor and functional groups in functionalized graphene devices","Nano Research","","","","","","2013","2023-03-22 10:49:09","2023-03-22 10:49:09","","138–148","","","6","","","","","","","","","","","","","","","Google Scholar","","Publisher: Springer","","C:\Users\abed-al-baset.taleb\Zotero\storage\SILKU36V\Pembroke et al. - 2013 - Effect of anchor and functional groups in function.pdf; C:\Users\abed-al-baset.taleb\Zotero\storage\NUGCH6JY\s12274-013-0289-7.html","","","","","","","","","","","","","","","","","","","","","","","","","","","","","","","","","","","","","","","","","","","","","","","","",""
"X55A9BAX","journalArticle","2012","Kuila, Tapas; Bose, Saswata; Mishra, Ananta Kumar; Khanra, Partha; Kim, Nam Hoon; Lee, Joong Hee","Chemical functionalization of graphene and its applications","Progress in Materials Science","","00796425","10.1016/j.pmatsci.2012.03.002","https://linkinghub.elsevier.com/retrieve/pii/S0079642512000254","","2012-09","2023-03-22 10:53:54","2023-03-22 10:53:54","2023-03-22 10:53:54","1061-1105","","7","57","","Progress in Materials Science","","","","","","","","en","","","","","DOI.org (Crossref)","","","","","","","","","","","","","","","","","","","","","","","","","","","","","","","","","","","","","","","","","","","","","","","","","","","","",""
"DUYALG8B","journalArticle","2018","Chen, Xiaoyan; Pu, Haihui; Fu, Zipeng; Sui, Xiaoyu; Chang, Jingbo; Chen, Junhong; Mao, Shun","Real-time and selective detection of nitrates in water using graphene-based field-effect transistor sensors","Environmental Science: Nano","","2051-8153, 2051-8161","10.1039/C8EN00588E","http://xlink.rsc.org/?DOI=C8EN00588E","A benzyltriethylammonium chloride-modified graphene field-effect transistor sensor has high sensitivity, high selectivity and rapid response for nitrate detection.           ,                             Nitrate, the main form of dissolved nitrogen, is one of the key factors causing water eutrophication. Conventional detection methods are unsuitable for real-time and               in situ               monitoring of nitrates because they need chemical reagents for sensing and are time-consuming. Here we report a novel nitrate sensor based on a field-effect transistor (FET) device. With reduced graphene oxide (rGO) nanosheets as the FET channel material, the sensor uses benzyltriethylammonium chloride (TEBAC) as a capture probe which has been modified on the rGO surface. The rGO/TEBAC sensor exhibits an ultra-low detection limit of 1.1 μg L               −1               NO               3               -N with a rapid response within 2–7 s, which is superior to that of most commonly used sensors and far lower than the threshold concentration of total nitrogen (0.3 mg L               −1               ) for water eutrophication. This simple and miniaturized sensor also shows high selectivity over other anions such as Cl               −               , SO               4               2−               and CO               3               2−               . Our study provides a new strategy for rapid, sensitive, and selective detection of nitrates, which is promising for real-time and               in situ               water quality monitoring.","2018","2023-03-22 11:01:19","2023-03-22 11:01:19","2023-03-22 11:01:19","1990-1999","","8","5","","Environ. Sci.: Nano","","","","","","","","en","","","","","DOI.org (Crossref)","","","","C:\Users\abed-al-baset.taleb\Zotero\storage\BXQGTTUX\Chen et al. - 2018 - Real-time and selective detection of nitrates in w.pdf","","","","","","","","","","","","","","","","","","","","","","","","","","","","","","","","","","","","","","","","","","","","","","","","",""
"8JM9HUA3","journalArticle","2014","Zhou, Guihua; Chang, Jingbo; Cui, Shumao; Pu, Haihui; Wen, Zhenhai; Chen, Junhong","Real-Time, Selective Detection of Pb <sup>2+</sup> in Water Using a Reduced Graphene Oxide/Gold Nanoparticle Field-Effect Transistor Device","ACS Applied Materials & Interfaces","","1944-8244, 1944-8252","10.1021/am505275a","https://pubs.acs.org/doi/10.1021/am505275a","","2014-11-12","2023-03-22 11:03:48","2023-03-22 11:03:48","2023-03-22 11:03:48","19235-19241","","21","6","","ACS Appl. Mater. Interfaces","","","","","","","","en","","","","","DOI.org (Crossref)","","","","","","","","","","","","","","","","","","","","","","","","","","","","","","","","","","","","","","","","","","","","","","","","","","","","",""
"DTDGIX3H","journalArticle","2015","Criado, Alejandro; Melchionna, Michele; Marchesan, Silvia; Prato, Maurizio","The Covalent Functionalization of Graphene on Substrates","Angewandte Chemie International Edition","","14337851","10.1002/anie.201501473","https://onlinelibrary.wiley.com/doi/10.1002/anie.201501473","","2015-09-07","2023-03-22 13:28:52","2023-03-22 13:28:52","2023-03-22 13:28:52","10734-10750","","37","54","","Angew. Chem. Int. Ed.","","","","","","","","en","","","","","DOI.org (Crossref)","","","","C:\Users\abed-al-baset.taleb\Zotero\storage\5GXFWEHY\Criado et al. - 2015 - The Covalent Functionalization of Graphene on Subs.pdf","","","","","","","","","","","","","","","","","","","","","","","","","","","","","","","","","","","","","","","","","","","","","","","","",""
"VU8BG4MI","journalArticle","2016","Qiu, Zhipeng; Yu, Jun; Yan, Peng; Wang, Zhijie; Wan, Qijin; Yang, Nianjun","Electrochemical Grafting of Graphene Nano Platelets with Aryl Diazonium Salts","ACS Applied Materials & Interfaces","","1944-8244, 1944-8252","10.1021/acsami.5b11593","https://pubs.acs.org/doi/10.1021/acsami.5b11593","To vary interfacial properties, electrochemical grafting of graphene nano platelets (GNP) with 3,5-dichlorophenyl diazonium tetraﬂuoroborate (aryl-Cl) and 4-nitrobenzene diazonium tetraﬂuoroborate (aryl-NO2) was realized in a potentiodynamic mode. The covalently bonded aryl layers on GNP were characterized using atomic force microscopy and X-ray photoelectron spectroscopy. Electrochemical conversion of aryl-NO2 ninetgoaatirvyel-lNy Ha2nwd aspcoosnitdivuecltyedc. hTahregevdoltraemdmoxetrpicroabnedsim(pFeed(aCnNce)6b3e−h/4a−vioarnodf Ru(NH3)62+/3+) on three kinds of aryl layers grafted on GNP reveal that their interfacial properties are determined by the charge states of redox probes and reactive terminal groups (-Cl, -NO2, -NH2) in aryl layers. On aryl-Cl and aryl-NH2 garted GNP, selective and sensitive monitoring of positively charged lead ions as well as negatively charged nitrite and sulﬁte ions was achieved, respectively. Such a grafting procedure is thus a perfect way to design and control interfacial properties of graphene.","2016-10-26","2023-03-22 13:37:31","2023-03-22 13:37:31","2023-03-22 13:37:31","28291-28298","","42","8","","ACS Appl. Mater. Interfaces","","","","","","","","en","","","","","DOI.org (Crossref)","","","","C:\Users\abed-al-baset.taleb\Zotero\storage\S6YU5DBM\Qiu et al. - 2016 - Electrochemical Grafting of Graphene Nano Platelet.pdf","","","","","","","","","","","","","","","","","","","","","","","","","","","","","","","","","","","","","","","","","","","","","","","","",""
"C7LAER2M","journalArticle","2019","Sarmiento, Viviana; Oropeza-Guzmán, Mercedes Teresita; Lockett, Malcolm; Chen, Wenjun; Ahn, Seungbae; Wang, Jiaying; Vazquez-Mena, Oscar","Electrochemical functionalization strategy for chemical vapor deposited graphene on silicon substrates: grafting, electronic properties and biosensing","Nanotechnology","","0957-4484, 1361-6528","10.1088/1361-6528/ab3ca0","https://iopscience.iop.org/article/10.1088/1361-6528/ab3ca0","Herein, we present an electrochemical functionalization strategy for high quality single-layer and multilayer chemical vapor deposited (CVD) graphene directly on a Si/SiO2 chip facilitating electronic interfacing. This method avoids oxidation and tearing of graphene basal planes. We demonstrate effective functionalization by D-(+)-biotin (Bio), 4-(phenyldiazenyl)-aniline (Dz), and gallic acid (Gall) using cyclic voltammetry. Raman spectroscopy and XPS are used to demonstrate effective functionalization. In order to evaluate the effect of the electrochemical functionalization on graphene properties, DC electrical conductivity, XPS, mobility, and carrier density analysis are presented. We show that this functionalization strategy does not degrade graphene mobility (103 cm2 V−1s−1). After functionalization we observe a rise in Fermi level of ∼0.06 eV. In addition, we prove sensing capabilities with a CVD graphene monolayer on the biotin/avidin system by electrical resistance measurements and electrochemical impedance spectroscopy reaching a detection of 2.5 ng ml−1. This paper demonstrates an effective strategy to functionalize high quality CVD graphene on a chip compatible with an electronic interface readout.","2019-11-22","2023-03-23 14:30:59","2023-03-23 14:30:59","2023-03-23 14:30:59","475703","","47","30","","Nanotechnology","Electrochemical functionalization strategy for chemical vapor deposited graphene on silicon substrates","","","","","","","en","","","","","DOI.org (Crossref)","","","","C:\Users\abed-al-baset.taleb\Zotero\storage\X8SFSN6A\Sarmiento et al. - 2019 - Electrochemical functionalization strategy for che.pdf","","","","","","","","","","","","","","","","","","","","","","","","","","","","","","","","","","","","","","","","","","","","","","","","",""
"ISDGMFLJ","journalArticle","2012","Wang, Qing Hua; Jin, Zhong; Kim, Ki Kang; Hilmer, Andrew J.; Paulus, Geraldine L. C.; Shih, Chih-Jen; Ham, Moon-Ho; Sanchez-Yamagishi, Javier D.; Watanabe, Kenji; Taniguchi, Takashi; Kong, Jing; Jarillo-Herrero, Pablo; Strano, Michael S.","Understanding and controlling the substrate effect on graphene electron-transfer chemistry via reactivity imprint lithography","Nature Chemistry","","1755-4330, 1755-4349","10.1038/nchem.1421","http://www.nature.com/articles/nchem.1421","","2012-09","2023-03-23 10:02:40","2023-03-23 10:02:40","2023-03-23 10:02:40","724-732","","9","4","","Nature Chem","","","","","","","","en","","","","","DOI.org (Crossref)","","","","C:\Users\abed-al-baset.taleb\Zotero\storage\V9CWNVUK\Wang et al. - 2012 - Understanding and controlling the substrate effect.pdf","","","","","","","","","","","","","","","","","","","","","","","","","","","","","","","","","","","","","","","","","","","","","","","","",""
"YAH6BNQC","journalArticle","2016","Fortgang, Philippe; Tite, Teddy; Barnier, Vincent; Zehani, Nedjla; Maddi, Chiranjeevi; Lagarde, Florence; Loir, Anne-Sophie; Jaffrezic-Renault, Nicole; Donnet, Christophe; Garrelie, Florence; Chaix, Carole","Robust Electrografting on Self-Organized 3D Graphene Electrodes","ACS Applied Materials & Interfaces","","1944-8244, 1944-8252","10.1021/acsami.5b10647","https://pubs.acs.org/doi/10.1021/acsami.5b10647","Improving graphene-based electrode fabrication processes and developing robust methods for its functionalization are two key research routes to develop new high-performance electrodes for electrochemical applications. Here, a self-organized three-dimensional (3D) graphene electrode processed by pulsed laser deposition with thermal annealing is reported. This substrate shows great performance in electron transfer kinetics regarding ferrocene redox probes in solution. A robust electrografting strategy for covalently attaching a redox probe onto these graphene electrodes is also reported. The modiﬁcation protocol consists of a combination of diazonium salt electrografting and click chemistry. An alkyne-terminated phenyl ring is ﬁrst electrografted onto the self-organized 3D graphene electrode by in situ electrochemical reduction of 4-ethynylphenyl diazonium. Then the ethynylphenyl-modiﬁed surface eﬃciently reacts with the redox probe bearing a terminal azide moiety (2-azidoethyl ferrocene) by means of CuI-catalyzed alkyne−azide cycloaddition. Our modiﬁcation strategy applied to 3D graphene electrodes was analyzed by means of atomic force microscopy, scanning electron microscopy, Raman spectroscopy, cyclic voltammetry, and X-ray photoelectron spectroscopy (XPS). For XPS chemical surface analysis, special attention was paid to the distribution and chemical state of iron and nitrogen in order to highlight the functionalization of the graphene-based substrate by electrochemically grafting a ferrocene derivative. Dense grafting was observed, oﬀering 4.9 × 10−10 mol cm−2 surface coverage and showing a stable signal over 22 days. The electrografting was performed in the form of multilayers, which oﬀers higher ferrocene loading than a dense monolayer on a ﬂat surface. This work opens highly promising perspectives for the development of self-organized 3D graphene electrodes with various sensing functionalities.","2016-01-20","2023-03-23 09:26:01","2023-03-23 09:26:01","2023-03-23 09:26:01","1424-1433","","2","8","","ACS Appl. Mater. Interfaces","","","","","","","","en","","","","","DOI.org (Crossref)","","","","C:\Users\abed-al-baset.taleb\Zotero\storage\THWWWEHC\Fortgang et al. - 2016 - Robust Electrografting on Self-Organized 3D Graphe.pdf","","","","","","","","","","","","","","","","","","","","","","","","","","","","","","","","","","","","","","","","","","","","","","","","",""
"U43C6FU2","journalArticle","2011","Jin, Zhong; McNicholas, Thomas P.; Shih, Chih-Jen; Wang, Qing Hua; Paulus, Geraldine LC; Hilmer, Andrew J.; Shimizu, Steven; Strano, Michael S.","Click chemistry on solution-dispersed graphene and monolayer CVD graphene","Chemistry of Materials","","","","","","2011","2023-03-24 09:30:49","2023-03-24 09:30:49","","3362–3370","","14","23","","","","","","","","","","","","","","","Google Scholar","","Publisher: ACS Publications","","C:\Users\abed-al-baset.taleb\Zotero\storage\8UF2FQYY\Jin et al. - 2011 - Click chemistry on solution-dispersed graphene and.pdf; C:\Users\abed-al-baset.taleb\Zotero\storage\ACN4MKBF\cm201131v.html","","","","","","","","","","","","","","","","","","","","","","","","","","","","","","","","","","","","","","","","","","","","","","","","",""
"FCVDPUGT","journalArticle","2015","Mooste, Marek; Kibena, Elo; Kozlova, Jekaterina; Marandi, Margus; Matisen, Leonard; Niilisk, Ahti; Sammelselg, Väino; Tammeveski, Kaido","Electrografting and morphological studies of chemical vapour deposition grown graphene sheets modified by electroreduction of aryldiazonium salts","Electrochimica Acta","","00134686","10.1016/j.electacta.2015.02.035","https://linkinghub.elsevier.com/retrieve/pii/S0013468615003126","","2015-04","2023-03-25 13:09:14","2023-03-25 13:09:14","2023-03-25 13:09:14","195-204","","","161","","Electrochimica Acta","","","","","","","","en","","","","","DOI.org (Crossref)","","","","C:\Users\abed-al-baset.taleb\Zotero\storage\JSTGGIND\Mooste et al. - 2015 - Electrografting and morphological studies of chemi.pdf","","","","","","","","","","","","","","","","","","","","","","","","","","","","","","","","","","","","","","","","","","","","","","","","",""
"8L9EV32A","journalArticle","2013","Paulus, Geraldine L. C.; Wang, Qing Hua; Strano, Michael S.","Covalent Electron Transfer Chemistry of Graphene with Diazonium Salts","Accounts of Chemical Research","","0001-4842, 1520-4898","10.1021/ar300119z","https://pubs.acs.org/doi/10.1021/ar300119z","","2013-01-15","2023-03-26 22:11:34","2023-03-26 22:11:34","2023-03-26 22:11:34","160-170","","1","46","","Acc. Chem. Res.","","","","","","","","en","","","","","DOI.org (Crossref)","","","","C:\Users\abed-al-baset.taleb\Zotero\storage\RW32AUB7\Paulus et al. - 2013 - Covalent Electron Transfer Chemistry of Graphene w.pdf","","","","","","","","","","","","","","","","","","","","","","","","","","","","","","","","","","","","","","","","","","","","","","","","",""
"HBNACHXT","journalArticle","2019","Kwong Hong Tsang, Deana; Lieberthal, Tyler J.; Watts, Clare; Dunlop, Iain E.; Ramadan, Sami; del Rio Hernandez, Armando E.; Klein, Norbert","Chemically Functionalised Graphene FET Biosensor for the Label-free Sensing of Exosomes","Scientific Reports","","2045-2322","10.1038/s41598-019-50412-9","https://www.nature.com/articles/s41598-019-50412-9","Abstract                            A graphene field-effect transistor (gFET) was non-covalently functionalised with 1-pyrenebutyric acid N-hydroxysuccinimide ester and conjugated with anti-CD63 antibodies for the label-free detection of exosomes. Using a microfluidic channel, part of a graphene film was exposed to solution. The change in electrical properties of the exposed graphene created an additional minimum alongside the original Dirac point in the drain-source current (               I               ds               )               -               back-gate voltage (               V                                g                              ) curve. When phosphate buffered saline (PBS) was present in the channel, the additional minimum was present at a               V               g               lower than the original Dirac point and shifted with time when exosomes were introduced into the channel. This shift of the minimum from the PBS reference point reached saturation after 30 minutes and was observed for multiple exosome concentrations. Upon conjugation with an isotype control, sensor response to the highest concentration of exosomes was negligible in comparison to that with anti-CD63 antibody, indicating that the functionalised gFET can specifically detect exosomes at least down to 0.1 μg/mL and is sensitive to concentration. Such a gFET biosensor has not been used before for exosome sensing and could be an effective tool for the liquid-biopsy detection of exosomes as biomarkers for early-stage identification of diseases such as cancer.","2019-09-26","2023-03-26 22:23:08","2023-03-26 22:23:08","2023-03-26 22:23:08","13946","","1","9","","Sci Rep","","","","","","","","en","","","","","DOI.org (Crossref)","","","","C:\Users\abed-al-baset.taleb\Zotero\storage\RC2XAH7S\Kwong Hong Tsang et al. - 2019 - Chemically Functionalised Graphene FET Biosensor f.pdf","","","","","","","","","","","","","","","","","","","","","","","","","","","","","","","","","","","","","","","","","","","","","","","","",""
"72DVXVV5","journalArticle","2017","Fu, Wangyang; Jiang, Lin; van Geest, Erik P.; Lima, Lia M. C.; Schneider, Grégory F.","Sensing at the Surface of Graphene Field-Effect Transistors","Advanced Materials","","09359648","10.1002/adma.201603610","https://onlinelibrary.wiley.com/doi/10.1002/adma.201603610","","2017-02","2023-03-28 13:02:16","2023-03-28 13:02:17","2023-03-28 13:02:16","1603610","","6","29","","Adv. Mater.","","","","","","","","en","","","","","DOI.org (Crossref)","","","","C:\Users\abed-al-baset.taleb\Zotero\storage\85Q3T9UJ\Fu et al. - 2017 - Sensing at the Surface of Graphene Field-Effect Tr.pdf","","","","","","","","","","","","","","","","","","","","","","","","","","","","","","","","","","","","","","","","","","","","","","","","",""
"QC39L2N3","journalArticle","2021","Rodríguez González, Miriam C.; Leonhardt, Alessandra; Stadler, Hartmut; Eyley, Samuel; Thielemans, Wim; De Gendt, Stefan; Mali, Kunal S.; De Feyter, Steven","Multicomponent Covalent Chemical Patterning of Graphene","ACS Nano","","1936-0851, 1936-086X","10.1021/acsnano.1c03373","https://pubs.acs.org/doi/10.1021/acsnano.1c03373","The chemical patterning of graphene is being pursued tenaciously due to exciting possibilities in electronics, catalysis, sensing, and photonics. Despite the intense eﬀorts, spatially controlled, multifunctional covalent patterning of graphene has not been achieved. The lack of control originates from the inherently poor reactivity of the basal plane of graphene, which necessitates the use of harsh chemistries. Here, we demonstrate spatially resolved multicomponent covalent chemical patterning of single layer graphene using a facile and eﬃcient method. Three diﬀerent functional groups could be covalently attached to the basal plane in dense, well-deﬁned patterns using a combination of lithography and a self-limiting variant of diazonium chemistry requiring no need for graphene activation. The layer thickness of the covalent ﬁlms could be controlled down to 1 nm. This work provides a solid foundation for the fabrication of chemically patterned multifunctional graphene interfaces for device applications.","2021-06-22","2023-03-29 21:54:08","2023-03-29 21:54:08","2023-03-29 21:54:08","10618-10627","","6","15","","ACS Nano","","","","","","","","en","","","","","DOI.org (Crossref)","","","","C:\Users\abed-al-baset.taleb\Zotero\storage\7QLIHCVG\Rodríguez González et al. - 2021 - Multicomponent Covalent Chemical Patterning of Gra.pdf","","","","","","","","","","","","","","","","","","","","","","","","","","","","","","","","","","","","","","","","","","","","","","","","",""
"HB4UJ9W6","journalArticle","2012","Georgakilas, Vasilios; Otyepka, Michal; Bourlinos, Athanasios B.; Chandra, Vimlesh; Kim, Namdong; Kemp, K. Christian; Hobza, Pavel; Zboril, Radek; Kim, Kwang S.","Functionalization of Graphene: Covalent and Non-Covalent Approaches, Derivatives and Applications","Chemical Reviews","","0009-2665, 1520-6890","10.1021/cr3000412","https://pubs.acs.org/doi/10.1021/cr3000412","","2012-11-14","2023-04-04 10:50:48","2023-04-04 10:50:48","2023-04-04 10:50:48","6156-6214","","11","112","","Chem. Rev.","Functionalization of Graphene","","","","","","","en","","","","","DOI.org (Crossref)","","","","C:\Users\abed-al-baset.taleb\Zotero\storage\LWB4DAHW\Georgakilas et al. - 2012 - Functionalization of Graphene Covalent and Non-Co.pdf","","","","","","","","","","","","","","","","","","","","","","","","","","","","","","","","","","","","","","","","","","","","","","","","",""
"NT8KQVSF","journalArticle","2010","Loh, Kian Ping; Bao, Qiaoliang; Ang, Priscilla Kailian; Yang, Jiaxiang","The chemistry of graphene","Journal of Materials Chemistry","","0959-9428, 1364-5501","10.1039/b920539j","http://xlink.rsc.org/?DOI=b920539j","","2010","2023-04-04 10:50:50","2023-04-04 10:50:51","2023-04-04 10:50:50","2277","","12","20","","J. Mater. Chem.","","","","","","","","en","","","","","DOI.org (Crossref)","","","","C:\Users\abed-al-baset.taleb\Zotero\storage\TU7X49NL\Loh et al. - 2010 - The chemistry of graphene.pdf","","","","","","","","","","","","","","","","","","","","","","","","","","","","","","","","","","","","","","","","","","","","","","","","",""
"VWJKIB3M","journalArticle","2021","Jmai, Bassem; Silva, Vitor; Mendes, Paulo M.","2D Electronics Based on Graphene Field Effect Transistors: Tutorial for Modelling and Simulation","Micromachines","","2072-666X","10.3390/mi12080979","https://www.mdpi.com/2072-666X/12/8/979","This paper provides modeling and simulation insights into ﬁeld-effect transistors based on graphene (GFET), focusing on the devices’ architecture with regards to the position of the gate (top-gated graphene transistors, back-gated graphene transistors, and top-/back-gated graphene transistors), substrate (silicon, silicon carbide, and quartz/glass), and the graphene growth (CVD, CVD on SiC, and mechanical exfoliation). These aspects are explored and discussed in order to facilitate the selection of the appropriate topology for system-level design, based on the most common topologies. Since most of the GFET models reported in the literature are complex and hard to understand, a model of a GFET was implemented and made available in MATLAB, Verilog in Cadence, and VHDL-AMS in Simplorer—useful tools for circuit designers with different backgrounds. A tutorial is presented, enabling the researchers to easily implement the model to predict the performance of their devices. In short, this paper aims to provide the initial knowledge and tools for researchers willing to use GFETs in their designs at the system level, who are looking to implement an initial setup that allows the inclusion of the performance of GFETs.","2021-08-18","2023-04-10 12:55:21","2023-04-10 12:55:21","2023-04-10 12:55:21","979","","8","12","","Micromachines","2D Electronics Based on Graphene Field Effect Transistors","","","","","","","en","","","","","DOI.org (Crossref)","","","","C:\Users\abed-al-baset.taleb\Zotero\storage\ZJ5WEHUY\Jmai et al. - 2021 - 2D Electronics Based on Graphene Field Effect Tran.pdf","","","","","","","","","","","","","","","","","","","","","","","","","","","","","","","","","","","","","","","","","","","","","","","","",""
"QEVEMX4E","journalArticle","2009","Li, Xuesong; Zhu, Yanwu; Cai, Weiwei; Borysiak, Mark; Han, Boyang; Chen, David; Piner, Richard D.; Colombo, Luigi; Ruoff, Rodney S.","Transfer of large-area graphene films for high-performance transparent conductive electrodes","Nano letters","","","","","","2009","2023-04-16 14:54:51","2023-04-16 14:54:51","","4359–4363","","12","9","","","","","","","","","","","","","","","Google Scholar","","Publisher: ACS Publications","","C:\Users\abed-al-baset.taleb\Zotero\storage\G92H7QZS\Li et al. - 2009 - Transfer of large-area graphene films for high-per.pdf; C:\Users\abed-al-baset.taleb\Zotero\storage\BL3JJHSV\nl902623y.html","","","","","","","","","","","","","","","","","","","","","","","","","","","","","","","","","","","","","","","","","","","","","","","","",""
"QMVIC5RN","journalArticle","2011","Suk, Ji Won; Kitt, Alexander; Magnuson, Carl W.; Hao, Yufeng; Ahmed, Samir; An, Jinho; Swan, Anna K.; Goldberg, Bennett B.; Ruoff, Rodney S.","Transfer of CVD-grown monolayer graphene onto arbitrary substrates","ACS nano","","","","","","2011","2023-04-16 15:00:09","2023-04-16 15:00:09","","6916–6924","","9","5","","","","","","","","","","","","","","","Google Scholar","","Publisher: ACS Publications","","C:\Users\abed-al-baset.taleb\Zotero\storage\HK92U45X\Suk et al. - 2011 - Transfer of CVD-grown monolayer graphene onto arbi.pdf; C:\Users\abed-al-baset.taleb\Zotero\storage\692WQUY8\nn201207c.html","","","","","","","","","","","","","","","","","","","","","","","","","","","","","","","","","","","","","","","","","","","","","","","","",""
"E6GTS7P5","journalArticle","2009","Li, Xuesong; Zhu, Yanwu; Cai, Weiwei; Borysiak, Mark; Han, Boyang; Chen, David; Piner, Richard D.; Colombo, Luigi; Ruoff, Rodney S.","Transfer of large-area graphene films for high-performance transparent conductive electrodes","Nano letters","","","","","","2009","2023-04-16 16:12:31","2023-04-16 16:12:31","","4359–4363","","12","9","","","","","","","","","","","","","","","Google Scholar","","Publisher: ACS Publications","","C:\Users\abed-al-baset.taleb\Zotero\storage\2TKLGHKF\Li et al. - 2009 - Transfer of large-area graphene films for high-per.pdf; C:\Users\abed-al-baset.taleb\Zotero\storage\P6ICYKF6\nl902623y.html","","","","","","","","","","","","","","","","","","","","","","","","","","","","","","","","","","","","","","","","","","","","","","","","",""
"9GM6VR4H","journalArticle","2006","Stankovich, Sasha; Dikin, Dmitriy A.; Dommett, Geoffrey HB; Kohlhaas, Kevin M.; Zimney, Eric J.; Stach, Eric A.; Piner, Richard D.; Nguyen, SonBinh T.; Ruoff, Rodney S.","Graphene-based composite materials","nature","","","","","","2006","2023-04-17 12:09:34","2023-04-17 12:09:34","","282–286","","7100","442","","","","","","","","","","","","","","","Google Scholar","","Publisher: Nature Publishing Group UK London","","C:\Users\abed-al-baset.taleb\Zotero\storage\U7466XDP\nature04969.html","","","","","","","","","","","","","","","","","","","","","","","","","","","","","","","","","","","","","","","","","","","","","","","","",""
"PV7EGHFV","journalArticle","1999","Taga, Y.","Review of plasma thin-film technology in automobile industry","Surface and Coatings Technology","","","","","","1999","2023-05-08 13:48:07","2023-05-08 13:48:07","","339–346","","1-3","112","","","","","","","","","","","","","","","Google Scholar","","Publisher: Elsevier","","C:\Users\abed-al-baset.taleb\Zotero\storage\EFBRL4TM\S0257897298007609.html","","","","","","","","","","","","","","","","","","","","","","","","","","","","","","","","","","","","","","","","","","","","","","","","",""
"NSIYEEVD","journalArticle","2009","Han, Jeon G.","Recent progress in thin film processing by magnetron sputtering with plasma diagnostics","Journal of Physics D: Applied Physics","","","","","","2009","2023-05-08 13:49:42","2023-05-08 13:49:42","","043001","","4","42","","","","","","","","","","","","","","","Google Scholar","","Publisher: IOP Publishing","","","","","","","","","","","","","","","","","","","","","","","","","","","","","","","","","","","","","","","","","","","","","","","","","","",""
"V6LR9M6I","journalArticle","","Maslova, Olga A","Spectroscopie et imagerie Raman de matériaux inhomogènes","","","","","","","","2023-05-09 10:15:26","2023-05-09 10:15:26","","","","","","","","","","","","","","","fr","","","","","Zotero","","","","C:\Users\abed-al-baset.taleb\Zotero\storage\K8BWAZ8L\Maslova - Spectroscopie et imagerie Raman de matériaux inhom.pdf","","","","","","","","","","","","","","","","","","","","","","","","","","","","","","","","","","","","","","","","","","","","","","","","",""
"S8E4WZHQ","journalArticle","2015","Lupoi, Jason S.; Gjersing, Erica; Davis, Mark F.","Evaluating Lignocellulosic Biomass, Its Derivatives, and Downstream Products with Raman Spectroscopy","Frontiers in Bioengineering and Biotechnology","","2296-4185","","https://www.frontiersin.org/articles/10.3389/fbioe.2015.00050","The creation of fuels, chemicals, and materials from plants can aid in replacing products fabricated from non-renewable energy sources. Before using biomass in downstream applications, it must be characterized to assess chemical traits, such as cellulose, lignin, or lignin monomer content, or the sugars released following an acid or enzymatic hydrolysis. The measurement of these traits allows researchers to gage the recalcitrance of the plants and develop efficient deconstruction strategies to maximize yields. Standard methods for assessing biomass phenotypes often have experimental protocols that limit their use for screening sizeable numbers of plant species. Raman spectroscopy, a non-destructive, non-invasive vibrational spectroscopy technique, is capable of providing qualitative, structural information and quantitative measurements. Applications of Raman spectroscopy have aided in alleviating the constraints of standard methods by coupling spectral data with multivariate analysis to construct models capable of predicting analytes. Hydrolysis and fermentation products, such as glucose and ethanol, can be quantified off-, at-, or on-line. Raman imaging has enabled researchers to develop a visual understanding of reactions, such as different pretreatment strategies, in real-time, while also providing integral chemical information. This review provides an overview of what Raman spectroscopy is, and how it has been applied to the analysis of whole lignocellulosic biomass, its derivatives, and downstream process monitoring.","2015","2023-05-09 10:00:02","2023-05-09 10:00:02","2023-05-09 10:00:02","","","","3","","","","","","","","","","","","","","","Frontiers","","","","C:\Users\abed-al-baset.taleb\Zotero\storage\L9PAEJU4\Lupoi et al. - 2015 - Evaluating Lignocellulosic Biomass, Its Derivative.pdf","","","","","","","","","","","","","","","","","","","","","","","","","","","","","","","","","","","","","","","","","","","","","","","","",""
"FW9FQQ5D","journalArticle","","Duigou, Olivier","Développement de la croissance de graphène par CVD sur cobalt, analyses morphologique et structurale","","","","","","","","2023-05-10 18:27:32","2023-05-10 18:27:32","","","","","","","","","","","","","","","","","","","","Zotero","","","","C:\Users\abed-al-baset.taleb\Zotero\storage\VB483DJT\Duigou - Développement de la croissance de graphène par CVD.pdf","","","","","","","","","","","","","","","","","","","","","","","","","","","","","","","","","","","","","","","","","","","","","","","","",""
"QG2YCKI2","journalArticle","2007","Stampfer, C.; Molitor, F.; Graf, D.; Ensslin, K.; Jungen, A.; Hierold, C.; Wirtz, Ludger","Raman imaging of doping domains in graphene on Si O 2","Applied Physics Letters","","","","","","2007","2023-05-10 18:46:42","2023-05-10 18:46:42","","241907","","24","91","","","","","","","","","","","","","","","Google Scholar","","Publisher: American Institute of Physics","","C:\Users\abed-al-baset.taleb\Zotero\storage\IRQFM9H6\Stampfer et al. - 2007 - Raman imaging of doping domains in graphene on Si .pdf; C:\Users\abed-al-baset.taleb\Zotero\storage\9UD7MVBG\Raman-imaging-of-doping-domains-in-graphene-on.html","","","","","","","","","","","","","","","","","","","","","","","","","","","","","","","","","","","","","","","","","","","","","","","","",""
"2QI4RVBE","journalArticle","2007","Pisana, Simone; Lazzeri, Michele; Casiraghi, Cinzia; Novoselov, Kostya S.; Geim, Andre K.; Ferrari, Andrea C.; Mauri, Francesco","Breakdown of the adiabatic Born–Oppenheimer approximation in graphene","Nature materials","","","","","","2007","2023-05-10 18:50:55","2023-05-10 18:50:55","","198–201","","3","6","","","","","","","","","","","","","","","Google Scholar","","Publisher: Nature Publishing Group UK London","","C:\Users\abed-al-baset.taleb\Zotero\storage\BLZWTA9P\Pisana et al. - 2007 - Breakdown of the adiabatic Born–Oppenheimer approx.pdf; C:\Users\abed-al-baset.taleb\Zotero\storage\4863L2YX\nmat1846.html","","","","","","","","","","","","","","","","","","","","","","","","","","","","","","","","","","","","","","","","","","","","","","","","",""
"96AMWNTN","journalArticle","2011","Liang, Xuelei; Sperling, Brent A.; Calizo, Irene; Cheng, Guangjun; Hacker, Christina Ann; Zhang, Qin; Obeng, Yaw; Yan, Kai; Peng, Hailin; Li, Qiliang","Toward clean and crackless transfer of graphene","ACS nano","","","","","","2011","2023-05-14 17:39:47","2023-05-14 17:39:47","","9144–9153","","11","5","","","","","","","","","","","","","","","Google Scholar","","Publisher: ACS Publications","","C:\Users\abed-al-baset.taleb\Zotero\storage\6ZWV7KQF\Liang et al. - 2011 - Toward clean and crackless transfer of graphene.pdf; C:\Users\abed-al-baset.taleb\Zotero\storage\A5CSE9RL\nn203377t.html","","","","","","","","","","","","","","","","","","","","","","","","","","","","","","","","","","","","","","","","","","","","","","","","",""
"CJZ99NP6","journalArticle","2014","Ambrosi, Adriano; Pumera, Martin","The CVD graphene transfer procedure introduces metallic impurities which alter the graphene electrochemical properties","Nanoscale","","","","","","2014","2023-05-14 17:41:26","2023-05-14 17:41:26","","472–476","","1","6","","","","","","","","","","","","","","","Google Scholar","","Publisher: Royal Society of Chemistry","","C:\Users\abed-al-baset.taleb\Zotero\storage\TK2NFKR4\c3nr05230c.html","","","","","","","","","","","","","","","","","","","","","","","","","","","","","","","","","","","","","","","","","","","","","","","","",""
"WY2Y9EZW","journalArticle","2002","Fiedler, Dirk A.; Scholz, Fritz","Electrochemical studies of solid compounds and materials","Electroanalytical Methods: Guide to Experiments and Applications","","","","","","2002","2023-05-18 17:13:35","2023-05-18 17:13:35","","211–222","","","","","","","","","","","","","","","","","","Google Scholar","","Publisher: Springer","","C:\Users\abed-al-baset.taleb\Zotero\storage\IADVVYYL\978-3-662-04757-6_11.html","","","","","","","","","","","","","","","","","","","","","","","","","","","","","","","","","","","","","","","","","","","","","","","","",""
"CKVWQ98L","journalArticle","2005","Calleja, Montserrat; Nordström, Maria; Álvarez, Mar; Tamayo, J.; Lechuga, Laura M.; Boisen, Anja","Highly sensitive polymer-based cantilever-sensors for DNA detection","Ultramicroscopy","","","","","","2005","2023-05-18 17:20:42","2023-05-18 17:20:42","","215–222","","1-4","105","","","","","","","","","","","","","","","Google Scholar","","Publisher: Elsevier","","C:\Users\abed-al-baset.taleb\Zotero\storage\NS4PRSX6\Calleja et al. - 2005 - Highly sensitive polymer-based cantilever-sensors .pdf; C:\Users\abed-al-baset.taleb\Zotero\storage\EHHHSF4U\S0304399105001415.html","","","","","","","","","","","","","","","","","","","","","","","","","","","","","","","","","","","","","","","","","","","","","","","","",""
"4KQKTZ2Q","journalArticle","2006","Marie, Rodolphe; Schmid, Silvan; Johansson, Alicia; Ejsing, Louise; Nordström, Maria; Häfliger, Daniel; Christensen, Claus BV; Boisen, Anja; Dufva, Martin","Immobilisation of DNA to polymerised SU-8 photoresist","Biosensors and Bioelectronics","","","","","","2006","2023-05-18 17:21:57","2023-05-18 17:21:57","","1327–1332","","7","21","","","","","","","","","","","","","","","Google Scholar","","Publisher: Elsevier","","C:\Users\abed-al-baset.taleb\Zotero\storage\BVLAS6EG\Marie et al. - 2006 - Immobilisation of DNA to polymerised SU-8 photores.pdf; C:\Users\abed-al-baset.taleb\Zotero\storage\LH9GN8KP\S0956566305000837.html","","","","","","","","","","","","","","","","","","","","","","","","","","","","","","","","","","","","","","","","","","","","","","","","",""
"XDX6X6AN","journalArticle","2013","Nemani, Krishnamurthy V.; Moodie, Karen L.; Brennick, Jeoffry B.; Su, Alison; Gimi, Barjor","In vitro and in vivo evaluation of SU-8 biocompatibility","Materials Science and Engineering: C","","","","","","2013","2023-05-18 17:23:03","2023-05-18 17:23:03","","4453–4459","","7","33","","","","","","","","","","","","","","","Google Scholar","","Publisher: Elsevier","","C:\Users\abed-al-baset.taleb\Zotero\storage\L2K8S33N\PMC3843949.html; C:\Users\abed-al-baset.taleb\Zotero\storage\L4RZIAXA\S0928493113004049.html","","","","","","","","","","","","","","","","","","","","","","","","","","","","","","","","","","","","","","","","","","","","","","","","",""
"8CKMYHYA","journalArticle","2018","Matarèse, Bruno FE; Feyen, Paul LC; Falco, Aniello; Benfenati, Fabio; Lugli, Paolo; deMello, John C.","Use of SU8 as a stable and biocompatible adhesion layer for gold bioelectrodes","Scientific reports","","","","","","2018","2023-05-18 17:24:08","2023-05-18 17:24:08","","5560","","1","8","","","","","","","","","","","","","","","Google Scholar","","Publisher: Nature Publishing Group UK London","","C:\Users\abed-al-baset.taleb\Zotero\storage\U5XFG8EA\s41598-018-21755-6.html","","","","","","","","","","","","","","","","","","","","","","","","","","","","","","","","","","","","","","","","","","","","","","","","",""
"JP6FTYQ3","journalArticle","2018","Hébert, Clement; Masvidal-Codina, Eduard; Suarez-Perez, Alejandro; Calia, Andrea Bonaccini; Piret, Gaelle; Garcia-Cortadella, Ramon; Illa, Xavi; Del Corro Garcia, Elena; De la Cruz Sanchez, Jose M.; Casals, Damia Viana","Flexible graphene solution-gated field-effect transistors: efficient transducers for micro-electrocorticography","Advanced Functional Materials","","","","","","2018","2023-05-18 17:25:47","2023-05-18 17:25:47","","1703976","","12","28","","","Flexible graphene solution-gated field-effect transistors","","","","","","","","","","","","Google Scholar","","Publisher: Wiley Online Library","","C:\Users\abed-al-baset.taleb\Zotero\storage\BSKLG425\Hébert et al. - 2018 - Flexible graphene solution-gated field-effect tran.pdf; C:\Users\abed-al-baset.taleb\Zotero\storage\HBIVENHC\adfm.html","","","","","","","","","","","","","","","","","","","","","","","","","","","","","","","","","","","","","","","","","","","","","","","","",""
"77VLNZWX","journalArticle","2007","Abgrall, Patrick; Conedera, Veronique; Camon, Henri; Gue, Anne-Marie; Nguyen, Nam-Trung","SU-8 as a structural material for labs-on-chips and microelectromechanical systems","Electrophoresis","","","","","","2007","2023-05-18 17:26:47","2023-05-18 17:26:47","","4539–4551","","24","28","","","","","","","","","","","","","","","Google Scholar","","Publisher: Wiley Online Library","","C:\Users\abed-al-baset.taleb\Zotero\storage\QQ56QDQX\Abgrall et al. - 2007 - SU-8 as a structural material for labs-on-chips an.pdf; C:\Users\abed-al-baset.taleb\Zotero\storage\GSD9CURW\elps.html","","","","","","","","","","","","","","","","","","","","","","","","","","","","","","","","","","","","","","","","","","","","","","","","",""
"GLGQGT9U","journalArticle","2017","Fu, Wangyang; Feng, Lingyan; Panaitov, Gregory; Kireev, Dmitry; Mayer, Dirk; Offenhäusser, Andreas; Krause, Hans-Joachim","Biosensing near the neutrality point of graphene","Science advances","","","","","","2017","2023-05-18 17:27:53","2023-05-18 17:27:53","","e1701247","","10","3","","","","","","","","","","","","","","","Google Scholar","","Publisher: American Association for the Advancement of Science","","C:\Users\abed-al-baset.taleb\Zotero\storage\HT5DMDVP\sciadv.html; C:\Users\abed-al-baset.taleb\Zotero\storage\KHE2V9ZU\sciadv.html","","","","","","","","","","","","","","","","","","","","","","","","","","","","","","","","","","","","","","","","","","","","","","","","",""
"77Z3XWLW","journalArticle","2018","Veliev, Farida; Cresti, Alessandro; Kalita, Dipankar; Bourrier, Antoine; Belloir, Tiphaine; Briançon-Marjollet, Anne; Albrieux, Mireille; Roche, Stephan; Bouchiat, Vincent; Delacour, Cécile","Sensing ion channel in neuron networks with graphene field effect transistors","2D Materials","","","","","","2018","2023-05-18 17:28:49","2023-05-18 17:28:49","","045020","","4","5","","","","","","","","","","","","","","","Google Scholar","","Publisher: IOP Publishing","","C:\Users\abed-al-baset.taleb\Zotero\storage\PK2W4WQ8\Veliev et al. - 2018 - Sensing ion channel in neuron networks with graphe.pdf","","","","","","","","","","","","","","","","","","","","","","","","","","","","","","","","","","","","","","","","","","","","","","","","",""
"L2WTVQNR","journalArticle","2003","Darmstadt, Hans; Roy, Christian","Surface spectroscopic study of basic sites on carbon blacks","Carbon","","","","","","2003","2023-05-20 18:34:17","2023-05-20 18:34:17","","2662–2665","","13","41","","","","","","","","","","","","","","","Google Scholar","","Publisher: Elsevier Science Publishing Company, Inc.","","C:\Users\abed-al-baset.taleb\Zotero\storage\9ICH2DEN\item.html","","","","","","","","","","","","","","","","","","","","","","","","","","","","","","","","","","","","","","","","","","","","","","","","",""
"FCG6ET4H","journalArticle","2010","Wepasnick, Kevin A.; Smith, Billy A.; Bitter, Julie L.; Howard Fairbrother, D.","Chemical and structural characterization of carbon nanotube surfaces","Analytical and bioanalytical chemistry","","","","","","2010","2023-05-20 18:35:05","2023-05-20 18:35:05","","1003–1014","","","396","","","","","","","","","","","","","","","Google Scholar","","Publisher: Springer","","C:\Users\abed-al-baset.taleb\Zotero\storage\TR4UVNQ7\Wepasnick et al. - 2010 - Chemical and structural characterization of carbon.pdf; C:\Users\abed-al-baset.taleb\Zotero\storage\E8BFIJXP\s00216-009-3332-5.html","","","","","","","","","","","","","","","","","","","","","","","","","","","","","","","","","","","","","","","","","","","","","","","","",""
"4CGJ3T8J","journalArticle","1999","Ago, Hiroki; Kugler, Thomas; Cacialli, Franco; Salaneck, William R.; Shaffer, Milo SP; Windle, Alan H.; Friend, Richard H.","Work functions and surface functional groups of multiwall carbon nanotubes","The Journal of Physical Chemistry B","","","","","","1999","2023-05-20 18:35:27","2023-05-20 18:35:27","","8116–8121","","38","103","","","","","","","","","","","","","","","Google Scholar","","Publisher: ACS Publications","","C:\Users\abed-al-baset.taleb\Zotero\storage\MUH7U5TH\jp991659y.html","","","","","","","","","","","","","","","","","","","","","","","","","","","","","","","","","","","","","","","","","","","","","","","","",""
"6Y7TUL8A","journalArticle","2009","Penuelas, J.; Ouerghi, A.; Lucot, D.; David, C.; Gierak, J.; Estrade-Szwarckopf, H.; Andreazza-Vignolle, C.","Surface morphology and characterization of thin graphene films on SiC vicinal substrate","Physical Review B","","","","","","2009","2023-05-20 18:40:14","2023-05-20 18:40:14","","033408","","3","79","","","","","","","","","","","","","","","Google Scholar","","Publisher: APS","","C:\Users\abed-al-baset.taleb\Zotero\storage\SZDEXCES\PhysRevB.79.html","","","","","","","","","","","","","","","","","","","","","","","","","","","","","","","","","","","","","","","","","","","","","","","","",""
"ALZCSA9R","journalArticle","2008","Emtsev, K. V.; Speck, F.; Seyller, Th; Ley, L.; Riley, John Douglas","Interaction, growth, and ordering of epitaxial graphene on SiC {0001} surfaces: A comparative photoelectron spectroscopy study","Physical Review B","","","","","","2008","2023-05-20 18:40:33","2023-05-20 18:40:33","","155303","","15","77","","","Interaction, growth, and ordering of epitaxial graphene on SiC {0001} surfaces","","","","","","","","","","","","Google Scholar","","Publisher: APS","","C:\Users\abed-al-baset.taleb\Zotero\storage\SHTEW4RY\Emtsev et al. - 2008 - Interaction, growth, and ordering of epitaxial gra.pdf; C:\Users\abed-al-baset.taleb\Zotero\storage\24P3Y4TW\PhysRevB.77.html","","","","","","","","","","","","","","","","","","","","","","","","","","","","","","","","","","","","","","","","","","","","","","","","",""
"UXAK8B92","journalArticle","2015","Cunge, G.; Ferrah, D.; Petit-Etienne, C.; Davydova, A.; Okuno, Hanako; Kalita, D.; Bouchiat, Vincent; Renault, Olivier","Dry efficient cleaning of poly-methyl-methacrylate residues from graphene with high-density H2 and H2-N2 plasmas","Journal of Applied Physics","","","","","","2015","2023-05-20 18:45:03","2023-05-20 18:45:03","","123302","","12","118","","","","","","","","","","","","","","","Google Scholar","","Publisher: AIP Publishing LLC","","C:\Users\abed-al-baset.taleb\Zotero\storage\ZCNBDBLZ\Cunge et al. - 2015 - Dry efficient cleaning of poly-methyl-methacrylate.pdf; C:\Users\abed-al-baset.taleb\Zotero\storage\PM6WDF2V\Dry-efficient-cleaning-of-poly-methyl-methacrylate.html","","","","","","","","","","","","","","","","","","","","","","","","","","","","","","","","","","","","","","","","","","","","","","","","",""
"EXKFBCNX","journalArticle","2011","Pirkle, A.; Chan, J.; Venugopal, A.; Hinojos, D.; Magnuson, C. W.; McDonnell, S.; Colombo, L.; Vogel, E. M.; Ruoff, R. S.; Wallace, R. M.","The effect of chemical residues on the physical and electrical properties of chemical vapor deposited graphene transferred to SiO2","Applied Physics Letters","","","","","","2011","2023-05-20 18:46:10","2023-05-20 18:46:10","","122108","","12","99","","","","","","","","","","","","","","","Google Scholar","","Publisher: American Institute of Physics","","C:\Users\abed-al-baset.taleb\Zotero\storage\5DWG2FKD\Pirkle et al. - 2011 - The effect of chemical residues on the physical an.pdf; C:\Users\abed-al-baset.taleb\Zotero\storage\VNY5LVES\The-effect-of-chemical-residues-on-the-physical.html","","","","","","","","","","","","","","","","","","","","","","","","","","","","","","","","","","","","","","","","","","","","","","","","",""
"M4FHTITY","journalArticle","2016","Ferrah, D.; Renault, O.; Petit-Etienne, C.; Okuno, H.; Berne, C.; Bouchiat, V.; Cunge, G.","XPS investigations of graphene surface cleaning using H2-and Cl2-based inductively coupled plasma","Surface and interface analysis","","","","","","2016","2023-05-20 18:46:46","2023-05-20 18:46:46","","451–455","","7","48","","","","","","","","","","","","","","","Google Scholar","","Publisher: Wiley Online Library","","C:\Users\abed-al-baset.taleb\Zotero\storage\KWXQRI6A\Ferrah et al. - 2016 - XPS investigations of graphene surface cleaning us.pdf; C:\Users\abed-al-baset.taleb\Zotero\storage\I6Q7P6VI\sia.html","","","","","","","","","","","","","","","","","","","","","","","","","","","","","","","","","","","","","","","","","","","","","","","","",""
"T49BPXDZ","journalArticle","1991","Beamson, G.; Bunn, A.; Briggs, D.","High-resolution monochromated XPS of poly (methyl methacrylate) thin films on a conducting substrate","Surface and interface analysis","","","","","","1991","2023-05-20 18:48:32","2023-05-20 18:48:32","","105–115","","2","17","","","","","","","","","","","","","","","Google Scholar","","Publisher: Wiley Online Library","","C:\Users\abed-al-baset.taleb\Zotero\storage\YYIGQJ8T\sia.html","","","","","","","","","","","","","","","","","","","","","","","","","","","","","","","","","","","","","","","","","","","","","","","","",""
"G389YLGC","journalArticle","","Hugo, Adrien","Graphene-based liquid-gated transistors for biosensing","","","","","","","","2023-05-22 13:18:16","2023-05-22 13:18:16","","","","","","","","","","","","","","","fr","","","","","Zotero","","","","C:\Users\abed-al-baset.taleb\Zotero\storage\8PEWWR4X\Hugo - Graphene-based liquid-gated transistors for biosen.pdf","","","","","","","","","","","","","","","","","","","","","","","","","","","","","","","","","","","","","","","","","","","","","","","","",""
"YXD8ZCHQ","journalArticle","2017","Li, Xiao-Li; Han, Wen-Peng; Wu, Jiang-Bin; Qiao, Xiao-Fen; Zhang, Jun; Tan, Ping-Heng","Layer-Number Dependent Optical Properties of 2D Materials and Their Application for Thickness Determination","Advanced Functional Materials","","1616301X","10.1002/adfm.201604468","https://onlinelibrary.wiley.com/doi/10.1002/adfm.201604468","","2017-05","2023-05-27 17:49:06","2023-05-27 17:49:06","2023-05-27 17:49:06","1604468","","19","27","","Adv. Funct. Mater.","","","","","","","","en","","","","","DOI.org (Crossref)","","","","C:\Users\abed-al-baset.taleb\Zotero\storage\FB38DSPL\Li et al. - 2017 - Layer-Number Dependent Optical Properties of 2D Ma.pdf","","","","","","","","","","","","","","","","","","","","","","","","","","","","","","","","","","","","","","","","","","","","","","","","",""
"ULFDFBQL","journalArticle","2010","Han, Sang Hee; Kim, Sang Kyu; Park, Kyoungsook; Yi, So Yeon; Park, Hye-Jung; Lyu, Hong-Kun; Kim, Moonil; Chung, Bong Hyun","Detection of mutant p53 using field-effect transistor biosensor","Analytica Chimica Acta","","0003-2670","10.1016/j.aca.2010.03.006","https://www.sciencedirect.com/science/article/pii/S0003267010002898","We assessed the abilities of wild p53 and mutant p53 proteins to interact with the consensus DNA-binding sequence using a MOSFET biosensor. This is the first report in which mutant p53 has been detected on the basis of DNA–protein interaction using a FET-type biosensor. In an effort to evaluate the performance of this protocol, we constructed the core domain of wild p53 and mutant p53 (R248W), which is DNA-binding-defective. After the immobilization of the cognate DNA to the sensing layer, wild p53 and mutant p53 were applied to the DNA-coated gate surface, and subsequently analyzed using a semiconductor analyzer. As a consequence, a significant up-shift in drain current was noted in response to wild p53, but not mutant p53, thereby indicating that sequence-specific DNA–protein interactions could be successfully monitored using a field-effect-based biosensor. These data also corresponded to the results obtained using surface plasmon resonance (SPR) measurements. Taken together, our results show that a FET-type biosensor might be promising for the monitoring of mutant p53 on the basis of its DNA-binding activity, providing us with very valuable insights into the monitoring for diseases, particularly those associated with DNA–protein binding events.","2010-04-14","2023-05-28 15:15:01","2023-05-28 15:15:01","2023-05-28 15:15:01","79-83","","1","665","","Analytica Chimica Acta","","","","","","","","en","","","","","ScienceDirect","","","","C:\Users\abed-al-baset.taleb\Zotero\storage\ET58PFN9\S0003267010002898.html","","","Biosensor; DNA-binding domain; Metal oxide semiconductor field-effect transistor; Mutant p53; p53","","","","","","","","","","","","","","","","","","","","","","","","","","","","","","","","","","","","","","","","","","","","","",""
"DQBH48D7","journalArticle","2021","Jmai, Bassem; Silva, Vitor; Mendes, Paulo M.","2D electronics based on graphene field effect transistors: Tutorial for modelling and simulation","Micromachines","","","","","","2021","2023-05-28 20:12:45","2023-05-28 20:12:45","","979","","8","12","","","2D electronics based on graphene field effect transistors","","","","","","","","","","","","Google Scholar","","Publisher: MDPI","","C:\Users\abed-al-baset.taleb\Zotero\storage\YKQ4JRVZ\Jmai et al. - 2021 - 2D electronics based on graphene field effect tran.pdf; C:\Users\abed-al-baset.taleb\Zotero\storage\JA2GUILN\979.html","","","","","","","","","","","","","","","","","","","","","","","","","","","","","","","","","","","","","","","","","","","","","","","","",""
"T238RC5Z","journalArticle","2015","Zhang, Zhangyuan; Zou, Xuming; Xu, Lei; Liao, Lei; Liu, Wei; Ho, Johnny; Xiao, Xiangheng; Jiang, Changzhong; Li, Jinchai","Hydrogen gas sensor based on metal oxide nanoparticles decorated graphene transistor","Nanoscale","","2040-3364, 2040-3372","10.1039/C5NR01924A","http://xlink.rsc.org/?DOI=C5NR01924A","","2015","2023-05-29 17:26:08","2023-05-29 17:26:08","2023-05-29 17:26:08","10078-10084","","22","7","","Nanoscale","","","","","","","","en","","","","","DOI.org (Crossref)","","","","C:\Users\abed-al-baset.taleb\Zotero\storage\MCZ3UAD8\Zhang et al. - 2015 - Hydrogen gas sensor based on metal oxide nanoparti.pdf","","","","","","","","","","","","","","","","","","","","","","","","","","","","","","","","","","","","","","","","","","","","","","","","",""
"Y7J5E8XX","journalArticle","2019","Hayasaka, Takeshi; Kubota, Yoshihiro; Liu, Yumeng; Lin, Liwei","The influences of temperature, humidity, and O2 on electrical properties of graphene FETs","Sensors and Actuators B: Chemical","","09254005","10.1016/j.snb.2019.01.037","https://linkinghub.elsevier.com/retrieve/pii/S0925400519300565","The influences of temperature, humidity, and O2 to the gas sensing characteristics of graphene field effect transistors (FETs) have been studied as these environmental factors are often encountered in practical gas sensing applications. Both empirical results and theoretical analyses are characterized for heated graphene FET gas sensors from room temperature to 100°C under a wide range of applied gate voltages. It is found that at a constant applied gate voltage of -20 V with respect to the gate voltage at the neutrality point, the sensitivity of the device to humidity decreases; while the sensitivity to O2 decreases first, and increases afterwards as the operation temperature increases. These phenomena are explained by using the physisorption and chemisorption models between gases and the graphene surface. Furthermore, devices operate in the hole regime (the majority carrier is hole in the prototype devices) result in lower sensitivity to humidity and O2 as compared to those results of gas sensors operating in the electron regime due to the p-type doping effects of moisture and O2. As such, this work provides good foundations for graphene-based FET gas sensors in practical application environments under the influences of ambient air, temperature, and humidity.","2019-04","2023-05-29 19:32:20","2023-05-29 19:32:20","2023-05-29 19:32:20","116-122","","","285","","Sensors and Actuators B: Chemical","","","","","","","","en","","","","","DOI.org (Crossref)","","","","C:\Users\abed-al-baset.taleb\Zotero\storage\2QXIGZQQ\Hayasaka et al. - 2019 - The influences of temperature, humidity, and O2 on.pdf","","","","","","","","","","","","","","","","","","","","","","","","","","","","","","","","","","","","","","","","","","","","","","","","",""
"NATMLDZG","journalArticle","2011","Xia, Fengnian; Perebeinos, Vasili; Lin, Yu-ming; Wu, Yanqing; Avouris, Phaedon","The origins and limits of metal–graphene junction resistance","Nature nanotechnology","","","","","","2011","2023-06-01 16:24:10","2023-06-01 16:24:10","","179–184","","3","6","","","","","","","","","","","","","","","Google Scholar","","Publisher: Nature Publishing Group UK London","","C:\Users\abed-al-baset.taleb\Zotero\storage\KGWKSB3Z\Xia et al. - 2011 - The origins and limits of metal–graphene junction .pdf; C:\Users\abed-al-baset.taleb\Zotero\storage\ATGWZ85Y\nnano.2011.html","","","","","","","","","","","","","","","","","","","","","","","","","","","","","","","","","","","","","","","","","","","","","","","","",""
"ACZWDJC7","journalArticle","2009","Farmer, Damon B.; Golizadeh-Mojarad, Roksana; Perebeinos, Vasili; Lin, Yu-Ming; Tulevski, George S.; Tsang, James C.; Avouris, Phaedon","Chemical doping and electron- hole conduction asymmetry in graphene devices","Nano letters","","","","","","2009","2023-06-01 16:25:18","2023-06-01 16:25:18","","388–392","","1","9","","","","","","","","","","","","","","","Google Scholar","","Publisher: ACS Publications","","C:\Users\abed-al-baset.taleb\Zotero\storage\I26K3ZF4\Farmer et al. - 2009 - Chemical doping and electron- hole conduction asym.pdf; C:\Users\abed-al-baset.taleb\Zotero\storage\BMQAXYED\nl803214a.html","","","","","","","","","","","","","","","","","","","","","","","","","","","","","","","","","","","","","","","","","","","","","","","","",""
"QBW3ALG9","journalArticle","2014","Gammelgaard, Lene; Caridad, José M.; Cagliani, Alberto; Mackenzie, David MA; Petersen, Dirch H.; Booth, Timothy J.; Bøggild, Peter","Graphene transport properties upon exposure to PMMA processing and heat treatments","2D Materials","","","","","","2014","2023-06-01 16:26:42","2023-06-01 16:26:42","","035005","","3","1","","","","","","","","","","","","","","","Google Scholar","","Publisher: IOP Publishing","","C:\Users\abed-al-baset.taleb\Zotero\storage\PP8Q7IKB\Gammelgaard et al. - 2014 - Graphene transport properties upon exposure to PMM.pdf; C:\Users\abed-al-baset.taleb\Zotero\storage\4R4DG56I\meta.html","","","","","","","","","","","","","","","","","","","","","","","","","","","","","","","","","","","","","","","","","","","","","","","","",""
"AWNCK9UN","journalArticle","2011","Nagashio, K.; Yamashita, T.; Nishimura, T.; Kita, K.; Toriumi, A.","Electrical transport properties of graphene on SiO2 with specific surface structures","Journal of Applied Physics","","","","","","2011","2023-06-01 16:28:50","2023-06-01 16:28:50","","024513","","2","110","","","","","","","","","","","","","","","Google Scholar","","Publisher: American Institute of Physics","","C:\Users\abed-al-baset.taleb\Zotero\storage\DP88TJCI\Nagashio et al. - 2011 - Electrical transport properties of graphene on SiO.pdf; C:\Users\abed-al-baset.taleb\Zotero\storage\7GS92LSE\Electrical-transport-properties-of-graphene-on.html","","","","","","","","","","","","","","","","","","","","","","","","","","","","","","","","","","","","","","","","","","","","","","","","",""
"WYR3W63G","journalArticle","2009","Kim, Seyoung; Nah, Junghyo; Jo, Insun; Shahrjerdi, Davood; Colombo, Luigi; Yao, Zhen; Tutuc, Emanuel; Banerjee, Sanjay K.","Realization of a high mobility dual-gated graphene field-effect transistor with Al 2 O 3 dielectric","Applied Physics Letters","","","","","","2009","2023-06-01 16:34:40","2023-06-01 16:34:40","","062107","","6","94","","","","","","","","","","","","","","","Google Scholar","","Publisher: American Institute of Physics","","C:\Users\abed-al-baset.taleb\Zotero\storage\K23VNFJ8\Kim et al. - 2009 - Realization of a high mobility dual-gated graphene.pdf; C:\Users\abed-al-baset.taleb\Zotero\storage\L9GMZXEM\Realization-of-a-high-mobility-dual-gated-graphene.html","","","","","","","","","","","","","","","","","","","","","","","","","","","","","","","","","","","","","","","","","","","","","","","","",""
"LKG3USFN","webpage","","","F. Giubileo and A. Di Bartolomeo, “The role of... - Google Scholar","","","","","https://scholar.google.com/scholar?hl=en&as_sdt=0%2C5&q=F.+Giubileo+and+A.+Di+Bartolomeo%2C+%E2%80%9CThe+role+of+contact+resistance+in+graphene+field-effect+devices%2C%E2%80%9D+Progress+in+Surface+Science%2C+vol.+92%2C+no.+3%2C+pp.+143%E2%80%93175%2C+Aug.+2017.&btnG=","","","2023-06-01 17:33:15","2023-06-01 17:33:15","2023-06-01 17:33:15","","","","","","","","","","","","","","","","","","","","","","","C:\Users\abed-al-baset.taleb\Zotero\storage\2KRI7ISC\scholar.html","","","","","","","","","","","","","","","","","","","","","","","","","","","","","","","","","","","","","","","","","","","","","","","","",""
"TFZD7E64","journalArticle","2017","Giubileo, Filippo; Di Bartolomeo, Antonio","The role of contact resistance in graphene field-effect devices","Progress in Surface Science","","00796816","10.1016/j.progsurf.2017.05.002","https://linkinghub.elsevier.com/retrieve/pii/S0079681617300126","The extremely high carrier mobility and the unique band structure, make graphene very useful for field-effect transistor applications. According to several works, the primary limitation to graphene based transistor performance is not related to the material quality, but to extrinsic factors that affect the electronic transport properties. One of the most important parasitic element is the contact resistance appearing between graphene and the metal electrodes functioning as the source and the drain. Ohmic contacts to graphene, with low contact resistances, are necessary for injection and extraction of majority charge carriers to prevent transistor parameter fluctuations caused by variations of the contact resistance. The International Technology Roadmap for Semiconductors, toward integration and down-scaling of graphene electronic devices, identifies as a challenge the development of a CMOS compatible process that enables reproducible formation of low contact resistance. However, the contact resistance is still not well understood despite it is a crucial barrier towards further improvements. In this paper, we review the experimental and theoretical activity that in the last decade has been focusing on the reduction of the contact resistance in graphene transistors. We will summarize the specific properties of graphene-metal contacts with particular attention to the nature of metals, impact of fabrication process, Fermi level pinning, interface modifications induced through surface processes, charge transport mechanism, and edge contact formation.","2017-08","2023-06-01 17:33:45","2023-06-01 17:33:45","2023-06-01 17:33:45","143-175","","3","92","","Progress in Surface Science","","","","","","","","en","","","","","DOI.org (Crossref)","","","","C:\Users\abed-al-baset.taleb\Zotero\storage\8MXIDLZ5\Giubileo et Di Bartolomeo - 2017 - The role of contact resistance in graphene field-e.pdf","","","","","","","","","","","","","","","","","","","","","","","","","","","","","","","","","","","","","","","","","","","","","","","","",""
"R9DANVDI","journalArticle","2015","Eissa, Shimaa; Jimenez, Gaston Contreras; Mahvash, Farzaneh; Guermoune, Abdeladim; Tlili, Chaker; Szkopek, Thomas; Zourob, Mohammed; Siaj, Mohamed","Functionalized CVD monolayer graphene for label-free impedimetric biosensing","Nano Research","","1998-0124, 1998-0000","10.1007/s12274-014-0671-0","http://link.springer.com/10.1007/s12274-014-0671-0","Recent advances in large area graphene growth have led to tremendous applications in a variety of areas. In the present study, chemical vapor deposited (CVD) monolayer graphene supported on glass substrate is examined as electrode material for electrochemical biosensing applications. We report here a facile strategy for the covalent functionalization of CVD monolayer graphene by electrochemical reduction of carboxyphenyl diazonium salt prepared in situ in acidic aqueous solution. The carboxyphenyl-modified graphene is characterized using Raman spectroscopy, X- ray photoelectron spectroscopy (XPS), atomic force microscopy (AFM) as well as electrochemical impedance spectroscopy (EIS). We also show that the number of grafted carboxyphenyl groups on the graphene surface can be controlled by the number of cyclic voltammetry (CV) scans used for the electrografting step. We further present the fabrication and characterization of an immunosensor based on immobilization of ovalbumin antibody on the graphene surface after the activation of the grafted carboxylic groups via an EDC/NHS chemistry. The binding between the surface-immobilized antibodies and ovalbumin was then monitored by faradaic electrochemical impedance spectroscopy (EIS) in [Fe(CN)6]3-/4- solution. The percentage change of charge-transfer resistance (Rct) after binding shows a linear response with the ovalbumin concentrations in the range of 1.0 pgmL-1 to 100 ngmL−1, with a detection limit of 0.9 pgmL−1. Our results indicate good sensitivity of the developed functionalized CVD graphene platform which opens the way for use of CVD monolayer graphene in a wide range of electrochemical biosensing devices.","2015-05","2023-06-11 20:59:41","2023-06-11 20:59:41","2023-06-11 20:59:41","1698-1709","","5","8","","Nano Res.","","","","","","","","en","","","","","DOI.org (Crossref)","","","","C:\Users\abed-al-baset.taleb\Zotero\storage\KVYJZK8Y\Eissa et al. - 2015 - Functionalized CVD monolayer graphene for label-fr.pdf","","","","","","","","","","","","","","","","","","","","","","","","","","","","","","","","","","","","","","","","","","","","","","","","",""
"SBAYTPGT","journalArticle","","Morvan, Marjorie","Etude des transistors à effet de champ organiques : réalisation d'OFETs ambipolaires et étude des mécanismes d'injection dans les OFETs verticaux","","","","","","","","2023-06-29 08:28:41","2023-06-29 08:28:41","","","","","","","","","","","","","","","fr","","","","","Zotero","","","","C:\Users\abed-al-baset.taleb\Zotero\storage\53J8RWA8\Morvan - Etude des transistors à effet de champ organiques .pdf","","","","","","","","","","","","","","","","","","","","","","","","","","","","","","","","","","","","","","","","","","","","","","","","",""
"RAIG5J46","journalArticle","2009","Paredes, J. I.; Villar-Rodil, S.; Solís-Fernández, P.; Martínez-Alonso, A.; Tascón, J. M. D.","Atomic Force and Scanning Tunneling Microscopy Imaging of Graphene Nanosheets Derived from Graphite Oxide","Langmuir","","0743-7463, 1520-5827","10.1021/la804216z","https://pubs.acs.org/doi/10.1021/la804216z","","2009-05-19","2023-07-02 14:21:31","2023-07-02 14:21:31","2023-07-02 14:21:31","5957-5968","","10","25","","Langmuir","","","","","","","","en","","","","","DOI.org (Crossref)","","","","C:\Users\abed-al-baset.taleb\Zotero\storage\67FX4TGG\Paredes et al. - 2009 - Atomic Force and Scanning Tunneling Microscopy Ima.pdf","","","","","","","","","","","","","","","","","","","","","","","","","","","","","","","","","","","","","","","","","","","","","","","","",""
"XTKPDFPT","journalArticle","2012","Wall, Mark","Raman Spectroscopy Optimizes Graphene Characterization","AM&P Technical Articles","","0882-7958","10.31399/asm.amp.2012-04.p035","https://dl.asminternational.org/amp-tech/article/170/4/35/26022/Raman-Spectroscopy-Optimizes-Graphene","Abstract             Raman spectroscopy is an indispensable tool in laboratories conducting research in the nascent field of carbon nanomaterials. It provides comprehensive information about the structure and layer thickness of graphene samples with high levels of sensitivity, stability, and control.","2012-04-01","2023-07-02 16:38:15","2023-07-02 16:38:15","2023-07-02 16:38:15","35-38","","4","170","","","","","","","","","","en","","","","","DOI.org (Crossref)","","","","C:\Users\abed-al-baset.taleb\Zotero\storage\9G9Z99BN\Wall - 2012 - Raman Spectroscopy Optimizes Graphene Characteriza.pdf","","","","","","","","","","","","","","","","","","","","","","","","","","","","","","","","","","","","","","","","","","","","","","","","",""
"X9V4P7RH","book","2012","Neamen, Donald A.","Semiconductor physics and devices: basic principles","","978-0-07-352958-5","","","","","2012","2023-07-12 14:58:31","2023-07-12 14:58:31","","","758","","","","","Semiconductor physics and devices","","","","","McGraw-Hill","New York, NY","en","","","","","K10plus ISBN","","","","C:\Users\abed-al-baset.taleb\Zotero\storage\N6YBPTRT\Neamen - 2012 - Semiconductor physics and devices basic principle.pdf","","","","","","","","","","","","","","","","","","","","","","","4. ed","","","","","","","","","","","","","","","","","","","","","","","","","",""
"GHSH4KJR","journalArticle","2014","Inaba, Akira; Yoo, Kwanghyun; Takei, Yusuke; Matsumoto, Kiyoshi; Shimoyama, Isao","Ammonia gas sensing using a graphene field–effect transistor gated by ionic liquid","Sensors and Actuators B: Chemical","","09254005","10.1016/j.snb.2013.12.118","https://linkinghub.elsevier.com/retrieve/pii/S0925400514000057","","2014-05","2023-07-18 09:31:14","2023-07-18 09:31:14","2023-07-18 09:31:14","15-21","","","195","","Sensors and Actuators B: Chemical","","","","","","","","en","","","","","DOI.org (Crossref)","","","","C:\Users\abed-al-baset.taleb\Zotero\storage\ELKKYS5Z\Inaba et al. - 2014 - Ammonia gas sensing using a graphene field–effect .pdf","","","","","","","","","","","","","","","","","","","","","","","","","","","","","","","","","","","","","","","","","","","","","","","","",""
"ACCASIH9","journalArticle","2020","Song, Hang; Liu, Jie; Lu, Haiyang; Chen, Chao; Ba, Long","High sensitive gas sensor based on vertical graphene field effect transistor","Nanotechnology","","0957-4484, 1361-6528","10.1088/1361-6528/ab668a","https://iopscience.iop.org/article/10.1088/1361-6528/ab668a","A gas sensor made from graphene vertical ﬁeld effect transistor (VGr-FET) has been fabricated using graphene as the source electrode, C60 thin ﬁlm as the semiconductor layer and aluminum thin ﬁlm as the drain electrode. The on/off ratio of transistor gated by bottom electrode with ionic liquid gel as dielectric layer is derived to be 103 from measured source–drain current Ids. The apparent energy barrier height between the graphene and polycrystalline fullerene was calculated from the model of heterojunction diode I–V response curves. The barrier height jBH was altered by the gating potential vertically applied on graphene sheet, resulting the large on/off ratio of the transistor. The effect of surface adsorption of water vapor, oxygen, ammonia and isoprene gas phase molecules on the Ids was measured. The lower limit of detection (LOD) for ammonia (86 ppb) than that of isoprene (420 ppb) is attributed to the donor nature of ammonia contact with p-type graphene, and the adsorbed donor leads to a corresponding positive gating effect to the VGr-FET. This facile, low cost and quick responsive device shows promise for early diagnose of severe human respiratory diseases.","2020-04-17","2023-07-18 09:52:25","2023-07-18 09:52:25","2023-07-18 09:52:25","165503","","16","31","","Nanotechnology","","","","","","","","en","","","","","DOI.org (Crossref)","","","","C:\Users\abed-al-baset.taleb\Zotero\storage\6TUZU3LJ\Song et al. - 2020 - High sensitive gas sensor based on vertical graphe.pdf","","","","","","","","","","","","","","","","","","","","","","","","","","","","","","","","","","","","","","","","","","","","","","","","",""
"5NZAJMTB","journalArticle","2020","Hetemi, Dardan; Noël, Vincent; Pinson, Jean","Grafting of diazonium salts on surfaces: Application to biosensors","Biosensors","","","","","","2020","2023-07-20 08:33:30","2023-07-20 08:33:30","","4","","1","10","","","Grafting of diazonium salts on surfaces","","","","","","","","","","","","Google Scholar","","Publisher: MDPI","","C:\Users\abed-al-baset.taleb\Zotero\storage\QYTVAEIV\Hetemi et al. - 2020 - Grafting of diazonium salts on surfaces Applicati.pdf; C:\Users\abed-al-baset.taleb\Zotero\storage\GG6EFAJK\4.html","","","","","","","","","","","","","","","","","","","","","","","","","","","","","","","","","","","","","","","","","","","","","","","","",""
"SJMIC7F6","journalArticle","2012","Bekyarova, E; Sarkar, S; Niyogi, S; Itkis, M E; Haddon, R C","Advances in the chemical modification of epitaxial graphene","Journal of Physics D: Applied Physics","","0022-3727, 1361-6463","10.1088/0022-3727/45/15/154009","https://iopscience.iop.org/article/10.1088/0022-3727/45/15/154009","Chemistry will play an increasingly important role in the realization of graphene applications. The chemical formation of covalent carbon–carbon bonds involving the basal plane carbon atoms offers an alternative approach to the control of the electronic properties of graphene, and potentially allows the generation of insulating and semiconducting regions in graphene wafers. This review summarizes recent progress in the covalent modiﬁcation of epitaxial graphene and the effect that chemistry has on the electronic and magnetic properties of the material.","2012-04-18","2023-07-20 14:38:30","2023-07-20 14:38:30","2023-07-20 14:38:30","154009","","15","45","","J. Phys. D: Appl. Phys.","","","","","","","","en","","","","","DOI.org (Crossref)","","","","C:\Users\abed-al-baset.taleb\Zotero\storage\GJ3FVJYU\Bekyarova et al. - 2012 - Advances in the chemical modification of epitaxial.pdf","","","","","","","","","","","","","","","","","","","","","","","","","","","","","","","","","","","","","","","","","","","","","","","","",""
"5XZCB68U","journalArticle","2014","Lee, Seunghyun; Zhong, Zhaohui","Nanoelectronic circuits based on two-dimensional atomic layer crystals","Nanoscale","","2040-3364, 2040-3372","10.1039/C4NR03670K","http://xlink.rsc.org/?DOI=C4NR03670K","This article reviews the progress and the prospect of analog and digital circuits based on 2D atomic layer crystals that go beyond the single-transistor level studies.           ,              Since the discovery of graphene and related forms of two-dimensional (2D) atomic layer crystals, numerous studies have reported on the fundamental material aspects, such as the synthesis, the physical properties, and the electrical properties on the transistor level. With the advancement in large-area synthesis methods, system level integration to exploit the unique applications of these materials is close at hand. The main purpose of this review is to focus on the current progress and the prospect of circuits and systems based on 2D material that go beyond the single-transistor level studies. Both analog and digital circuits based on graphene and related 2D atomic layer crystals will be discussed.","2014","2023-07-20 19:41:29","2023-07-20 19:41:29","2023-07-20 19:41:29","13283-13300","","22","6","","Nanoscale","","","","","","","","en","","","","","DOI.org (Crossref)","","","","C:\Users\abed-al-baset.taleb\Zotero\storage\ALR6YXJ3\Lee et Zhong - 2014 - Nanoelectronic circuits based on two-dimensional a.pdf","","","","","","","","","","","","","","","","","","","","","","","","","","","","","","","","","","","","","","","","","","","","","","","","",""
"LPZK2EWE","journalArticle","2012","KS, Novoselov; VI, Fal'ko; L, Colombo; PR, Gellert; MG, Schwab; K, Kim","A roadmap for graphene.","Nature","","0028-0836","","","","2012","2023-07-20 19:42:36","2023-07-20 19:42:36","","192-200","","7419","490","","","","","","","","","","","","","","","","","","","C:\Users\abed-al-baset.taleb\Zotero\storage\RXVN956Q\7251786-what-kind-of-graphene-for-which-application.html","","","","","","","","","","","","","","","","","","","","","","","","","","","","","","","","","","","","","","","","","","","","","","","","",""
"8HT6KRX4","journalArticle","2012","Kim, Kwanpyo; Coh, Sinisa; Tan, Liang Z.; Regan, William; Yuk, Jong Min; Chatterjee, Eric; Crommie, M. F.; Cohen, Marvin L.; Louie, Steven G.; Zettl, A.","Raman spectroscopy study of rotated double-layer graphene: misorientation-angle dependence of electronic structure","Physical review letters","","","","","","2012","2023-07-23 11:18:22","2023-07-23 11:18:22","","246103","","24","108","","","Raman spectroscopy study of rotated double-layer graphene","","","","","","","","","","","","Google Scholar","","Publisher: APS","","C:\Users\abed-al-baset.taleb\Zotero\storage\NBVST6Y2\Kim et al. - 2012 - Raman spectroscopy study of rotated double-layer g.pdf; C:\Users\abed-al-baset.taleb\Zotero\storage\FD85ARLZ\PhysRevLett.108.html","","","","","","","","","","","","","","","","","","","","","","","","","","","","","","","","","","","","","","","","","","","","","","","","",""
"8BC3D2GP","journalArticle","2013","Jorio, Ado; Cançado, Luiz Gustavo","Raman spectroscopy of twisted bilayer graphene","Solid State Communications","","","","","","2013","2023-07-23 11:19:24","2023-07-23 11:19:24","","3–12","","","175","","","","","","","","","","","","","","","Google Scholar","","Publisher: Elsevier","","C:\Users\abed-al-baset.taleb\Zotero\storage\HJNS6288\Jorio et Cançado - 2013 - Raman spectroscopy of twisted bilayer graphene.pdf; C:\Users\abed-al-baset.taleb\Zotero\storage\V2S2XNQ7\S0038109813003700.html","","","","","","","","","","","","","","","","","","","","","","","","","","","","","","","","","","","","","","","","","","","","","","","","",""
"AQIUQGGU","journalArticle","2011","Tiberj, Antoine; Camara, Nicolas; Godignon, Philippe; Camassel, Jean","Micro-Raman and micro-transmission imaging of epitaxial graphene grown on the Si and C faces of 6H-SiC","Nanoscale research letters","","","","","","2011","2023-07-23 11:20:45","2023-07-23 11:20:45","","1–9","","","6","","","","","","","","","","","","","","","Google Scholar","","Publisher: Springer","","C:\Users\abed-al-baset.taleb\Zotero\storage\3R28WA6V\1556-276X-6-478.html","","","","","","","","","","","","","","","","","","","","","","","","","","","","","","","","","","","","","","","","","","","","","","","","",""
"SI9FND8F","journalArticle","2014","Park, Jeho; Nguyen, Hoang Hiep; Woubit, Abdela; Kim, Moonil","Applications of Field-Effect Transistor (FET)-Type Biosensors","Applied Science and Convergence Technology","","2288-6559","10.5757/ASCT.2014.23.2.61","http://koreascience.or.kr/journal/view.jsp?kj=E1VSCA&py=2014&vnc=v23n2&sp=61","","2014-03-30","2023-07-23 13:41:47","2023-07-23 13:41:48","2023-07-23 13:41:47","61-71","","2","23","","Applied Science and Convergence Technology","","","","","","","","en","","","","","DOI.org (Crossref)","","","","C:\Users\abed-al-baset.taleb\Zotero\storage\DIE4LFFG\document.pdf","","","","","","","","","","","","","","","","","","","","","","","","","","","","","","","","","","","","","","","","","","","","","","","","",""
"5VHUBLJX","journalArticle","2017","Kaisti, Matti","Detection principles of biological and chemical FET sensors","Biosensors and Bioelectronics","","09565663","10.1016/j.bios.2017.07.010","https://linkinghub.elsevier.com/retrieve/pii/S0956566317304517","The seminal importance of detecting ions and molecules for point-of-care tests has driven the search for more sensitive, speciﬁc, and robust sensors. Electronic detection holds promise for future miniaturized in-situ applications and can be integrated into existing electronic manufacturing processes and technology. The resulting small devices will be inherently well suited for multiplexed and parallel detection. In this review, diﬀerent ﬁeld-eﬀect transistor (FET) structures and detection principles are discussed, including label-free and indirect detection mechanisms. The fundamental detection principle governing every potentiometric sensor is introduced, and diﬀerent state-of-the-art FET sensor structures are reviewed. This is followed by an analysis of electrolyte interfaces and their inﬂuence on sensor operation. Finally, the fundamentals of diﬀerent detection mechanisms are reviewed and some detection schemes are discussed. In the conclusion, current commercial eﬀorts are brieﬂy considered.","2017-12","2023-07-23 13:44:08","2023-07-23 13:44:08","2023-07-23 13:44:08","437-448","","","98","","Biosensors and Bioelectronics","","","","","","","","en","","","","","DOI.org (Crossref)","","","","C:\Users\abed-al-baset.taleb\Zotero\storage\9W5374L3\Kaisti - 2017 - Detection principles of biological and chemical FE.pdf","","","","","","","","","","","","","","","","","","","","","","","","","","","","","","","","","","","","","","","","","","","","","","","","",""
"5LFCZ95R","journalArticle","2020","Sadighbayan, Deniz; Hasanzadeh, Mohammad; Ghafar-Zadeh, Ebrahim","Biosensing based on field-effect transistors (FET): Recent progress and challenges","TrAC Trends in Analytical Chemistry","","01659936","10.1016/j.trac.2020.116067","https://linkinghub.elsevier.com/retrieve/pii/S016599362030296X","The use of ﬁeld-Effect-Transistor (FET) type biosensing arrangements has been highlighted by researchers in the ﬁeld of early biomarker detection and drug screening. Their non-metalized gate dielectrics that are exposed to an electrolyte solution cover the semiconductor material and actively transduce the biological changes on the surface. The efﬁciency of these novel devices in detecting different biomolecular analytes in a real-time, highly precise, speciﬁc, and label-free manner has been validated by numerous research studies. Considerable progress has been attained in designing FET devices, especially for biomedical diagnosis and cell-based assays in the past few decades. The exceptional electronic properties, compactness, and scalability of these novel tools are very desirable for designing rapid, label-free, and mass detection of biomolecules. With the incorporation of nanotechnology, the performance of biosensors based on FET boosts signiﬁcantly, particularly, employment of nanomaterials such as graphene, metal nanoparticles, single and multi-walled carbon nanotubes, nanorods, and nanowires. Besides, their commercial availability, and high-quality production on a large-scale, turn them to be one of the most preferred sensing and screening platforms. This review presents the basic structural setup and working principle of different types of FET devices. We also focused on the latest progression regarding the use of FET biosensors for the recognition of viruses such as, recently emerged COVID-19, Inﬂuenza, Hepatitis B Virus, protein biomarkers, nucleic acids, bacteria, cells, and various ions. Additionally, an outline of the development of FET sensors for investigations related to drug development and the cellular investigation is also presented. Some technical strategies for enhancing the sensitivity and selectivity of detection in these devices are addressed as well. However, there are still certain challenges which are remained unaddressed concerning the performance and clinical use of transistorbased point-of-care (POC) instruments; accordingly, expectations about their future improvement for biosensing and cellular studies are argued at the end of this review.","2020-12","2023-07-23 13:47:17","2023-07-23 13:47:17","2023-07-23 13:47:17","116067","","","133","","TrAC Trends in Analytical Chemistry","Biosensing based on field-effect transistors (FET)","","","","","","","en","","","","","DOI.org (Crossref)","","","","C:\Users\abed-al-baset.taleb\Zotero\storage\RU89PZAB\Sadighbayan et al. - 2020 - Biosensing based on field-effect transistors (FET).pdf","","","","","","","","","","","","","","","","","","","","","","","","","","","","","","","","","","","","","","","","","","","","","","","","",""
"Q8STGP2X","journalArticle","2018","Le Borgne, Brice; Girard, Aurélie; Cardinaud, Christophe; Salaün, Anne-Claire; Pichon, Laurent; Geneste, Florence","Covalent functionalization of polycrystalline silicon nanoribbons applied to Pb(II) electrical detection","Sensors and Actuators B: Chemical","","09254005","10.1016/j.snb.2018.04.138","https://linkinghub.elsevier.com/retrieve/pii/S0925400518308426","","2018-09","2023-07-23 13:53:12","2023-07-23 13:53:12","2023-07-23 13:53:12","368-375","","","268","","Sensors and Actuators B: Chemical","","","","","","","","en","","","","","DOI.org (Crossref)","","","","C:\Users\abed-al-baset.taleb\Zotero\storage\G9HE4V4R\Le Borgne et al. - 2018 - Covalent functionalization of polycrystalline sili.pdf","","","","","","","","","","","","","","","","","","","","","","","","","","","","","","","","","","","","","","","","","","","","","","","","",""
"BKIDWZCA","journalArticle","2011","Burgess, James S.; Matis, Bernard R.; Robinson, Jeremy T.; Bulat, Felipe A.; Keith Perkins, F.; Houston, Brian H.; Baldwin, Jeffrey W.","Tuning the electronic properties of graphene by hydrogenation in a plasma enhanced chemical vapor deposition reactor","Carbon","","00086223","10.1016/j.carbon.2011.06.034","https://linkinghub.elsevier.com/retrieve/pii/S0008622311004696","Graphene ﬁlms grown by chemical vapor deposition on copper foils were hydrogenated using commercially viable methods. Parameters such as plasma power, plasma frequency, and sample temperature were varied to determine the maximum possible hydrogenation without etching the ﬁlm. The kinetic energy of the ions inside the plasma is critical, in that higher kinetic energy ions tend to etch the ﬁlm while lower kinetic energy ions participate in the hydrogenation process. The ﬁlm sheet resistance was shown to increase, while the hole mobility was shown to decrease with increasing hydrogenation. Variable temperature measurements demonstrate a transition from semi-metallic behavior for graphene to semiconducting behavior for hydrogenated graphene. Sheet resistance measurements as a function of temperature also suggest the emergence of a bandgap in the hydrogenated graphene ﬁlms.","2011-11","2023-08-02 21:55:09","2023-08-02 21:55:09","2023-08-02 21:55:09","4420-4426","","13","49","","Carbon","","","","","","","","en","","","","","DOI.org (Crossref)","","","","C:\Users\abed-al-baset.taleb\Zotero\storage\DXATAWUX\Burgess et al. - 2011 - Tuning the electronic properties of graphene by hy.pdf","","","","","","","","","","","","","","","","","","","","","","","","","","","","","","","","","","","","","","","","","","","","","","","","",""
"K5XSSXMC","journalArticle","2011","Li, Wan; Tan, Cen; Lowe, Michael A.; Abruña, Héctor D.; Ralph, Daniel C.","Electrochemistry of Individual Monolayer Graphene Sheets","ACS Nano","","1936-0851, 1936-086X","10.1021/nn103537q","https://pubs.acs.org/doi/10.1021/nn103537q","We report on the fabrication and measurement of devices designed to study the electrochemical behavior of individual monolayer graphene sheets as electrodes. We have examined both mechanically exfoliated and chemical vapor deposited (CVD) graphene. The eﬀective device areas, determined from cyclic voltammetric measurements, show good agreement with the geometric area of the graphene sheets, indicating that the redox reactions occur on clean graphene surfaces. The electron transfer rates of ferrocenemethanol at both types of graphene electrodes were found to be more than 10-fold faster than at the basal plane of bulk graphite, which we ascribe to corrugations in the graphene sheets. We further describe an electrochemical investigation of adsorptive phenomena on graphene surfaces. Our results show that electrochemistry can provide a powerful means of investigating the interactions between molecules and the surfaces of graphene sheets as electrodes.","2011-03-22","2023-08-02 22:24:32","2023-08-02 22:24:32","2023-08-02 22:24:32","2264-2270","","3","5","","ACS Nano","","","","","","","","en","","","","","DOI.org (Crossref)","","","","C:\Users\abed-al-baset.taleb\Zotero\storage\VFTKAW2K\Li et al. - 2011 - Electrochemistry of Individual Monolayer Graphene .pdf","","","","","","","","","","","","","","","","","","","","","","","","","","","","","","","","","","","","","","","","","","","","","","","","",""
"US6BMXCG","journalArticle","2003","Rietveld, G.; Koijmans, Ch.V.; Henderson, L.C.A.; Hall, M.J.; Harmon, S.; Warnecke, P.; Schumacher, B.","DC conductivity measurements in the van der pauw geometry","IEEE Transactions on Instrumentation and Measurement","","0018-9456","10.1109/TIM.2003.809917","http://ieeexplore.ieee.org/document/1202071/","A new methodology for conductivity measurements, where square metallic samples are measured with the Van der Pauw technique, has been successfully implemented. The uncertainty obtained is 0.04% and a comparison between national metrology institutes gives an agreement of the measurement values within 0.035%. Major advantages of the new method are that smaller reference samples are required and only a single dimensional measurement is needed.","2003-04","2023-08-04 12:43:56","2023-08-04 12:43:56","2023-08-04 12:43:56","449-453","","2","52","","IEEE Trans. Instrum. Meas.","","","","","","","","en","","","","","DOI.org (Crossref)","","","","C:\Users\abed-al-baset.taleb\Zotero\storage\EJYQI7UR\Rietveld et al. - 2003 - DC conductivity measurements in the van der pauw g.pdf","","","","","","","","","","","","","","","","","","","","","","","","","","","","","","","","","","","","","","","","","","","","","","","","",""
"3NXUQJXD","journalArticle","2018","Syu, Yu-Cheng; Hsu, Wei-En; Lin, Chih-Ting","Review—Field-Effect Transistor Biosensing: Devices and Clinical Applications","ECS Journal of Solid State Science and Technology","","2162-8769, 2162-8777","10.1149/2.0291807jss","https://iopscience.iop.org/article/10.1149/2.0291807jss","","2018","2023-08-08 22:08:19","2023-08-08 22:08:19","2023-08-08 22:08:19","Q3196-Q3207","","7","7","","ECS J. Solid State Sci. Technol.","Review—Field-Effect Transistor Biosensing","","","","","","","en","","","","","DOI.org (Crossref)","","","","C:\Users\abed-al-baset.taleb\Zotero\storage\ZBEHKM5Y\Syu et al. - 2018 - Review—Field-Effect Transistor Biosensing Devices.pdf","","","","","","","","","","","","","","","","","","","","","","","","","","","","","","","","","","","","","","","","","","","","","","","","",""
"4NJ2GIGW","journalArticle","2013","Kwon, Oh Seok; Lee, Seung Hwan; Park, Seon Joo; An, Ji Hyun; Song, Hyun Seok; Kim, Taejoon; Oh, Joon Hak; Bae, Joonwon; Yoon, Hyeonseok; Park, Tai Hyun; Jang, Jyongsik","Large-Scale Graphene Micropattern Nano-biohybrids: High-Performance Transducers for FET-Type Flexible Fluidic HIV Immunoassays","Advanced Materials","","09359648","10.1002/adma.201301523","https://onlinelibrary.wiley.com/doi/10.1002/adma.201301523","","2013-08-14","2023-08-08 22:26:31","2023-08-08 22:26:31","2023-08-08 22:26:31","4177-4185","","30","25","","Adv. Mater.","Large-Scale Graphene Micropattern Nano-biohybrids","","","","","","","en","","","","","DOI.org (Crossref)","","","","C:\Users\abed-al-baset.taleb\Zotero\storage\X9H3LAKU\Kwon et al. - 2013 - Large-Scale Graphene Micropattern Nano-biohybrids.pdf","","","","","","","","","","","","","","","","","","","","","","","","","","","","","","","","","","","","","","","","","","","","","","","","",""
"SH92CXQA","journalArticle","2023","Wang, Jian; Xu, Shuyan; Zhang, Congcong; Yin, Ailing; Sun, Mingyuan; Yang, Hongru; Hu, Chenguo; Liu, Hong","Field effect transistor‐based tactile sensors: From sensor configurations to advanced applications","InfoMat","","2567-3165, 2567-3165","10.1002/inf2.12376","https://onlinelibrary.wiley.com/doi/10.1002/inf2.12376","","2023-01","2023-08-08 22:39:55","2023-08-08 22:39:55","2023-08-08 22:39:55","","","1","5","","InfoMat","Field effect transistor‐based tactile sensors","","","","","","","en","","","","","DOI.org (Crossref)","","","","C:\Users\abed-al-baset.taleb\Zotero\storage\7YTYIENI\Wang et al. - 2023 - Field effect transistor‐based tactile sensors Fro.pdf","","","","","","","","","","","","","","","","","","","","","","","","","","","","","","","","","","","","","","","","","","","","","","","","",""
"39DHX3ZK","journalArticle","2022","Cao, Shengli; Sun, Peng; Xiao, Gang; Tang, Qiang; Sun, Xinyue; Zhao, Hongyu; Zhao, Shuang; Lu, Huibin; Yue, Zhao","ISFET‐based sensors for (bio)chemical applications: A review","Electrochemical Science Advances","","2698-5977, 2698-5977","10.1002/elsa.202100207","https://chemistry-europe.onlinelibrary.wiley.com/doi/10.1002/elsa.202100207","Ion-sensitive field effect transistor (ISFET) sensor is a hot topic these years, playing the combined roles of signal recognizer and converter for (bio)chemical analytes. In this review article, the basic concept, origination, and history of the ISFET sensor are presented. In addition, the common fabrication processes, the most-used working principle (potentiometric, amperometric, and impedancemetric), and the techniques of gate functionality (physical, chemical, and biological) are discussed introducing the afterward signal transfer processes from ISFET to the terminals through different types of circuits. At last, the development and recent progress (until 2021) of ions and biomolecules (DNA molecules, antibodies, enzymatic substrates, and cell-related secretions or metabolism) were introduced together with the outlook and facing obstacles (Debye screening, the wearability of ISFET, the multiplexed detections) before the commercialization of ISFET. This review article emphasizes the advantages of the developed ISFET sensors as miniaturization, low-cost, all-solid, highly sensitive, and easy operation for portable and multiplexed detections.","2022-03-14","2023-08-08 23:05:26","2023-08-08 23:05:27","2023-08-08 23:05:26","e2100207","","","","","Electrochemical Science Adv","ISFET‐based sensors for (bio)chemical applications","","","","","","","en","","","","","DOI.org (Crossref)","","","","C:\Users\abed-al-baset.taleb\Zotero\storage\7DUTFVBT\elsa.pdf","","","","","","","","","","","","","","","","","","","","","","","","","","","","","","","","","","","","","","","","","","","","","","","","",""
"AL2LV359","journalArticle","2018","Chang, Jingbo; Maity, Arnab; Pu, Haihui; Sui, Xiaoyu; Zhou, Guihua; Ren, Ren; Lu, Ganhua; Chen, Junhong","Impedimetric phosphorene field-effect transistors for rapid detection of lead ions","Nanotechnology","","0957-4484, 1361-6528","10.1088/1361-6528/aacb6a","https://iopscience.iop.org/article/10.1088/1361-6528/aacb6a","Stimuli-responsive ﬁeld-effect transistors (FETs) based on 2D nanomaterials have been considered as attractive candidates for sensing applications due to their rapid response, high sensitivity, and real-time monitoring capabilities. Here we report on an impedance spectroscopy technique for FET sensor applications with ultra-high sensitivity and good reproducibility. An alumina-gated FET, using an ultra-thin black phosphorus ﬂake as the channel material, shows signiﬁcantly improved stability and ultra-high sensitivity to lead ions in water. In addition, the phase angle in the low frequency region was found to change signiﬁcantly in the presence of lead ion solutions, whereas it was almost unchanged in the high frequency region. The dominant sensing performance was found at low frequency phase spectrum around 50 Hz and a systematic change in the phase angle in different lead ion concentrations was found. Applying the impedance spectroscopy technique to insulator-gated FET sensors could open a new avenue for real-world sensor applications.","2018-09-14","2023-08-08 23:30:35","2023-08-08 23:30:36","2023-08-08 23:30:35","375501","","37","29","","Nanotechnology","","","","","","","","en","","","","","DOI.org (Crossref)","","","","C:\Users\abed-al-baset.taleb\Zotero\storage\Z8SB25D8\Chang et al. - 2018 - Impedimetric phosphorene field-effect transistors .pdf","","","","","","","","","","","","","","","","","","","","","","","","","","","","","","","","","","","","","","","","","","","","","","","","",""
"DJVPHN2Z","journalArticle","1970","Bergveld, P.","Development of an Ion-Sensitive Solid-State Device for Neurophysiological Measurements","IEEE Transactions on Biomedical Engineering","","1558-2531","10.1109/TBME.1970.4502688","","The development of an ion-sensitive solid-state device is described. The device combines the principles of an MOS transistor and a glass electrode and can be used for measurements of ion activities in electrochemical and biological environments. Some preliminary results are given.","1970-01","2023-08-09 17:07:19","2023-08-09 17:07:19","","70-71","","1","BME-17","","","","","","","","","","","","","","","IEEE Xplore","","Conference Name: IEEE Transactions on Biomedical Engineering","","C:\Users\abed-al-baset.taleb\Zotero\storage\PFQK8G6H\4502688.html","","","Biomembranes; Cells (biology); Electrical resistance measurement; Electrodes; FETs; Glass; MOSFET circuits; Performance evaluation; Silicon compounds; Solid state circuits","","","","","","","","","","","","","","","","","","","","","","","","","","","","","","","","","","","","","","","","","","","","","",""
"FGHVRKBA","journalArticle","2021","Santermans, Sybren; Schanovsky, Franz; Gupta, Mihir; Hellings, Geert; Heyns, Marc; Van Roy, Willem; Martens, Koen","The Significance of Nonlinear Screening and the pH Interference Mechanism in Field-Effect Transistor Molecular Sensors","ACS sensors","","","","","","2021","2023-08-09 17:14:00","2023-08-09 17:14:00","","1049–1056","","3","6","","","","","","","","","","","","","","","Google Scholar","","Publisher: ACS Publications","","C:\Users\abed-al-baset.taleb\Zotero\storage\CU42HWY4\acssensors.html","","","","","","","","","","","","","","","","","","","","","","","","","","","","","","","","","","","","","","","","","","","","","","","","",""
"KSFTX93Y","journalArticle","2009","Lee, Chang-Soo; Kim, Sang Kyu; Kim, Moonil","Ion-sensitive field-effect transistor for biological sensing","Sensors","","","","","","2009","2023-08-09 17:15:19","2023-08-09 17:15:19","","7111–7131","","9","9","","","","","","","","","","","","","","","Google Scholar","","Publisher: Molecular Diversity Preservation International (MDPI)","","C:\Users\abed-al-baset.taleb\Zotero\storage\DIMXF7Z3\Lee et al. - 2009 - Ion-sensitive field-effect transistor for biologic.pdf; C:\Users\abed-al-baset.taleb\Zotero\storage\4T484CC3\7111.html","","","","","","","","","","","","","","","","","","","","","","","","","","","","","","","","","","","","","","","","","","","","","","","","",""
"PTRDERUV","webpage","","","Multigate transistors as the future of classical metal–oxide–semiconductor field-effect transistors | Nature","","","","","https://www.nature.com/articles/nature10676","","","2023-08-09 22:23:39","2023-08-09 22:23:39","2023-08-09 22:23:39","","","","","","","","","","","","","","","","","","","","","","","C:\Users\abed-al-baset.taleb\Zotero\storage\VXXNBQKS\nature10676.html","","","","","","","","","","","","","","","","","","","","","","","","","","","","","","","","","","","","","","","","","","","","","","","","",""
"9MP4X3GV","journalArticle","2018","Tian, Meng; Xu, Shicai; Zhang, Junye; Wang, Xiaoxin; Li, Zhenhua; Liu, Huilan; Song, Ruihong; Yu, Ziheng; Wang, Jihua","RNA Detection Based on Graphene Field-Effect Transistor Biosensor","Advances in Condensed Matter Physics","","1687-8108, 1687-8124","10.1155/2018/8146765","https://www.hindawi.com/journals/acmp/2018/8146765/","Graphene has attracted much attention in biosensing applications due to its unique properties. In this paper, the monolayer graphene was grown by chemical vapor deposition (CVD) method. Using the graphene as the electric channel, we have fabricated a graphene field-effect transistor (G-FET) biosensor that can be used for label-free detection of RNA. Compared with conventional method, the G-FET RNA biosensor can be run in low cost, be time-saving, and be miniaturized for RNA measurement. The sensors show high performance and achieve the RNA detection sensitivity as low as 0.1 fM, which is two orders of magnitude lower than the previously reports. Moreover, the G-FET biosensor can readily distinguish target RNA from noncomplementary RNA, showing high selectivity for RNA detection. The developed G-FET RNA biosensor with high sensitivity, fast analysis speed, and simple operation may provide a new feasible direction for RNA research and biosensing.","2018-06-03","2023-08-10 13:31:04","2023-08-10 13:31:04","2023-08-10 13:31:04","1-6","","","2018","","Advances in Condensed Matter Physics","","","","","","","","en","","","","","DOI.org (Crossref)","","","","C:\Users\abed-al-baset.taleb\Zotero\storage\XWLRYUB5\Tian et al. - 2018 - RNA Detection Based on Graphene Field-Effect Trans.pdf","","","","","","","","","","","","","","","","","","","","","","","","","","","","","","","","","","","","","","","","","","","","","","","","",""
"CD9IBFN3","journalArticle","2010","Han, Sang Hee; Kim, Sang Kyu; Park, Kyoungsook; Yi, So Yeon; Park, Hye-Jung; Lyu, Hong-Kun; Kim, Moonil; Chung, Bong Hyun","Detection of mutant p53 using field-effect transistor biosensor","Analytica Chimica Acta","","0003-2670","10.1016/j.aca.2010.03.006","https://www.sciencedirect.com/science/article/pii/S0003267010002898","We assessed the abilities of wild p53 and mutant p53 proteins to interact with the consensus DNA-binding sequence using a MOSFET biosensor. This is the first report in which mutant p53 has been detected on the basis of DNA–protein interaction using a FET-type biosensor. In an effort to evaluate the performance of this protocol, we constructed the core domain of wild p53 and mutant p53 (R248W), which is DNA-binding-defective. After the immobilization of the cognate DNA to the sensing layer, wild p53 and mutant p53 were applied to the DNA-coated gate surface, and subsequently analyzed using a semiconductor analyzer. As a consequence, a significant up-shift in drain current was noted in response to wild p53, but not mutant p53, thereby indicating that sequence-specific DNA–protein interactions could be successfully monitored using a field-effect-based biosensor. These data also corresponded to the results obtained using surface plasmon resonance (SPR) measurements. Taken together, our results show that a FET-type biosensor might be promising for the monitoring of mutant p53 on the basis of its DNA-binding activity, providing us with very valuable insights into the monitoring for diseases, particularly those associated with DNA–protein binding events.","2010-04-14","2023-08-10 18:43:27","2023-08-10 18:43:27","2023-08-10 18:43:27","79-83","","1","665","","Analytica Chimica Acta","","","","","","","","en","","","","","ScienceDirect","","","","C:\Users\abed-al-baset.taleb\Zotero\storage\GWQBMF7L\S0003267010002898.html","","","Biosensor; DNA-binding domain; Metal oxide semiconductor field-effect transistor; Mutant p53; p53","","","","","","","","","","","","","","","","","","","","","","","","","","","","","","","","","","","","","","","","","","","","","",""
"YIML8V6F","journalArticle","2017","Fu, Wangyang; Jiang, Lin; Van Geest, Erik P.; Lima, Lia M. C.; Schneider, Grégory F.","Sensing at the Surface of Graphene Field-Effect Transistors","Advanced Materials","","09359648","10.1002/adma.201603610","https://onlinelibrary.wiley.com/doi/10.1002/adma.201603610","","2017-02","2023-08-11 01:05:27","2023-08-11 01:05:28","2023-08-11 01:05:27","1603610","","6","29","","Adv. Mater.","","","","","","","","en","","","","","DOI.org (Crossref)","","","","C:\Users\abed-al-baset.taleb\Zotero\storage\WERSPRLM\Fu et al. - 2017 - Sensing at the Surface of Graphene Field-Effect Tr.pdf","","","","","","","","","","","","","","","","","","","","","","","","","","","","","","","","","","","","","","","","","","","","","","","","",""
"8IF88C38","journalArticle","2018","Lee, Hoik; Paeng, Keewook; Kim, Ick Soo","A review of doping modulation in graphene","Synthetic Metals","","03796779","10.1016/j.synthmet.2018.07.001","https://linkinghub.elsevier.com/retrieve/pii/S0379677918301668","Graphene is one of the most promising materials for post-silicon electronics and has outstanding physical and electronic properties. In particular, its unique 2D sp2-hybridized networks of carbon atoms arranged in a honeycomb lattice make graphene potential for exceptional electronic quality. However, in order to use graphene in possible applications such as photodetector, photovoltaics, sensors, organic light-emitting diodes, organic thinﬁlm transistors, supercapacitor, and catalytic applications, it is essential to precisely modulate its electronic properties, i.e. doping. In this review, we present various strategies for engineering the Fermi level in graphene, including heteroatom substitution, molecular adsorption, introducing functional molecules for external stimuli responsiveness. We anticipate that the current review provides a concise information on the methods to probe doping level, eﬀective doping approaches, and achievable doping type and charge carrier concentration ranges so that an appropriate doping approach can be readily designed.","2018-10","2023-08-11 14:36:43","2023-08-11 14:36:43","2023-08-11 14:36:43","36-47","","","244","","Synthetic Metals","","","","","","","","en","","","","","DOI.org (Crossref)","","","","C:\Users\abed-al-baset.taleb\Zotero\storage\T25GPUZP\Lee et al. - 2018 - A review of doping modulation in graphene.pdf","","","","","","","","","","","","","","","","","","","","","","","","","","","","","","","","","","","","","","","","","","","","","","","","",""
"ZHW4Y5HB","journalArticle","2012","Sojoudi, Hossein; Baltazar, Jose; Henderson, Clifford; Graham, Samuel","Impact of post-growth thermal annealing and environmental exposure on the unintentional doping of CVD graphene films","Journal of Vacuum Science & Technology B, Nanotechnology and Microelectronics: Materials, Processing, Measurement, and Phenomena","","2166-2746, 2166-2754","10.1116/1.4731472","https://pubs.aip.org/jvb/article/30/4/041213/467640/Impact-of-post-growth-thermal-annealing-and","The effect of vacuum annealing followed by exposure to oxygen and water vapor on the unintentional doping of CVD-grown graphene was investigated. CVD graphene samples were cycled between room temperature and 500 °C in vacuum while in situ Raman measurements were recorded. During the heating and cooling cycle, a hysteresis in the Raman response due to the desorption of p-dopants was observed. Upon exposure to O2 gas or air, a blue shift in the Raman response with respect to the as grown film was observed which was due to increased adsorption of p-dopants on the sample. Experiments showed that a combination of water vapor and oxygen is more effective in p-doping the samples than just oxygen and that the doping effects are reversible in both cases. Electrical measurements performed on back-gated field effect graphene devices indicate that shifts in the Dirac point correlate well to the shifts in the Raman peak positions as well as changes found in XPS and Kelvin Probe measurements, verifying the changes in doping of the graphene.","2012-07-01","2023-08-11 14:38:13","2023-08-11 14:38:14","2023-08-11 14:38:13","041213","","4","30","","","","","","","","","","en","","","","","DOI.org (Crossref)","","","","C:\Users\abed-al-baset.taleb\Zotero\storage\G45ZVGVE\Sojoudi et al. - 2012 - Impact of post-growth thermal annealing and enviro.pdf","","","","","","","","","","","","","","","","","","","","","","","","","","","","","","","","","","","","","","","","","","","","","","","","",""
"ACSDRXY9","journalArticle","2015","Zheng, Chao; Huang, Le; Zhang, Hong; Sun, Zhongyue; Zhang, Zhiyong; Zhang, Guo-Jun","Fabrication of Ultrasensitive Field-Effect Transistor DNA Biosensors by a Directional Transfer Technique Based on CVD-Grown Graphene","ACS Applied Materials & Interfaces","","1944-8244, 1944-8252","10.1021/acsami.5b03941","https://pubs.acs.org/doi/10.1021/acsami.5b03941","","2015-08-12","2023-08-14 22:08:34","2023-08-14 22:08:34","2023-08-14 22:08:34","16953-16959","","31","7","","ACS Appl. Mater. Interfaces","","","","","","","","en","","","","","DOI.org (Crossref)","","","","C:\Users\abed-al-baset.taleb\Zotero\storage\67CD5MQ5\Zheng et al. - 2015 - Fabrication of Ultrasensitive Field-Effect Transis.pdf","","","","","","","","","","","","","","","","","","","","","","","","","","","","","","","","","","","","","","","","","","","","","","","","",""
"QXCMED7C","journalArticle","2011","Zólyomi, V.; Koltai, J.; Kürti, J.","Resonance Raman spectroscopy of graphite and graphene","physica status solidi (b)","","1521-3951","10.1002/pssb.201100295","https://onlinelibrary.wiley.com/doi/abs/10.1002/pssb.201100295","We review the key aspects of Raman spectroscopy of graphite and graphene, focusing on the double resonant Raman modes such as the D, D* (also known as G' or 2D), and D' bands. We discuss the practical significance of Raman spectroscopy for the study of single- and multi-layer graphene.","2011","2023-08-17 14:03:47","2023-08-17 14:03:47","2023-08-17 14:03:47","2435-2444","","11","248","","","","","","","","","","en","","","","","Wiley Online Library","","_eprint: https://onlinelibrary.wiley.com/doi/pdf/10.1002/pssb.201100295","","C:\Users\abed-al-baset.taleb\Zotero\storage\K95A3AHN\Zólyomi et al. - 2011 - Resonance Raman spectroscopy of graphite and graph.pdf; C:\Users\abed-al-baset.taleb\Zotero\storage\VRUCRVZ7\pssb.html","","","graphene; double resonance; graphite; Raman","","","","","","","","","","","","","","","","","","","","","","","","","","","","","","","","","","","","","","","","","","","","","",""
"Y6VCPA5M","journalArticle","1992","Delamar, Michel; Hitmi, Rachid; Pinson, Jean; Saveant, Jean Michel","Covalent modification of carbon surfaces by grafting of functionalized aryl radicals produced from electrochemical reduction of diazonium salts","Journal of the American Chemical Society","","","","","","1992","2023-08-20 16:43:27","2023-08-20 16:43:27","","5883–5884","","14","114","","","","","","","","","","","","","","","Google Scholar","","Publisher: ACS Publications","","","","","","","","","","","","","","","","","","","","","","","","","","","","","","","","","","","","","","","","","","","","","","","","","","",""
"DHJG97S9","journalArticle","2005","Pinson, Jean; Podvorica, Fetah","Attachment of organic layers to conductive or semiconductive surfaces by reduction of diazonium salts","Chemical Society Reviews","","","","","","2005","2023-08-20 16:48:45","2023-08-20 16:48:45","","429–439","","5","34","","","","","","","","","","","","","","","Google Scholar","","Publisher: Royal Society of Chemistry","","C:\Users\abed-al-baset.taleb\Zotero\storage\DZNY9D5A\Pinson et Podvorica - 2005 - Attachment of organic layers to conductive or semi.pdf; C:\Users\abed-al-baset.taleb\Zotero\storage\QP29MEMD\unauth.html","","","","","","","","","","","","","","","","","","","","","","","","","","","","","","","","","","","","","","","","","","","","","","","","",""
"SLWUVUGP","journalArticle","2000","Downard, Alison J.","Electrochemically assisted covalent modification of carbon electrodes","Electroanalysis: An International Journal Devoted to Fundamental and Practical Aspects of Electroanalysis","","","","","","2000","2023-08-20 16:49:10","2023-08-20 16:49:10","","1085–1096","","14","12","","","","","","","","","","","","","","","Google Scholar","","Publisher: Wiley Online Library","","C:\Users\abed-al-baset.taleb\Zotero\storage\NRZIHHK9\1521-4109(200010)12141085AID-ELAN10853.0.html","","","","","","","","","","","","","","","","","","","","","","","","","","","","","","","","","","","","","","","","","","","","","","","","",""
"W6435QVH","journalArticle","1997","Allongue, Philippe; Delamar, Michel; Desbat, Bernard; Fagebaume, Olivier; Hitmi, Rachid; Pinson, Jean; Savéant, Jean-Michel","Covalent modification of carbon surfaces by aryl radicals generated from the electrochemical reduction of diazonium salts","Journal of the american chemical society","","","","","","1997","2023-08-20 16:50:57","2023-08-20 16:50:57","","201–207","","1","119","","","","","","","","","","","","","","","Google Scholar","","Publisher: ACS Publications","","C:\Users\abed-al-baset.taleb\Zotero\storage\ERRRHVBH\ja963354s.html","","","","","","","","","","","","","","","","","","","","","","","","","","","","","","","","","","","","","","","","","","","","","","","","",""
"PHPAH8Q7","journalArticle","1992","Delamar, Michel; Hitmi, Rachid; Pinson, Jean; Saveant, Jean Michel","Covalent modification of carbon surfaces by grafting of functionalized aryl radicals produced from electrochemical reduction of diazonium salts","Journal of the American Chemical Society","","","","","","1992","2023-08-20 16:57:09","2023-08-20 16:57:09","","5883–5884","","14","114","","","","","","","","","","","","","","","Google Scholar","","Publisher: ACS Publications","","","","","","","","","","","","","","","","","","","","","","","","","","","","","","","","","","","","","","","","","","","","","","","","","","",""
"8P2R2EYN","journalArticle","2008","McCreery, Richard L.","Advanced carbon electrode materials for molecular electrochemistry","Chemical reviews","","","","","","2008","2023-08-20 17:01:34","2023-08-20 17:01:34","","2646–2687","","7","108","","","","","","","","","","","","","","","Google Scholar","","Publisher: ACS Publications","","C:\Users\abed-al-baset.taleb\Zotero\storage\9H4MA9MU\McCreery - 2008 - Advanced carbon electrode materials for molecular .pdf","","","","","","","","","","","","","","","","","","","","","","","","","","","","","","","","","","","","","","","","","","","","","","","","",""
"GGVGIGQH","journalArticle","2008","Gooding, J. Justin","Advances in Interfacial Design for Electrochemical Biosensors and Sensors: Aryl Diazonium Salts for Modifying Carbon and Metal Electrodes","Electroanalysis","","1521-4109","10.1002/elan.200704124","https://onlinelibrary.wiley.com/doi/abs/10.1002/elan.200704124","A high degree of control over the modification of electrode surfaces is required for many sensing applications. This critical review briefly outlines some of the considerations for interfacial design in amperometric sensors and discusses some of advantages and disadvantages of alkanethiol modified metal electrodes for such applications before concentrating on the modification of electrodes surfaces using aryl diazonium salts. The pros and cons of this chemistry, and the application of aryl diazonium salts for sensing on carbon electrodes is reviewed before recent advances in using this chemistry for modifying metal electrodes are presented.","2008","2023-09-13 12:08:28","2023-09-13 12:08:28","2023-09-13 12:08:28","573-582","","6","20","","","Advances in Interfacial Design for Electrochemical Biosensors and Sensors","","","","","","","en","Copyright © 2008 WILEY-VCH Verlag GmbH & Co. KGaA, Weinheim","","","","Wiley Online Library","","_eprint: https://onlinelibrary.wiley.com/doi/pdf/10.1002/elan.200704124","","C:\Users\abed-al-baset.taleb\Zotero\storage\M8I4ZSLF\elan.html","","","Aryl diazonium salts; Biosensors; Interfacial design; Self-assembled monolayers; Surface modification","","","","","","","","","","","","","","","","","","","","","","","","","","","","","","","","","","","","","","","","","","","","","",""
"67KPX7R3","thesis","2000","Podvorica, Fetah; Pinson, Jean","Greffage de groupes aryles sur la surface des metaux par reduction electrochimique de sels de diazonium","","","","","https://www.theses.fr/2000PA077186","Le but de ce travail est de demontrer que la reduction electrochimique des sels de diazonium sur les electrodes de fer conduit au greffage de groupes aryles sur la surface de fer. Nous avons de plus etudie les consequences du greffage sur l'inhibition de la corrosion du fer en milieux aqueux acide et neutre. Dans le premier chapitre nous avons montre par differentes methodes (voltametrie cyclique, spectroscopie vibrationelle, spectroscopie des photoelectrons x, spectroscopie des ions retrodiffuses) qu'il est effectivement possible d'attacher de facon forte des groupes aromatiques au fer par reduction electrochimique de sels de diazonium. Le greffage peut etre effectue soit dans l'acetonitrile soit en milieu aqueux acide. La reaction en milieu acide est plus difficile car le greffage est toujours en competition soit avec l'oxydation du metal soit avec la reduction des protons. Les concentrations surfacique pour differents composes aryldiazonium varient entre 1 et 4. 5*10 - 9 mol/cm 2. Dans un second chapitre nous avons effectue des mesures electrochimiques pour determiner la vitesse de corrosion du fer dans la solution aqueuse de l'acide sulfurique 0. 1 n et dans les solutions neutres pour evaluer l'influence de ces couches sur la vitesse de corrosion du fer. Les mesures par voltametrie cyclique a tres basse vitesse de balayage et par impedancemetrie demontrent que cette influence est bien presente mais elle n'est pas totale. L'inhibition de la corrosion varie entre 60 et 82%. Dans un troisieme chapitre nous avons etendu le procede a de nombreux autres metaux : zn, cu, ni, co, ti, pt, au. Le phenomene de greffage est demontre par voltametrie cyclique et la spectroscopie des photoelectrons x. Dans le cas de zn nous avons etudie la protection du metal par la couche greffee en milieu acide. Dans un quatrieme chapitre nous avons ameliore la protection contre la corrosion en greffant des motifs susceptibles de se lier a des polymeres. Nous avons montre que ces couches polymeres liees de maniere forte au metal offrent un protection tout a fait efficace du metal par des couches organiques et nous avons etudie brievement les proprietes de ce type de materiaux.","2000-01-01","2023-09-13 12:09:28","2023-09-13 12:09:28","2023-09-13 12:09:28","","","","","","","","","","","","Paris 7","","","Licence Etalab","These de doctorat","","","theses.fr","","","","","","","","","","","Pinson, Jean","","","","","","","","","","","","","","","","","","","","","","","","","","","","","","","","","","","","","","","","","",""
"FN6UFFCN","journalArticle","2011","Bélanger, Daniel; Pinson, Jean","Electrografting: a powerful method for surface modification","Chemical Society Reviews","","1460-4744","10.1039/C0CS00149J","https://pubs.rsc.org/en/content/articlelanding/2011/cs/c0cs00149j","Electrografting refers to the electrochemical reaction that permits organic layers to be attached to solid conducting substrates. This definition can be extended to reactions involving an electron transfer between the substrate to be modified and the reagent, but also to examples where a reducing or oxidizing reagent is added to produce the reactive species. These methods are interesting as they provide a real bond between the surface and the organic layer. Electrografting applies to a variety of substrates including carbon, metals and their oxides, but also dielectrics such as polymers. Since the 1980s several methods have been developed, either by reduction or oxidation, and some of them have reached an industrial stage. This critical review describes the methods that are used for electrografting, their mechanism, the formation and growth of the layers as well as their applications (742 references).","2011-06-20","2023-09-13 12:10:10","2023-09-13 12:10:10","2023-09-13 12:10:10","3995-4048","","7","40","","Chem. Soc. Rev.","Electrografting","","","","","","","en","","","","","pubs.rsc.org","","Publisher: The Royal Society of Chemistry","","","","","","","","","","","","","","","","","","","","","","","","","","","","","","","","","","","","","","","","","","","","","","","","","","",""
"HFVAGZ5R","webpage","","","Formation of Multilayers on Glassy Carbon Electrodes via the Reduction of Diazonium Salts | Langmuir","","","","","https://pubs.acs.org/doi/abs/10.1021/la010415d","","","2023-09-13 12:11:03","2023-09-13 12:11:03","2023-09-13 12:11:03","","","","","","","","","","","","","","","","","","","","","","","C:\Users\abed-al-baset.taleb\Zotero\storage\VDHRLY9N\la010415d.html","","","","","","","","","","","","","","","","","","","","","","","","","","","","","","","","","","","","","","","","","","","","","","","","",""
"5MXYEKSA","journalArticle","2003","Bernard, Marie-Claude; Chaussé, Annie; Cabet-Deliry, Eva; Chehimi, Mohamed M.; Pinson, Jean; Podvorica, Fetah; Vautrin-Ul, Christine","Organic Layers Bonded to Industrial, Coinage, and Noble Metals through Electrochemical Reduction of Aryldiazonium Salts","Chemistry of Materials","","0897-4756","10.1021/cm034167d","https://doi.org/10.1021/cm034167d","The reduction of diazonium salts in an aprotic medium permits the attachment of substituted aryl groups to a variety of metals:  Co, Ni, Cu, Zn, Pt, and Au. These aryl groups are strongly bonded to the metal as they resist sustained rinsing under sonication in organic solvents. The organic layers have been characterized by cyclic voltammetry, infrared reflection absorption spectroscopy, X-ray photoelectron spectroscopy, Rutherford backscattering, electrochemical impedance spectroscopy, and atomic force microscopy. From these data it is possible to propose a structure for these grafted layers.","2003-09-01","2023-09-13 12:11:51","2023-09-13 12:11:51","2023-09-13 12:11:51","3450-3462","","18","15","","Chem. Mater.","","","","","","","","","","","","","ACS Publications","","Publisher: American Chemical Society","","","","","","","","","","","","","","","","","","","","","","","","","","","","","","","","","","","","","","","","","","","","","","","","","","",""
"7LLY238Z","journalArticle","2002","Chaussé, Annie; Chehimi, Mohamed M.; Karsi, Nadia; Pinson, Jean; Podvorica, Fetah; Vautrin-Ul, Christine","The Electrochemical Reduction of Diazonium Salts on Iron Electrodes. The Formation of Covalently Bonded Organic Layers and Their Effect on Corrosion","Chemistry of Materials","","0897-4756, 1520-5002","10.1021/cm011212d","https://pubs.acs.org/doi/10.1021/cm011212d","","2002-01-01","2023-09-13 12:12:37","2023-09-13 12:12:37","2023-09-13 12:12:37","392-400","","1","14","","Chem. Mater.","","","","","","","","en","","","","","DOI.org (Crossref)","","","","C:\Users\abed-al-baset.taleb\Zotero\storage\DAEEJKTB\Chaussé et al. - 2002 - The Electrochemical Reduction of Diazonium Salts o.pdf","","","","","","","","","","","","","","","","","","","","","","","","","","","","","","","","","","","","","","","","","","","","","","","","",""
"87Z3PYEC","journalArticle","2006","Adenier, Alain; Combellas, Catherine; Kanoufi, Frédéric; Pinson, Jean; Podvorica, Fetah I.","Formation of Polyphenylene Films on Metal Electrodes by Electrochemical Reduction of Benzenediazonium Salts","Chemistry of Materials","","0897-4756, 1520-5002","10.1021/cm052065c","https://pubs.acs.org/doi/10.1021/cm052065c","","2006-04-01","2023-09-13 12:13:21","2023-09-13 12:13:21","2023-09-13 12:13:21","2021-2029","","8","18","","Chem. Mater.","","","","","","","","en","","","","","DOI.org (Crossref)","","","","C:\Users\abed-al-baset.taleb\Zotero\storage\7ZYBGR2T\Adenier et al. - 2006 - Formation of Polyphenylene Films on Metal Electrod.pdf","","","","","","","","","","","","","","","","","","","","","","","","","","","","","","","","","","","","","","","","","","","","","","","","",""
"DK99329Q","journalArticle","1996","Liu, Gang; Freund, Michael S.","Nucleophilic Substitution Reactions of Polyaniline with Substituted Benzenediazonium Ions:  A Facile Method for Controlling the Surface Chemistry of Conducting Polymers","Chemistry of Materials","","0897-4756","10.1021/cm9601502","https://doi.org/10.1021/cm9601502","","1996-01-01","2023-09-13 12:14:15","2023-09-13 12:14:15","2023-09-13 12:14:15","1164-1166","","6","8","","Chem. Mater.","Nucleophilic Substitution Reactions of Polyaniline with Substituted Benzenediazonium Ions","","","","","","","","","","","","ACS Publications","","Publisher: American Chemical Society","","C:\Users\abed-al-baset.taleb\Zotero\storage\H9SEXMBR\cm9601502.html","","","","","","","","","","","","","","","","","","","","","","","","","","","","","","","","","","","","","","","","","","","","","","","","",""
"DRCZSBY7","journalArticle","2003","Combellas, Catherine; Kanoufi, Frédéric; Mazouzi, Driss; Thiébault, André; Bertrand, Patrick; Médard, Nicolas","Surface modification of halogenated polymers. 4. Functionalisation of poly(tetrafluoroethylene) surfaces by diazonium salts","Polymer","","00323861","10.1016/S0032-3861(02)00736-X","https://linkinghub.elsevier.com/retrieve/pii/S003238610200736X","Reduced PTFE can be grafted by nitro and bromo-phenyl diazonium tetraﬂuoroborate salts in a manner similar to that used for carbon, except that no application of a reductive potential during grafting was required. Grafting was evidenced by cyclic voltammetry, X-ray ﬂuorescence or ToF-SIMS. Nitro- and bromo-phenyl moieties were covalently linked to the PTFE material and could be eliminated only by abrasion.","2003-01","2023-09-13 12:15:07","2023-09-13 12:15:07","2023-09-13 12:15:07","19-24","","1","44","","Polymer","","","","","","","","en","","","","","DOI.org (Crossref)","","","","C:\Users\abed-al-baset.taleb\Zotero\storage\JFI9DVES\Combellas et al. - 2003 - Surface modification of halogenated polymers. 4. F.pdf","","","","","","","","","","","","","","","","","","","","","","","","","","","","","","","","","","","","","","","","","","","","","","","","",""
"RB5IYVK9","journalArticle","2011","Acevedo, Diego F.; Rivarola, Claudia R.; Miras, Maria C.; Barbero, Cesar A.","Effect of chemical functionalization on the electrochemical properties of conducting polymers. Modification of polyaniline by diazonium ion coupling and subsequent reductive degradation","Electrochimica Acta","","00134686","10.1016/j.electacta.2011.01.041","https://linkinghub.elsevier.com/retrieve/pii/S0013468611001022","The electrochemical properties of polyaniline (PANI) can be altered by coupling the polymer with aryldiazonium ions. The ions are synthesized by diazotization of aromatic primary amines (1aminoanthraquinone, sulphadiazine and 4-cyanoaniline) bearing functional groups which are then linked to the polyaniline backbone. All materials produced are electroactive, suggesting that the reaction involves coupling of the diazonium ion with the aromatic rings and not nucleophilic substitution by the aminic nitrogen of PANI on the aryl cations. The electrochemical properties of the modiﬁed polymers are different to those of PANI, likely due to electronic and steric effects of the attached groups. Reductive degradation of the azo linkages, using dithionite ion, removes the attached moieties leaving primary amino groups attached to the polyaniline backbone. In that way, the effect of the attached groups on the electrochemical properties of PANI is eliminated. FTIR spectroscopy measurement of the different polymers supports the proposed mechanism. Using the method a polymer containing redox (anthraquinone) groups, which could be used for charge storage, is obtained. Additionally a material containing sulphadiazine moieties, which can be released in vivo by bacterial activity, is also produced. The molecule is a well-known sulfa drug with bacteriostatic activity. The reaction sequence seems to be of general application to modify polyanilines, by attaching functional groups, and then to produce a PANI backbone bearing primary amino groups. Evidence is presented on the kinetic control of attached group removal.","2011-04","2023-09-13 12:15:56","2023-09-13 12:15:56","2023-09-13 12:15:56","3468-3473","","10","56","","Electrochimica Acta","","","","","","","","en","","","","","DOI.org (Crossref)","","","","C:\Users\abed-al-baset.taleb\Zotero\storage\T34BGABU\Acevedo et al. - 2011 - Effect of chemical functionalization on the electr.pdf","","","","","","","","","","","","","","","","","","","","","","","","","","","","","","","","","","","","","","","","","","","","","","","","",""
"UI5H994R","webpage","","","Covalent Modification of Carbon Surfaces by Aryl Radicals Generated from the Electrochemical Reduction of Diazonium Salts | Journal of the American Chemical Society","","","","","https://pubs.acs.org/doi/pdf/10.1021/ja963354s","","","2023-09-13 12:18:30","2023-09-13 12:18:30","2023-09-13 12:18:30","","","","","","","","","","","","","","","","","","","","","","","C:\Users\abed-al-baset.taleb\Zotero\storage\VZ6ACZXI\ja963354s.html","","","","","","","","","","","","","","","","","","","","","","","","","","","","","","","","","","","","","","","","","","","","","","","","",""
"NM75VKLD","book","2016","Jr, Osvaldo de Oliveira; Marystela, Ferreira LG; Leite, Fábio de Lima; Róz, Alessandra Luzia Da","Nanoscience and its Applications","","978-0-323-49781-7","","","","Nanoscience and Its Applications explores how nanoscience is used in modern industry to increase product performance, including an understanding of how these materials and systems, at the molecular level, provide novel properties and physical, chemical, and biological phenomena that have been successfully used in innovative ways in a wide range of industries. This book is an important reference source for early-career researchers and practicing materials scientists and engineers seeking a greater understanding on how nanoscience can be used in modern industries. Provides a detailed overview of how nanoscience is used to increase product efficiency in a variety of fields, from agribusiness to medicine,  Shows how nanoscience can help product developers increase product performance whilst reducing costs Illustrates how nanoscience has been used innovatively in a great variety of disciplines, giving those working in many different industries ideas as to how nanoscience might answer important questions","2016-12-30","2023-09-13 12:35:04","2023-09-13 12:35:04","","","240","","","","","","","","","","William Andrew","","en","","","","","Google Books","","Google-Books-ID: ec_8DAAAQBAJ","","","https://books.google.fr/books?id=ec_8DAAAQBAJ","","Technology & Engineering / Electronics / General; Technology & Engineering / Electronics / Semiconductors; Technology & Engineering / Materials Science / General","","","","","","","","","","","","","","","","","","","","","","","","","","","","","","","","","","","","","","","","","","","","","",""
"YT5TUH2N","journalArticle","2018","Mirceski, Valentin; Skrzypek, Sławomira; Stojanov, Leon","Square-wave voltammetry","ChemTexts","","2199-3793","10.1007/s40828-018-0073-0","http://link.springer.com/10.1007/s40828-018-0073-0","This text is written as a very basic, first introduction to square-wave voltammetry, as one of the very specific, but most versatile techniques in the family of pulse voltammetric techniques. To make the text self-consistent, a brief introduction to voltammetry is initially given, to make the next elaboration of square-wave voltammetry more easily understandable. For more comprehensive introduction to voltammetric techniques, the previous chem-text is recommended (Scholz in ChemTexts 1:17, 2015). The aim of the current text is to explain the basic features of square-wave voltammetry, to reveal the essential idea behind the specific shape of the excitation signal used, as well as to demonstrate that square-wave voltammetry is highly suited to study the mechanism of electrode reactions. The latter is illustrated by addressing the simplest experimental situation encountered in voltammetry to make the text didactically suited for broader student population studying chemistry and related sciences.","2018-12","2023-09-13 12:37:46","2023-09-13 12:37:46","2023-09-13 12:37:46","17","","4","4","","ChemTexts","","","","","","","","en","","","","","DOI.org (Crossref)","","","","C:\Users\abed-al-baset.taleb\Zotero\storage\LA3QB9QJ\Mirceski et al. - 2018 - Square-wave voltammetry.pdf","","","","","","","","","","","","","","","","","","","","","","","","","","","","","","","","","","","","","","","","","","","","","","","","",""
"3T9GZYLY","conferencePaper","2019","Mishra, Abhishek; Meersha, Adil; Kranthi, Nagothu Karmel; Trivedi, Kruti; Variar, Harsha B.; Bellamkonda, NS Veenadhari; Raghavan, Srinivasan; Shrivastava, Mayank","First demonstration and physical insights into time-dependent breakdown of graphene channel and interconnects","2019 IEEE International Reliability Physics Symposium (IRPS)","","","","https://ieeexplore.ieee.org/abstract/document/8720452/","","2019","2023-10-06 12:17:28","2023-10-06 12:17:28","2023-10-06 12:17:28","1–6","","","","","","","","","","","IEEE","","","","","","","Google Scholar","","","","C:\Users\abed-al-baset.taleb\Zotero\storage\793TB5MD\Mishra et al. - 2019 - First demonstration and physical insights into tim.pdf","","","","","","","","","","","","","","","","","","","","","","","","","","","","","","","","","","","","","","","","","","","","","","","","",""
"WEHB23LU","journalArticle","2005","Novoselov, K. S.; Geim, A. K.; Morozov, S. V.; Jiang, D.; Katsnelson, M. I.; Grigorieva, I. V.; Dubonos, S. V.; Firsov, A. A.","Two-dimensional gas of massless Dirac fermions in graphene","Nature","","0028-0836, 1476-4687","10.1038/nature04233","https://www.nature.com/articles/nature04233","","2005-11","2023-10-08 14:38:27","2023-10-08 14:38:27","2023-10-08 14:38:27","197-200","","7065","438","","Nature","","","","","","","","en","","","","","DOI.org (Crossref)","","","","C:\Users\abed-al-baset.taleb\Zotero\storage\LT9TFSZ3\Novoselov et al. - 2005 - Two-dimensional gas of massless Dirac fermions in .pdf","","","","","","","","","","","","","","","","","","","","","","","","","","","","","","","","","","","","","","","","","","","","","","","","",""
"P8DIF9H7","journalArticle","2021","Mishyn, Vladyslav; Rodrigues, Teresa; Leroux, Yann R.; Aspermair, Patrik; Happy, Henri; Bintinger, Johannes; Kleber, Christoph; Boukherroub, Rabah; Knoll, Wolfgang; Szunerits, Sabine","Controlled covalent functionalization of a graphene-channel of a field effect transistor as an ideal platform for (bio)sensing applications","Nanoscale Horizons","","2055-6756, 2055-6764","10.1039/D1NH00355K","http://xlink.rsc.org/?DOI=D1NH00355K","Electrochemical grafting of a protected ethynylphenyl diazonium salt leads to the deposition of a functional monolayer on the graphene channel of a field effect transistor, leading to a general platform for (bio)sensing applications.           ,                             The controlled covalent functionalization of the graphene channel of a field effect transistor, based on interdigitated gold electrodes (source and drain),               via               electrochemical grafting, using specifically designed aryl diazonium species is demonstrated to allow the simple fabrication of a general platform for (bio)sensing applications. The electrochemical grafting of a protected ethynylphenyl diazonium salt leads to the deposition of only a monolayer on the graphene channel. This controlled covalent functionalization of the graphene channel results in a charge mobility of the GFET of 1739 ± 376 cm               2               V               −1               s               −1               and 1698 ± 536 cm               2               V               −1               s               −1               for the holes and electrons, respectively, allowing their utilization as (bio)sensors. After deprotection, a dense and compact ethynylphenyl monolayer is obtained and allows the immobilization of a wide range of (bio)molecules by a “click” chemistry coupling reaction (Huisgen 1,3-dipolar cycloaddition). This finding opens promising options for graphene-based (bio)sensing applications.","2021","2023-10-11 14:31:46","2023-10-11 14:31:46","2023-10-11 14:31:46","819-829","","10","6","","Nanoscale Horiz.","","","","","","","","en","","","","","DOI.org (Crossref)","","","","C:\Users\abed-al-baset.taleb\Zotero\storage\4R698RAK\Mishyn et al. - 2021 - Controlled covalent functionalization of a graphen.pdf","","","","","","","","","","","","","","","","","","","","","","","","","","","","","","","","","","","","","","","","","","","","","","","","",""
"V2X7RXZK","journalArticle","","Mohamed-Ramzi, AMMAR; Wolfgang, BACSA; Jean-François, BARDEAU; Sébastien, CAHEN; Djamila, HOURLIER","Modifications structurales des carbones durs par irradiation laser CO2 : vers des applications dans les batteries Na-ion","","","","","","","","2023-10-11 15:32:13","2023-10-11 15:32:13","","","","","","","","","","","","","","","fr","","","","","Zotero","","","","C:\Users\abed-al-baset.taleb\Zotero\storage\7WSLYVIA\Mohamed-Ramzi et al. - Modifications structurales des carbones durs par i.pdf","","","","","","","","","","","","","","","","","","","","","","","","","","","","","","","","","","","","","","","","","","","","","","","","",""
"TSNE5WFG","journalArticle","","Pally, David","Fonctionnalisation électrochimique de matériaux carbonés: application à la détection de micropolluants métalliques: nickel et plomb","","","","","","","","2023-10-22 17:17:12","2023-10-22 17:17:12","","","","","","","","","","","","","","","","","","","","Zotero","","","","C:\Users\abed-al-baset.taleb\Zotero\storage\WYCWV7XC\Pally - Fonctionnalisation électrochimique de matériaux ca.pdf","","","","","","","","","","","","","","","","","","","","","","","","","","","","","","","","","","","","","","","","","","","","","","","","",""
"CYADHWX8","journalArticle","2010","Mesnage, Alice; Esnouf, Stéphane; Jégou, Pascale; Deniau, Guy; Palacin, Serge","Understanding the Redox-Induced Polymer Grafting Process: A Dual Surface-Solution Analysis","Chemistry of Materials","","0897-4756","10.1021/cm1014702","https://doi.org/10.1021/cm1014702","As recently reported, the Graftfast process is a grafting method that provides covalently grafted polymer films. It relies on the chemical reduction of diazonium salts by reducing agents in absence or presence of a vinylic monomer. Contrary to electroinduced methods delivering strongly grafted and stable polymer films such as cathodic electrografting (CE) of vinylic monomers (which requires drastic experimental conditions) or surface electroinitiated emulsion polymerization (SEEP), the Graftfast process provides strongly grafted polymer films on any type of materials (conductors, semiconductors, and insulators). Moreover, it is a fast one-step reaction occurring at atmospheric pressure, ambient air and room temperature in water, which makes it more suitable for applications than the slower ATRP-based methods. This article aims to complete the first paper on this process by giving preliminary answers to the question: How does the Graftfast process work? To achieve this mechanistic study, dual surface-solution analyses were performed. Both spontaneous and redox-induced grafting of polynitrophenylene-like (PNP) films and poly(hydroxyethyl) methacrylate (PHEMA) films were analyzed by infrared-attenuated total reflection (IR-ATR) and X-ray photoelectron spectroscopy (XPS) while the corresponding reactive solutions were studied by electronic paramagnetic resonance, EPR (spin-trapping method using 2-methyl-2-nitrosopropane MNP as spin-trapping agent). The EPR spectra and hyperfine structure of MNP adducts provide evidence of aryl radicals production, growing polymer chains radicals formation, and the existence of critical concentration values, leading to favorable grafting kinetics.","2010-12-14","2023-10-22 20:10:50","2023-10-22 20:10:50","2023-10-22 20:10:50","6229-6239","","23","22","","Chem. Mater.","Understanding the Redox-Induced Polymer Grafting Process","","","","","","","","","","","","ACS Publications","","Publisher: American Chemical Society","","","","","","","","","","","","","","","","","","","","","","","","","","","","","","","","","","","","","","","","","","","","","","","","","","",""
"IAPBZMNN","webpage","","","2021-SNB.pdf","Google Docs","","","","https://drive.google.com/file/d/1UH0gHuwr6lMkoX-WpctTwPVgxc3QSoGb/view?usp=embed_facebook","","","2023-11-14 16:51:04","2023-11-14 16:51:04","2023-11-14 16:51:04","","","","","","","","","","","","","","","","","","","","","","","C:\Users\abed-al-baset.taleb\Zotero\storage\DB4WPYGW\view.html","","","","","","","","","","","","","","","","","","","","","","","","","","","","","","","","","","","","","","","","","","","","","","","","",""
"FBF38E5T","journalArticle","2021","Thangavel, Balamurugan; Lingagouder, Jaijanarthanan; Berchmans, Sheela; V., Ganesh","Electrochemical grafting of 4-aminobenzoic acid onto toray carbon – Interfacial investigation and fabrication of non-enzymatic bilirubin sensor","Sensors and Actuators B: Chemical","","09254005","10.1016/j.snb.2021.130292","https://linkinghub.elsevier.com/retrieve/pii/S0925400521008601","In this work, non-enzymatic electrochemical detection of bilirubin (BR) has been demonstrated using chemically functionalized toray carbon (TC) fiber electrode. Electrografting method is used for the functionalization of 4aminobenzoic acid (4-ABA) onto TC fiber electrode represented as TC/ABA. For this purpose, potential dy­ namic cycles are carried out in aqueous solution containing in-situ generated diazonium cation from 4-ABA at ambient temperature. The functionalized TC electrodes have been characterized using cyclic voltammetry (CV), contact angle measurements, electrochemical impedance spectroscopy (EIS), attenuated total reflection FTIR (ATR –FTIR) and atomic force microscopy (AFM) studies. Further, TC/ABA electrode has been evaluated for the electro-oxidation of free BR and investigated the sensor performance under realistic situation. From our results, we find that TC/ABA electrode showed a wide linear concentration range, better sensitivity and lower limit of detection for BR sensor. At physiological concentration, the interference study performed in presence of other analytes showed a higher selectivity towards BR at 0.27 V. Interestingly the proposed sensor selectively detects BR not only in the absence of albumin but also it produces a response in presence of human serum albumin and hence the sensor exhibits a direct measure of free BR. Moreover, this biosensor has been utilized for the determination of BR in real sample analysis and for the assessment of diseases along with organs failure.","2021-10","2023-11-14 16:52:06","2023-11-14 16:52:06","2023-11-14 16:52:06","130292","","","344","","Sensors and Actuators B: Chemical","","","","","","","","en","","","","","DOI.org (Crossref)","","","","C:\Users\abed-al-baset.taleb\Zotero\storage\96V9YCIW\Thangavel et al. - 2021 - Electrochemical grafting of 4-aminobenzoic acid on.pdf","","","","","","","","","","","","","","","","","","","","","","","","","","","","","","","","","","","","","","","","","","","","","","","","",""
"B35CQP9S","journalArticle","2017","Kaplan, Amir; Yuan, Zhe; Benck, Jesse D.; Govind Rajan, Ananth; Chu, Ximo S.; Wang, Qing Hua; Strano, Michael S.","Current and future directions in electron transfer chemistry of graphene","Chemical Society Reviews","","0306-0012, 1460-4744","10.1039/C7CS00181A","http://xlink.rsc.org/?DOI=C7CS00181A","The participation of graphene in electron transfer chemistry, where an electron is transferred between graphene and other species, encompasses many important processes that have shown versatility and potential for use in important applications.           ,              The participation of graphene in electron transfer chemistry, where an electron is transferred between graphene and other species, encompasses many important processes that have shown versatility and potential for use in important applications. Examples of these processes range from covalent functionalization of graphene to modify its properties and incorporate different functional groups, to electrochemical reactions and selective etching. In this paper, we review recent developments in these areas of the electron transfer chemistry of graphene. We address recent progress on controlling covalent functionalization through chemical and physical methods, and how carefully functionalized graphene can be incorporated into composite materials with enhanced properties. We review the selective etching of graphene to form edges and nanopores, which have unique chemical and physical properties. Nanoporous graphene is promising for new membrane and filtration applications. We also discuss the electrochemistry of graphene grown by chemical vapour deposition in two-dimensional and three-dimensional geometries, which enables large surface areas and control over the distribution and concentration of edge and basal plane sites. We discuss the potential for each of these areas to have an impact in future applications such as filtration membranes, electronic devices, electrochemical electrodes, composite materials, and chemical sensors.","2017","2023-11-14 16:59:42","2023-11-14 16:59:43","2023-11-14 16:59:42","4530-4571","","15","46","","Chem. Soc. Rev.","","","","","","","","en","","","","","DOI.org (Crossref)","","","","C:\Users\abed-al-baset.taleb\Zotero\storage\CUKTHU9E\Kaplan et al. - 2017 - Current and future directions in electron transfer.pdf","","","","","","","","","","","","","","","","","","","","","","","","","","","","","","","","","","","","","","","","","","","","","","","","",""
"Y2VJW6BE","journalArticle","2015","C. Brownson, Dale A.; J. Kelly, Peter; E. Banks, Craig","In situ electrochemical characterisation of graphene and various carbon-based electrode materials: an internal standard approach","RSC Advances","","","10.1039/C5RA03049H","https://pubs.rsc.org/en/content/articlelanding/2015/ra/c5ra03049h","","2015","2023-11-14 17:56:48","2023-11-14 17:56:48","2023-11-14 17:56:48","37281-37286","","47","5","","","In situ electrochemical characterisation of graphene and various carbon-based electrode materials","","","","","","","en","","","","","pubs.rsc.org","","Publisher: Royal Society of Chemistry","","C:\Users\abed-al-baset.taleb\Zotero\storage\7TLQK94T\C. Brownson et al. - 2015 - In situ electrochemical characterisation of graphe.pdf","","","","","","","","","","","","","","","","","","","","","","","","","","","","","","","","","","","","","","","","","","","","","","","","",""
"PG6TCQXG","journalArticle","2014","P. Randviir, Edward; C. Brownson, Dale A.; P. Metters, Jonathan; O. Kadara, Rashid; E. Banks, Craig","The fabrication, characterisation and electrochemical investigation of screen-printed graphene electrodes","Physical Chemistry Chemical Physics","","","10.1039/C3CP55435J","https://pubs.rsc.org/en/content/articlelanding/2014/cp/c3cp55435j","","2014","2023-11-14 17:59:45","2023-11-14 17:59:45","2023-11-14 17:59:45","4598-4611","","10","16","","","","","","","","","","en","","","","","pubs.rsc.org","","Publisher: Royal Society of Chemistry","","C:\Users\abed-al-baset.taleb\Zotero\storage\58L4E4R5\P. Randviir et al. - 2014 - The fabrication, characterisation and electrochemi.pdf","","","","","","","","","","","","","","","","","","","","","","","","","","","","","","","","","","","","","","","","","","","","","","","","",""
"982F32N9","bookSection","2016","Guy, Owen J.; Walker, Kelly-Ann D.","Graphene Functionalization for Biosensor Applications","Silicon Carbide Biotechnology","978-0-12-802993-0","","","https://linkinghub.elsevier.com/retrieve/pii/B9780128029930000046","","2016","2023-11-14 18:08:02","2023-11-14 18:08:02","2023-11-14 18:08:01","85-141","","","","","","","","","","","Elsevier","","en","","","","","DOI.org (Crossref)","","DOI: 10.1016/B978-0-12-802993-0.00004-6","","","","","","","","","","","","","","","","","","","","","","","","","","","","","","","","","","","","","","","","","","","","","","","","","","",""
"KEVB92VP","journalArticle","","Guy, Owen J","Chapter 4 - Graphene Functionalization for Biosensor Applications","","","","","","","","2023-11-14 18:09:43","2023-11-14 18:09:43","","","","","","","","","","","","","","","en","","","","","Zotero","","","","C:\Users\abed-al-baset.taleb\Zotero\storage\6YW5E83H\Guy - Chapter 4 - Graphene Functionalization for Biosens.pdf","","","","","","","","","","","","","","","","","","","","","","","","","","","","","","","","","","","","","","","","","","","","","","","","",""
"PQUMS6AM","journalArticle","2020","Miki, Keishu; Watanabe, Takeshi; Koh, Shinji","Electrochemical Characterization of CVD-Grown Graphene for Designing Electrode/Biomolecule Interfaces","Crystals","","2073-4352","10.3390/cryst10040241","https://www.mdpi.com/2073-4352/10/4/241","In research on enzyme-based biofuel cells, covalent or noncovalent molecular modiﬁcations of carbon-based electrode materials are generally used as a method for immobilizing enzymes and/or mediators. However, the inﬂuence of these molecular modiﬁcations on the electrochemical properties of electrode materials has not been clariﬁed. In this study, we present the electrochemical properties of chemical vapor deposition (CVD)-grown monolayer graphene electrodes before and after molecular modiﬁcation. The electrochemical properties of graphene electrodes were evaluated by cyclic voltammetry and electrochemical impedance measurements. A covalently modiﬁed graphene electrode showed an approximately 25-fold higher charge transfer resistance than before modiﬁcation. In comparison, the electrochemical properties of a noncovalently modiﬁed graphene electrode were not degraded by the modiﬁcation.","2020-03-26","2023-11-14 18:19:36","2023-11-14 18:19:36","2023-11-14 18:19:36","241","","4","10","","Crystals","","","","","","","","en","","","","","DOI.org (Crossref)","","","","C:\Users\abed-al-baset.taleb\Zotero\storage\CPMLGTV3\Miki et al. - 2020 - Electrochemical Characterization of CVD-Grown Grap.pdf","","","","","","","","","","","","","","","","","","","","","","","","","","","","","","","","","","","","","","","","","","","","","","","","",""
"ML5F5KDJ","journalArticle","2013","Bouden, Sarra; Chaussé, Annie; Dorbes, Stephane; El Tall, Omar; Bellakhal, Nizar; Dachraoui, Mohamed; Vautrin-Ul, Christine","Trace lead analysis based on carbon-screen-printed-electrodes modified via 4-carboxy-phenyl diazonium salt electroreduction","Talanta","","","","https://www.sciencedirect.com/science/article/pii/S0039914013000313","","2013","2023-11-18 18:35:33","2023-11-18 18:35:33","2023-11-18 18:35:33","414–421","","","106","","","","","","","","","","","","","","","Google Scholar","","Publisher: Elsevier","","C:\Users\abed-al-baset.taleb\Zotero\storage\C47Z5Z5S\Bouden et al. - 2013 - Trace lead analysis based on carbon-screen-printed.pdf","","","","","","","","","","","","","","","","","","","","","","","","","","","","","","","","","","","","","","","","","","","","","","","","",""
"ZI5GPMM9","journalArticle","2018","Pally, David; Bertagna, Valérie; Cagnon, Benoît; Alaaeddine, Moslem; Benoit, Roland; Podvorica, Fetah I.; Vautrin-Ul, Christine","Phenylamide-oxime and phenylamide nanolayer covalently grafted carbon via electroreduction of the corresponding diazonium salts for detection of nickel ions","Journal of Electroanalytical Chemistry","","15726657","10.1016/j.jelechem.2018.03.045","https://linkinghub.elsevier.com/retrieve/pii/S1572665718302200","This study focuses on the covalent grafting of thin organic layers on a glassy carbon electrode by aryl diazonium salts containing functional groups capable of complexing Ni(II) ions. The goal was to develop a modiﬁed electrode for the detection of Ni(II) ions in aqueous media. The glassy carbon electrode (GCE) surface was modiﬁed by electrochemical reduction of diazonium salts synthesized in-situ in aqueous acid medium from 4amino-benzamide (4-AB) and 4-amino-benzamide-oxime (4-ABO). XPS, AFM, ellipsometry and cyclic voltammetry were used for surface characterization of the grafted GCE. The barrier properties of the grafted layer were determined and compared by cyclic voltammetry, using Fe(CN)63−/4−, Ru(NH3)63+/2+ and dopamine redox probes in diﬀerent pH media. The adsorptive properties of the grafted glassy carbon were compared for Pb(II), Cu(II) and Ni(II) cations. The ability of these modiﬁed GCE to detect Ni(II) ions was then explored using a twostep method: i) complexation of Ni(II) by the grafted layer, followed by ii) electroreduction of the complexed Ni (II) and then its analysis by anodic square wave voltammetry. The 4-ABO grafted glassy carbon electrodes were able to detect Ni(II) in micro-molar concentration. The presence of ions such as Pb2+, Mg2+, Ca2+, K+ and Na+ did not interfere with the Ni(II) quantiﬁcation. The phenyl-oxime functionalized electrodes showed good robustness during more than ﬁfty electroanalysis.","2018-05","2023-11-18 18:56:57","2023-11-18 18:56:57","2023-11-18 18:56:57","101-110","","","817","","Journal of Electroanalytical Chemistry","","","","","","","","en","","","","","DOI.org (Crossref)","","","","C:\Users\abed-al-baset.taleb\Zotero\storage\LNE55SRE\Pally et al. - 2018 - Phenylamide-oxime and phenylamide nanolayer covale.pdf","","","","","","","","","","","","","","","","","","","","","","","","","","","","","","","","","","","","","","","","","","","","","","","","",""
"LJWHBXWF","journalArticle","2020","Hetemi, Dardan; Noël, Vincent; Pinson, Jean","Grafting of diazonium salts on surfaces: Application to biosensors","Biosensors","","","","https://www.mdpi.com/2079-6374/10/1/4","","2020","2023-11-18 19:01:15","2023-11-18 19:01:15","2023-11-18 19:01:15","4","","1","10","","","Grafting of diazonium salts on surfaces","","","","","","","","","","","","Google Scholar","","Publisher: MDPI","","C:\Users\abed-al-baset.taleb\Zotero\storage\Q2ZYV6F7\Hetemi et al. - 2020 - Grafting of diazonium salts on surfaces Applicati.pdf","","","","","","","","","","","","","","","","","","","","","","","","","","","","","","","","","","","","","","","","","","","","","","","","",""
"KH4K6IB7","bookSection","2022","Vautrin-Ul, Christine","Modification of sp2 Carbon Allotropes with Diazonium Salts—Focus on Carbon Nanotubes Functionalization","Aryl Diazonium Salts and Related Compounds","978-3-031-04397-0 978-3-031-04398-7","","","https://link.springer.com/10.1007/978-3-031-04398-7_7","","2022","2023-11-18 19:05:37","2023-11-18 19:05:37","2023-11-18 19:05:37","137-156","","","","","","","","","","","Springer International Publishing","Cham","en","","","","","DOI.org (Crossref)","","Series Title: Physical Chemistry in Action DOI: 10.1007/978-3-031-04398-7_7","","","","","","Chehimi, Mohamed M.; Pinson, Jean; Mousli, Fatima","","","","","","","","","","","","","","","","","","","","","","","","","","","","","","","","","","","","","","","","","","","","",""
"PL2MTAJH","journalArticle","2021","Li, Da; Luo, Yun; Onidas, Delphine; He, Li; Jin, Ming; Gazeau, Florence; Pinson, Jean; Mangeney, Claire","Surface functionalization of nanomaterials by aryl diazonium salts for biomedical sciences","Advances in Colloid and Interface Science","","00018686","10.1016/j.cis.2021.102479","https://linkinghub.elsevier.com/retrieve/pii/S0001868621001202","Nanoparticles (NPs) can be prepared by simple reactions and methods from a number of materials. Their small size opens up a number of applications in different fields, among which biomedicine, including: i) drug delivery, ii) biosensors, iii) bioimaging, iv) antibacterial activity. To be able to perform such tasks, NPs must be modified with a variety of functional molecules, such as drugs, targeting groups, chemical tags or antibacterial agents, and must also be prevented from aggregation. The attachment must be stable to resist during the transportation to the targeted location. Diazonium salts, which have been widely used for coupling applications and surface modification, fulfil such criteria. Moreover, they are simple to prepare and can be easily substituted with a large number of organic groups. This review describes the use of these compounds in nanomedicine with a focus on the construction of nanohybrids derived from metal, oxide and carbon-based NPs as well as viruses.","2021-08","2023-11-18 19:09:40","2023-11-18 19:09:40","2023-11-18 19:09:40","102479","","","294","","Advances in Colloid and Interface Science","","","","","","","","en","","","","","DOI.org (Crossref)","","","","C:\Users\abed-al-baset.taleb\Zotero\storage\XSSZYP3H\Li et al. - 2021 - Surface functionalization of nanomaterials by aryl.pdf","","","","","","","","","","","","","","","","","","","","","","","","","","","","","","","","","","","","","","","","","","","","","","","","",""
"FM5JEY3T","book","2022","","Aryl Diazonium Salts and Related Compounds: Surface Chemistry and Applications","","978-3-031-04397-0 978-3-031-04398-7","","","https://link.springer.com/10.1007/978-3-031-04398-7","","2022","2023-11-18 19:10:24","2023-11-18 19:10:24","2023-11-18 19:10:24","","","","","","","Aryl Diazonium Salts and Related Compounds","Physical Chemistry in Action","","","","Springer International Publishing","Cham","en","","","","","DOI.org (Crossref)","","DOI: 10.1007/978-3-031-04398-7","","C:\Users\abed-al-baset.taleb\Zotero\storage\STA4XRF8\Chehimi et al. - 2022 - Aryl Diazonium Salts and Related Compounds Surfac.pdf","","","","Chehimi, Mohamed M.; Pinson, Jean; Mousli, Fatima","","","","","","","","","","","","","","","","","","","","","","","","","","","","","","","","","","","","","","","","","","","","",""
"DSADVPI6","journalArticle","2014","Bouden, Sarra; Bellakhal, Nizar; Chaussé, Annie; Vautrin-Ul, Christine","Performances of carbon-based screen-printed electrodes modified by diazonium salts with various carboxylic functions for trace metal sensors","Electrochemistry Communications","","1388-2481","10.1016/j.elecom.2014.01.028","https://www.sciencedirect.com/science/article/pii/S1388248114000459","The electrochemically induced functionalization of carbon-based screen-printed-electrodes (SPEs) by phenyl groups, having one or two carboxylic functions, was achieved by reduction of in situ generated diazonium salts in aqueous media. The corresponding diazonium cations of 4-aminobenzoic acid, 4-aminophthalic acid, 3-(4-aminophenyl) propionic acid, 3-(4-aminophenyl)-2-propenoic acid and 5-aminoisophthalic acid were generated in situ with sodium nitrite in aqueous H2SO4. The electrochemical detection of Pb(II) with the grafted SPEs was investigated using Pb(II) 5×10−8M solutions. The performances of the grafted SPEs were found to be dependent on the number of carboxylic groups, on their position on the phenyl ring, on the olefinic or the aliphatic character of the chain bearing the carboxylic group. The performances of mono-4-carboxyphenyl and 3,5-dicarboxyphenyl grafted SPEs for Cd(II) and Cu(II) trace detection were tested and compared.","2014-04-01","2023-11-18 22:39:51","2023-11-18 22:39:51","2023-11-18 22:39:51","68-71","","","41","","Electrochemistry Communications","","","","","","","","","","","","","ScienceDirect","","","","C:\Users\abed-al-baset.taleb\Zotero\storage\UH2VUN6X\S1388248114000459.html","","","Carbon-screen-printed electrode; Carboxylic diazonium salt; Environmental analysis; Trace element detection","","","","","","","","","","","","","","","","","","","","","","","","","","","","","","","","","","","","","","","","","","","","","",""
"BJQWEIX5","journalArticle","2005","Pinson, Jean; Podvorica, Fetah","Attachment of organic layers to conductive or semiconductive surfaces by reduction of diazonium salts","Chemical Society Reviews","","0306-0012, 1460-4744","10.1039/b406228k","http://xlink.rsc.org/?DOI=b406228k","","2005","2023-11-18 23:27:45","2023-11-18 23:27:45","2023-11-18 23:27:45","429","","5","34","","Chem. Soc. Rev.","","","","","","","","en","","","","","DOI.org (Crossref)","","","","C:\Users\abed-al-baset.taleb\Zotero\storage\XHNNFBVK\Pinson et Podvorica - 2005 - Attachment of organic layers to conductive or semi.pdf","","","","","","","","","","","","","","","","","","","","","","","","","","","","","","","","","","","","","","","","","","","","","","","","",""
"LNS9B2DA","journalArticle","2018","Gervais, Emelyne; Aceta, Yara; Gros, Pierre; Evrard, David","Study of an AuNPs functionalized electrode using different diazonium salts for the ultra-fast detection of Hg(II) traces in water","Electrochimica Acta","","00134686","10.1016/j.electacta.2017.12.136","https://linkinghub.elsevier.com/retrieve/pii/S0013468617327019","Chemically-prepared gold nanoparticles (AuNPs) were drop-casted onto bare glassy carbon (GC) and on GC functionalized by two different diazonium salts bearing either nitro (NO2) or thiol (SH) groups. The resulting interfaces were characterized by ﬁeld emission gun scanning electron microscopy (FEG-SEM) and cyclic voltammetry in H2SO4. The micrographs evidenced different densities of AuNPs depending on the substrate, bare GC affording denser deposits than diazonium-functionalized GC. The stability of the interfaces was evaluated over one month and showed higher recovery of active surface area (up to 91% depending on the storage conditions) for AuNPs deposited on diazonium-functionalized GC than on bare GC. The three electrodes were also tested for Hg(II) trace detection by using Square Wave Anodic Stripping Voltammetry (SWASV) and a preconcentration time shortened from 300 s to 30 s. In such conditions, a linear response was obtained in the range 1e10 nmollÀ1 together with a normalized sensitivity up to 17 times higher than that reported in our previous works dealing with electrodeposited AuNPs.","2018-01","2023-11-23 10:29:28","2023-11-23 10:29:29","2023-11-23 10:29:28","346-355","","","261","","Electrochimica Acta","","","","","","","","en","","","","","DOI.org (Crossref)","","","","C:\Users\abed-al-baset.taleb\Zotero\storage\XH9XP9HB\Gervais et al. - 2018 - Study of an AuNPs functionalized electrode using d.pdf","","","","","","","","","","","","","","","","","","","","","","","","","","","","","","","","","","","","","","","","","","","","","","","","",""
"VVHEHMKZ","journalArticle","2018","Gervais, Emelyne; Aceta, Yara; Gros, Pierre; Evrard, David","Study of an AuNPs functionalized electrode using different diazonium salts for the ultra-fast detection of Hg(II) traces in water","Electrochimica Acta","","00134686","10.1016/j.electacta.2017.12.136","https://linkinghub.elsevier.com/retrieve/pii/S0013468617327019","Chemically-prepared gold nanoparticles (AuNPs) were drop-casted onto bare glassy carbon (GC) and on GC functionalized by two different diazonium salts bearing either nitro (NO2) or thiol (SH) groups. The resulting interfaces were characterized by ﬁeld emission gun scanning electron microscopy (FEG-SEM) and cyclic voltammetry in H2SO4. The micrographs evidenced different densities of AuNPs depending on the substrate, bare GC affording denser deposits than diazonium-functionalized GC. The stability of the interfaces was evaluated over one month and showed higher recovery of active surface area (up to 91% depending on the storage conditions) for AuNPs deposited on diazonium-functionalized GC than on bare GC. The three electrodes were also tested for Hg(II) trace detection by using Square Wave Anodic Stripping Voltammetry (SWASV) and a preconcentration time shortened from 300 s to 30 s. In such conditions, a linear response was obtained in the range 1e10 nmollÀ1 together with a normalized sensitivity up to 17 times higher than that reported in our previous works dealing with electrodeposited AuNPs.","2018-01","2023-11-25 14:26:38","2023-11-25 14:26:38","2023-11-25 14:26:38","346-355","","","261","","Electrochimica Acta","","","","","","","","en","","","","","DOI.org (Crossref)","","","","C:\Users\abed-al-baset.taleb\Zotero\storage\3WLGEGBQ\Gervais et al. - 2018 - Study of an AuNPs functionalized electrode using d.pdf","","","","","","","","","","","","","","","","","","","","","","","","","","","","","","","","","","","","","","","","","","","","","","","","",""
"ICE8MMFL","journalArticle","2014","Lillethorup, Mie; Kongsfelt, Mikkel; Ceccato, Marcel; Jensen, Bjarke B. E.; Jørgensen, Bjarke; Pedersen, Steen U.; Daasbjerg, Kim","High- versus Low-Quality Graphene: A Mechanistic Investigation of Electrografted Diazonium-Based Films for Growth of Polymer Brushes","Small","","1613-6829","10.1002/smll.201301915","https://onlinelibrary.wiley.com/doi/abs/10.1002/smll.201301915","Electrografting using aryldiazonium salts provides a fast and efficient technique to functionalize commercially available 3−5 layered graphene (vapour-deposited) on nickel. In this study, Raman spectroscopy is used to quantify the grafting efficiency of cyclic voltammetry which is one of the most versatile, yet simple, electrochemical techniques available. To a large extent the number of defects/substituents introduced to the basal plane of high-quality graphene by this procedure can be controlled through the sweeping conditions employed. After extended electrografting the defect density reaches a saturation level (∼1013 cm−2) which is independent of the quality of the graphene expressed through its initial content of defects. However, it is reached within fewer voltammetric cycles for low-quality graphene. Based on these results it is suggested that the grafting occurs (a) directly at defect sites for, in particular, low-quality graphene, (b) directly at the basal plane for, in particular, high-quality graphene, and/or (c) at already grafted molecules to give a mushroom-like film growth for all films. Moreover, it is shown that a tertiary alkyl bromide can be introduced at a given surface density to serve as radical initiator for surface-initiated atom transfer radical polymerization (SI-ATRP). Brushes of poly(methyl methacrylate) are grown from these substrates, and the relationship between polymer thickness and sweeping conditions is studied.","2014","2023-11-25 15:25:26","2023-11-25 15:25:26","2023-11-25 15:25:26","922-934","","5","10","","","High- versus Low-Quality Graphene","","","","","","","en","© 2013 WILEY-VCH Verlag GmbH & Co. KGaA, Weinheim","","","","Wiley Online Library","","_eprint: https://onlinelibrary.wiley.com/doi/pdf/10.1002/smll.201301915","","C:\Users\abed-al-baset.taleb\Zotero\storage\A2NLZ99J\smll.html","","","graphene; aryldiazonium; defects; electrografting; polymer brushes","","","","","","","","","","","","","","","","","","","","","","","","","","","","","","","","","","","","","","","","","","","","","",""
"7DKPNZ78","webpage","","","Diazonium Functionalized Graphene: Microstructure, Electric, and Magnetic Properties | Accounts of Chemical Research","","","","","https://pubs.acs.org/doi/abs/10.1021/ar300070a","","","2023-11-25 15:28:50","2023-11-25 15:28:50","2023-11-25 15:28:50","","","","","","","","","","","","","","","","","","","","","","","C:\Users\abed-al-baset.taleb\Zotero\storage\984Z6ME3\ar300070a.html","","","","","","","","","","","","","","","","","","","","","","","","","","","","","","","","","","","","","","","","","","","","","","","","",""
"ZJ6J9B6W","journalArticle","2011","Acevedo, Diego F.; Rivarola, Claudia R.; Miras, Maria C.; Barbero, Cesar A.","Effect of chemical functionalization on the electrochemical properties of conducting polymers. Modification of polyaniline by diazonium ion coupling and subsequent reductive degradation","Electrochimica Acta","","","","https://www.sciencedirect.com/science/article/pii/S0013468611001022","","2011","2023-12-03 20:57:12","2023-12-03 20:57:12","2023-12-03 20:57:11","3468–3473","","10","56","","","","","","","","","","","","","","","Google Scholar","","Publisher: Elsevier","","C:\Users\abed-al-baset.taleb\Zotero\storage\X64QSLE4\Acevedo et al. - 2011 - Effect of chemical functionalization on the electr.pdf","","","","","","","","","","","","","","","","","","","","","","","","","","","","","","","","","","","","","","","","","","","","","","","","",""
"7764622Q","journalArticle","2020","Oh, Whon Chun","Change of Graphene with Various Strategies for Photocatalytic Applications: A Review","Jurnal Rekayasa Proses","","2549-1490, 1978-287X","10.22146/jrekpros.43765","https://jurnal.ugm.ac.id/jrekpros/article/view/43765","Because of its novel molecular 2D structure and momentous physicochemical properties, graphene has been started a whirlwind of the investigation into its optical, electronic, thermal, and mechanical properties. Specifically, a lot of considerations have been pulled in to investigate graphene and graphene composites for photoelectrochemical applications. Many works have been done to synthesize novel graphene-based materials for applications in photoelectrochemistry, such as photoelectrochemical sunlight-based cells, photocatalytic disintegration of natural contaminations, and H2 production. In this article, we abridge the condition of research on graphene-based materials for photoelectrochemistry. The prospects and further improvements in this energizing field of graphene-based materials are additionally discussed. A B S T R A KKarena struktur 2D dan keunggulan karakteristik fisika-kimia, graphene telah mulai diselidiki secara menyeluruh terhadap sifat optik, elektronik, panas, dan mekanik. Secara khusus, focus dipelukan untuk menyelidiki graphene dan komposit graphene untuk aplikasi fotoelektrokimia. Banyak studi dikerjakan untuk membuat material baru berbasis graphene untuk aplikasi fotoelektrokimia seperti photoelectrochemical sunlight-based cells, fotokatalitik untuk penghilangan kontaminan, dan produksi H2. Pada artikel ini akan disumarisasikan penelitian-penelitian terkait material berbasis graphene untuk aplikasi fotoelektrokimia. Harapan dan perkembangan aplikasi penggunaan material berbasis graphene juga didiskusikan.","2020-06-30","2023-12-06 09:52:07","2023-12-06 09:52:08","2023-12-06 09:52:07","","","1","14","","J. Rek. Pros.","Change of Graphene with Various Strategies for Photocatalytic Applications","","","","","","","en","","","","","DOI.org (Crossref)","","","","C:\Users\abed-al-baset.taleb\Zotero\storage\VW9SLKNF\Oh - 2020 - Change of Graphene with Various Strategies for Pho.pdf","","","","","","","","","","","","","","","","","","","","","","","","","","","","","","","","","","","","","","","","","","","","","","","","",""
"LNWJI5WP","journalArticle","2020","Hetemi, Dardan; Noël, Vincent; Pinson, Jean","Grafting of Diazonium Salts on Surfaces: Application to Biosensors","Biosensors","","2079-6374","10.3390/bios10010004","https://www.mdpi.com/2079-6374/10/1/4","This review is divided into two parts; the first one summarizes the main features of surface modification by diazonium salts with a focus on most recent advances, while the second part deals with diazonium-based biosensors including small molecules of biological interest, proteins, and nucleic acids.","2020-01-15","2023-12-06 09:53:12","2023-12-06 09:53:12","2023-12-06 09:53:12","4","","1","10","","Biosensors","Grafting of Diazonium Salts on Surfaces","","","","","","","en","","","","","DOI.org (Crossref)","","","","C:\Users\abed-al-baset.taleb\Zotero\storage\LRF8GS33\Hetemi et al. - 2020 - Grafting of Diazonium Salts on Surfaces Applicati.pdf","","","","","","","","","","","","","","","","","","","","","","","","","","","","","","","","","","","","","","","","","","","","","","","","",""
"HK98PDSV","journalArticle","2018","Yáñez-Sedeño, Paloma; Campuzano, Susana; Pingarrón, José M.","Integrated Affinity Biosensing Platforms on Screen-Printed Electrodes Electrografted with Diazonium Salts","Sensors","","1424-8220","10.3390/s18020675","https://www.mdpi.com/1424-8220/18/2/675","Adequate selection of the electrode surface and the strategies for its modification to enable subsequent immobilization of biomolecules and/or nanomaterials integration play a major role in the performance of electrochemical affinity biosensors. Because of the simplicity, rapidity and versatility, electrografting using diazonium salt reduction is among the most currently used functionalization methods to provide the attachment of an organic layer to a conductive substrate. This particular chemistry has demonstrated to be a powerful tool to covalently immobilize in a stable and reproducible way a wide range of biomolecules or nanomaterials onto different electrode surfaces. Considering the great progress and interesting features arisen in the last years, this paper outlines the potential of diazonium chemistry to prepare single or multianalyte electrochemical affinity biosensors on screen-printed electrodes (SPEs) and points out the existing challenges and future directions in this field.","2018-02-24","2023-12-06 09:53:17","2023-12-06 09:53:17","2023-12-06 09:53:17","675","","2","18","","Sensors","","","","","","","","en","","","","","DOI.org (Crossref)","","","","C:\Users\abed-al-baset.taleb\Zotero\storage\MEDF9JJW\Yáñez-Sedeño et al. - 2018 - Integrated Affinity Biosensing Platforms on Screen.pdf","","","","","","","","","","","","","","","","","","","","","","","","","","","","","","","","","","","","","","","","","","","","","","","","",""
"ZJY2QRYZ","journalArticle","2019","Delaporte, Nicolas; Belanger, Rachel L.; Lajoie, Gilles; Trudeau, Michel; Zaghib, Karim","Multi-carbonyl molecules immobilized on high surface area carbon by diazonium chemistry for energy storage applications","Electrochimica Acta","","0013-4686","10.1016/j.electacta.2019.04.012","https://www.sciencedirect.com/science/article/pii/S0013468619306784","The diamino-aryl-1,4,5,8-naphtalenetetra-carboxylic diimide molecule (NTCDA-(aryl-NH2)2) was successfully prepared by N-acylation reaction of 1,4,5,8-naphtalenetetra-carboxylic dianhydride (NTCDA) with 4-nitroaniline, followed by a simple reduction of nitro groups in amino functions. The molecules were characterized by elemental analysis, SEM, IR and TGA. A Li-ion electrode with NTCDA-(aryl-NH2)2 as active material was tested and a reversible behavior was observed with a multiple electrons process delivering about 100 mAh g−1 at an average potential of 2.45 V vs. Li/Li+. The diazotization of NTCDA-(aryl-NH2)2 and its attachment on a carbon surface was investigated. An irreversible cathodic wave at around 0.0 V vs. Ag/AgNO3 that is associated to the reduction of the in-situ generated NTCDA-(aryl-N2+)2 ions was observed. The blocking effect of the grafted layer deposited on the glassy carbon surface was verified with ferrocene as a redox probe. This molecule was further immobilized on Ketjen black carbon in a one-pot reaction by spontaneous reduction of freshly formed NTCDA-(aryl-N2+)2 ions. The redox-active carbons with a loading of grafted groups estimated between 26.4 and 36.7 wt % cycled at high rate for thousands of cycles. Two other diamines prepared according to the same method were also investigated, as well as their immobilization on Ketjen black surface.","2019-06-10","2023-12-06 10:13:24","2023-12-06 10:13:24","2023-12-06 10:13:24","99-114","","","308","","Electrochimica Acta","","","","","","","","","","","","","ScienceDirect","","","","C:\Users\abed-al-baset.taleb\Zotero\storage\EMGGUQ5Q\S0013468619306784.html","","","Carbon; Diazonium; Grafting; Multi-carbonyl molecule; Organic material","","","","","","","","","","","","","","","","","","","","","","","","","","","","","","","","","","","","","","","","","","","","","",""
"F8VZSWRQ","journalArticle","2019","Bui-Thi-Tuyet, Van; Cannizzo, Caroline; Legros, Corinne; Andrieux, Michel; Chaussé, Annie","Modification of fluorine-doped tin oxide surface: Optimization of the electrochemical grafting of diazonium salt","Surfaces and Interfaces","","","","https://www.sciencedirect.com/science/article/pii/S2468023018304528","","2019","2023-12-06 10:26:19","2023-12-06 10:26:19","2023-12-06 10:26:19","110–116","","","15","","","Modification of fluorine-doped tin oxide surface","","","","","","","","","","","","Google Scholar","","Publisher: Elsevier","","","","","","","","","","","","","","","","","","","","","","","","","","","","","","","","","","","","","","","","","","","","","","","","","","",""
"YJZV9ZBL","journalArticle","2013","Griffete, Nébéwia; Ahmad, Randa; Benmehdi, Houcine; Lamouri, Aazdine; Decorse, Philippe; Mangeney, Claire","Elaboration of hybrid silica particles using a diazonium salt chemistry approach","Colloids and Surfaces A: Physicochemical and Engineering Aspects","","","","https://www.sciencedirect.com/science/article/pii/S0927775713003099","","2013","2023-12-06 10:27:50","2023-12-06 10:27:50","2023-12-06 10:27:50","145–150","","","439","","","","","","","","","","","","","","","Google Scholar","","Publisher: Elsevier","","","","","","","","","","","","","","","","","","","","","","","","","","","","","","","","","","","","","","","","","","","","","","","","","","",""
"9CI289GR","journalArticle","2018","Gam-Derouich, Sarra; Pinson, Jean; Decorse, Philippe; Luo, Yun; Herbaut, Remy; Royon, Laurent; Mangeney, Claire","Diazonium salt chemistry for the design of nano-textured anti-icing surfaces","Chemical Communications","","","","https://pubs.rsc.org/en/content/articlehtml/2018/cc/c8cc02601g","","2018","2023-12-06 10:29:16","2023-12-06 10:29:16","2023-12-06 10:29:16","8983–8986","","65","54","","","","","","","","","","","","","","","Google Scholar","","Publisher: Royal Society of Chemistry","","C:\Users\abed-al-baset.taleb\Zotero\storage\CIZAJDCR\Gam-Derouich et al. - 2018 - Diazonium salt chemistry for the design of nano-te.pdf","","","","","","","","","","","","","","","","","","","","","","","","","","","","","","","","","","","","","","","","","","","","","","","","",""
"JIUVBKKC","journalArticle","2018","Thaçi, B. S.; Gashi, S. T.; Podvorica, F. I.","Preparation of heterogeneous reverse osmosis membranes undergoing modification process","Desalin. Water Treat","","","","https://www.deswater.com/DWT_articles/vol_118_papers/118_2018_96.pdf","","2018","2023-12-06 10:30:49","2023-12-06 10:30:49","2023-12-06 10:30:49","96–102","","","118","","","","","","","","","","","","","","","Google Scholar","","","","C:\Users\abed-al-baset.taleb\Zotero\storage\DYCS48EK\Thaçi et al. - 2018 - Preparation of heterogeneous reverse osmosis membr.pdf","","","","","","","","","","","","","","","","","","","","","","","","","","","","","","","","","","","","","","","","","","","","","","","","",""
"68LNQ87E","journalArticle","2013","Bouriga, Meriem; Chehimi, Mohamed M.; Combellas, Catherine; Decorse, Philippe; Kanoufi, Frédéric; Deronzier, Alain; Pinson, Jean","Sensitized Photografting of Diazonium Salts by Visible Light.","Chemistry of Materials","","0897-4756, 1520-5002","10.1021/cm3032994","https://pubs.acs.org/doi/10.1021/cm3032994","","2013-01-08","2023-12-06 10:31:57","2023-12-06 10:31:57","2023-12-06 10:31:57","90-97","","1","25","","Chem. Mater.","","","","","","","","en","","","","","DOI.org (Crossref)","","","","","","","","","","","","","","","","","","","","","","","","","","","","","","","","","","","","","","","","","","","","","","","","","","","","",""
"SW94QW45","journalArticle","2017","Ossonon, Benjamin Diby; Bélanger, Daniel","Synthesis and characterization of sulfophenyl-functionalized reduced graphene oxide sheets","RSC Advances","","2046-2069","10.1039/C6RA28311J","http://xlink.rsc.org/?DOI=C6RA28311J","We report modification of graphene oxide by thermal reduction to obtain reduced graphene oxide and subsequent functionalization with sulfophenyl groups to obtain SRGO as well as the characterization of these materials by TGA-MS.           ,                             We report the modification of graphene oxide (GO) by thermal reduction to obtain reduced graphene oxide (RGO) and subsequent modification by sulfophenyl groups as well as the characterization of these materials by thermogravimetric analysis coupled with mass spectroscopy (TGA-MS). The chemical modification of RGO was carried out by the spontaneous reaction of RGO with               in situ               generated sulfophenyl diazonium ions. The three different types of materials were also characterized by elemental analysis, Fourier transform infrared spectroscopy (FTIR), Raman spectroscopy and X-ray photoelectron spectroscopy (XPS). The characteristic absorption band at 1034 and 1160 cm               −1               in the FTIR spectrum of the sulfophenyl-modified RGO (SRGO), as well as Raman spectroscopy and TGA-MS data indicated that sulfophenyl groups were successfully grafted on RGO. The presence of organic molecules at the SRGO surface was also demonstrated by elemental analysis, transmission electron microscopy, energy dispersive X-ray spectroscopy and XPS. TGA data and elemental analysis results showed that the loading of sulfophenyl groups was about 12 wt% and UV-visible-near IR spectroscopy confirms the slight increase of the optical band gap of RGO after covalent grafting of sulfophenyl groups on its surface.","2017","2023-12-06 13:12:04","2023-12-06 13:12:04","2023-12-06 13:12:04","27224-27234","","44","7","","RSC Adv.","","","","","","","","en","","","","","DOI.org (Crossref)","","","","C:\Users\abed-al-baset.taleb\Zotero\storage\2KJT25Y8\Ossonon et Bélanger - 2017 - Synthesis and characterization of sulfophenyl-func.pdf","","","","","","","","","","","","","","","","","","","","","","","","","","","","","","","","","","","","","","","","","","","","","","","","",""
"CSAKKM3E","journalArticle","2014","Jasmin, Jean-Philippe; Cannizzo, Caroline; Dumas, Eddy; Chaussé, Annie","Fabrication and characterization of all-covalent nanocomposite functionalized screen-printed voltammetric sensors","Electrochimica Acta","","00134686","10.1016/j.electacta.2014.04.069","https://linkinghub.elsevier.com/retrieve/pii/S0013468614008160","","2014-07","2023-12-06 13:28:20","2023-12-06 13:28:20","2023-12-06 13:28:20","467-474","","","133","","Electrochimica Acta","","","","","","","","en","","","","","DOI.org (Crossref)","","","","C:\Users\abed-al-baset.taleb\Zotero\storage\NHCWVY3M\Jasmin et al. - 2014 - Fabrication and characterization of all-covalent n.pdf","","","","","","","","","","","","","","","","","","","","","","","","","","","","","","","","","","","","","","","","","","","","","","","","",""
"W5ZUIHNN","journalArticle","","Meng, Qi; Zhang, Yin; Cao, Chaomin; Lu, Yang; Liu, Guozhen","Increased sensitivity of extracellular glucose monitoring based on AuNP decorated GO nanocomposites","RSC Advances","","","","","","","2023-12-06 13:45:52","2023-12-06 13:45:52","","","","","","","","","","","","","","","en","","","","","Zotero","","","","C:\Users\abed-al-baset.taleb\Zotero\storage\P8XSAIW7\Meng et al. - Increased sensitivity of extracellular glucose mon.pdf","","","","","","","","","","","","","","","","","","","","","","","","","","","","","","","","","","","","","","","","","","","","","","","","",""
"2M5I5UJH","journalArticle","2021","Sandomierski, M.; Voelkel, A.","Diazonium Modification of Inorganic and Organic Fillers for the Design of Robust Composites: A Review","Journal of Inorganic and Organometallic Polymers and Materials","","1574-1443, 1574-1451","10.1007/s10904-020-01725-0","https://link.springer.com/10.1007/s10904-020-01725-0","This review focuses on fillers modified with diazonium salts and their use in composites. We reviewed scientific publications and presented information about such diazonium-modified fillers as boron nitride, carbon fillers, cellulose, clay, silica, titanium dioxide, and zeolite. The fillers were divided into two groups. The first group includes those that form covalent bonds with the polymer, while the second includes those that do not form them. This review indicates a tremendous impact of filler modification using diazonium salts on the properties of composites. The review presents examples of the impact of filler on such properties as thermal conductivity, thermal stability, and mechanical properties (e.g., interfacial shear strength, compressive strength, flexural strength). The presented review indicates the enormous potential of composites with diazonium-modified fillers in control drug release, antistatic coatings, electrode materials, photocatalysts, bone tissue engineering scaffolds, fuel cell applications, abrasive tools, and electromechanical strain sensor. We hope that this review will help both research groups and industry in choosing fillers for given types of polymers and obtaining composites with even better properties.","2021-01","2023-12-06 13:50:44","2023-12-06 13:50:44","2023-12-06 13:50:44","1-21","","1","31","","J Inorg Organomet Polym","Diazonium Modification of Inorganic and Organic Fillers for the Design of Robust Composites","","","","","","","en","","","","","DOI.org (Crossref)","","","","C:\Users\abed-al-baset.taleb\Zotero\storage\8WDD833Y\Sandomierski et Voelkel - 2021 - Diazonium Modification of Inorganic and Organic Fi.pdf","","","","","","","","","","","","","","","","","","","","","","","","","","","","","","","","","","","","","","","","","","","","","","","","",""
"GFZZA4XS","journalArticle","2021","Li, Da; Luo, Yun; Onidas, Delphine; He, Li; Jin, Ming; Gazeau, Florence; Pinson, Jean; Mangeney, Claire","Surface functionalization of nanomaterials by aryl diazonium salts for biomedical sciences","Advances in Colloid and Interface Science","","00018686","10.1016/j.cis.2021.102479","https://linkinghub.elsevier.com/retrieve/pii/S0001868621001202","Nanoparticles (NPs) can be prepared by simple reactions and methods from a number of materials. Their small size opens up a number of applications in different fields, among which biomedicine, including: i) drug delivery, ii) biosensors, iii) bioimaging, iv) antibacterial activity. To be able to perform such tasks, NPs must be modified with a variety of functional molecules, such as drugs, targeting groups, chemical tags or antibacterial agents, and must also be prevented from aggregation. The attachment must be stable to resist during the transportation to the targeted location. Diazonium salts, which have been widely used for coupling applications and surface modification, fulfil such criteria. Moreover, they are simple to prepare and can be easily substituted with a large number of organic groups. This review describes the use of these compounds in nanomedicine with a focus on the construction of nanohybrids derived from metal, oxide and carbon-based NPs as well as viruses.","2021-08","2023-12-06 14:02:43","2023-12-06 14:02:44","2023-12-06 14:02:43","102479","","","294","","Advances in Colloid and Interface Science","","","","","","","","en","","","","","DOI.org (Crossref)","","","","C:\Users\abed-al-baset.taleb\Zotero\storage\GHSN4RGN\Li et al. - 2021 - Surface functionalization of nanomaterials by aryl.pdf","","","","","","","","","","","","","","","","","","","","","","","","","","","","","","","","","","","","","","","","","","","","","","","","",""
"FHCH65JA","bookSection","2015","Gao, Wei","The Chemistry of Graphene Oxide","Graphene Oxide","978-3-319-15499-2 978-3-319-15500-5","","","https://link.springer.com/10.1007/978-3-319-15500-5_3","","2015","2023-12-06 14:19:51","2023-12-06 14:19:51","2023-12-06 14:19:51","61-95","","","","","","","","","","","Springer International Publishing","Cham","en","","","","","DOI.org (Crossref)","","DOI: 10.1007/978-3-319-15500-5_3","","","","","","Gao, Wei","","","","","","","","","","","","","","","","","","","","","","","","","","","","","","","","","","","","","","","","","","","","",""
"VN4PPYBT","journalArticle","2012","Tkachev, S. V.; Buslaeva, E. Yu.; Naumkin, A. V.; Kotova, S. L.; Laure, I. V.; Gubin, S. P.","Reduced graphene oxide","Inorganic Materials","","0020-1685, 1608-3172","10.1134/S0020168512080158","http://link.springer.com/10.1134/S0020168512080158","","2012-08","2023-12-06 14:20:01","2023-12-06 14:20:01","2023-12-06 14:20:01","796-802","","8","48","","Inorg Mater","","","","","","","","en","","","","","DOI.org (Crossref)","","","","C:\Users\abed-al-baset.taleb\Zotero\storage\X9ASQ7CL\Tkachev et al. - 2012 - Reduced graphene oxide.pdf","","","","","","","","","","","","","","","","","","","","","","","","","","","","","","","","","","","","","","","","","","","","","","","","",""
"UQHM9HPV","journalArticle","2017","Yang, Guo-hai; Bao, Dan-dan; Liu, Hong; Zhang, Da-qing; Wang, Na; Li, Hai-tao","Functionalization of Graphene and Applications of the Derivatives","Journal of Inorganic and Organometallic Polymers and Materials","","1574-1443, 1574-1451","10.1007/s10904-017-0597-6","http://link.springer.com/10.1007/s10904-017-0597-6","Graphene, as one of the most promising new materials, has a wide range of applications in biosensors, super-capacitors and catalysts. Herein, we focus on the covalent and noncovalent modification of both graphene and graphene oxide recently reported, and review the interesting properties, e.g., wider electrical band gap and higher dispersibility. We cover covalent derivatization of graphene and graphene oxide with various species, such as nitrenes, carbenes, aryl intermediates, polymers, biomaterials, carbon materials (fullerenes and carbon nanotubes), and organic molecules. As regards, noncovalent functionalization, we consider π–π interactions, van der Waals forces, ionic interactions, and hydrogen bonding. This review also covers some efforts to achieve tailored functionalization for applications. Finally, we assess the future prospects of covalently and noncovalently modified graphene and graphene oxide (Fig. 1).","2017-09","2023-12-06 14:43:49","2023-12-06 14:43:50","2023-12-06 14:43:49","1129-1141","","5","27","","J Inorg Organomet Polym","","","","","","","","en","","","","","DOI.org (Crossref)","","","","C:\Users\abed-al-baset.taleb\Zotero\storage\X5UZ7T6U\Yang et al. - 2017 - Functionalization of Graphene and Applications of .pdf","","","","","","","","","","","","","","","","","","","","","","","","","","","","","","","","","","","","","","","","","","","","","","","","",""
"73X8NAWE","journalArticle","2011","Touraud, Evelyne; Roig, Benoit; Sumpter, John P.; Coetsier, Clémence","Drug residues and endocrine disruptors in drinking water: risk for humans?","International journal of hygiene and environmental health","","","","https://www.sciencedirect.com/science/article/pii/S1438463911000757","","2011","2023-12-06 15:02:06","2023-12-06 15:02:06","2023-12-06 15:02:06","437–441","","6","214","","","Drug residues and endocrine disruptors in drinking water","","","","","","","","","","","","Google Scholar","","Publisher: Elsevier","","C:\Users\abed-al-baset.taleb\Zotero\storage\7RQMJJT7\Touraud et al. - 2011 - Drug residues and endocrine disruptors in drinking.pdf","","","","","","","","","","","","","","","","","","","","","","","","","","","","","","","","","","","","","","","","","","","","","","","","",""
"T2A9S9QZ","journalArticle","2010","Namour, Philippe; Lepot, Mathieu; Jaffrezic-Renault, Nicole","Recent trends in monitoring of European water framework directive priority substances using micro-sensors: a 2007–2009 review","Sensors","","","","https://www.mdpi.com/1424-8220/10/9/7947","","2010","2023-12-06 15:03:17","2023-12-06 15:03:17","2023-12-06 15:03:17","7947–7978","","9","10","","","Recent trends in monitoring of European water framework directive priority substances using micro-sensors","","","","","","","","","","","","Google Scholar","","Publisher: Molecular Diversity Preservation International (MDPI)","","C:\Users\abed-al-baset.taleb\Zotero\storage\99S9796V\Namour et al. - 2010 - Recent trends in monitoring of European water fram.pdf","","","","","","","","","","","","","","","","","","","","","","","","","","","","","","","","","","","","","","","","","","","","","","","","",""
"QB7B277F","journalArticle","2021","Karthik, V.; Selvakumar, P.; Senthil Kumar, P.; Vo, Dai-Viet N.; Gokulakrishnan, M.; Keerthana, P.; Tamil Elakkiya, V.; Rajeswari, R.","Graphene-based materials for environmental applications: a review","Environmental Chemistry Letters","","1610-3653, 1610-3661","10.1007/s10311-021-01262-3","https://link.springer.com/10.1007/s10311-021-01262-3","The recent discovery and synthesis of graphene materials have led to many applications in various fields such as medicine, energy and environment. Here, we review the synthesis, functionalization, properties and applications of graphene materials with focus on environmental applications such as detection and adsorption of pollutants, and photocatalysis. For instance, hybrid systems can detect pollutants at levels of 0.1 nM ­Pb2+, 5 nM ­Hg2+ and 0.3 μmol ­Cu2+ per L with a faster response time. Graphene-based materials have adsorption capacities ranging from 21 to 117.5 mg/g for metal ions, and from 1 to 827 mg/g for organic pollutants. Graphene oxide-based photocatalytic devices allow more than 95% of dye degradation.","2021-10","2023-12-06 15:23:26","2023-12-06 15:23:27","2023-12-06 15:23:26","3631-3644","","5","19","","Environ Chem Lett","Graphene-based materials for environmental applications","","","","","","","en","","","","","DOI.org (Crossref)","","","","C:\Users\abed-al-baset.taleb\Zotero\storage\UMCLK8FZ\Karthik et al. - 2021 - Graphene-based materials for environmental applica.pdf","","","","","","","","","","","","","","","","","","","","","","","","","","","","","","","","","","","","","","","","","","","","","","","","",""
"2N74YAMB","journalArticle","2015","Berisha, Avni; Chehimi, Mohamed; Pinson, Jean; Podvorica, Fetah","Electrode surface modification using diazonium salts","Electroanalytical Chemistry: A Series of Advances","","","","https://cir.nii.ac.jp/crid/1360292620617181952","","2015","2023-12-06 15:31:31","2023-12-06 15:31:31","2023-12-06 15:31:31","115–224","","","","","","","","","","","","","","","","","","Google Scholar","","Publisher: CRC Press","","","","","","","","","","","","","","","","","","","","","","","","","","","","","","","","","","","","","","","","","","","","","","","","","","",""
"A3G6AJB7","book","2012","Chehimi, Mohamed Mehdi","Aryl diazonium salts: new coupling agents in polymer and surface science","","","","","https://books.google.com/books?hl=fr&lr=&id=DfaH9Zdw5nQC&oi=fnd&pg=PR15&dq=M.+Chehimi+(Ed.),+Aryl+Diazonium+Salts:+New+Coupling+Agents+in+Polymer+and+Surface+Science,+Wiley,+2012.&ots=kH6JokqMxg&sig=UTIZMW4Os53A6OaO58Pb56UDhy0","","2012","2023-12-06 15:32:20","2023-12-06 15:32:20","2023-12-06 15:32:20","","","","","","","Aryl diazonium salts","","","","","John Wiley & Sons","","","","","","","Google Scholar","","","","","","","","","","","","","","","","","","","","","","","","","","","","","","","","","","","","","","","","","","","","","","","","","","","","",""
"67469TMP","journalArticle","2015","Eissa, Shimaa; Jimenez, Gaston Contreras; Mahvash, Farzaneh; Guermoune, Abdeladim; Tlili, Chaker; Szkopek, Thomas; Zourob, Mohammed; Siaj, Mohamed","Functionalized CVD monolayer graphene for label-free impedimetric biosensing","Nano Research","","1998-0124, 1998-0000","10.1007/s12274-014-0671-0","http://link.springer.com/10.1007/s12274-014-0671-0","Recent advances in large area graphene growth have led to tremendous applications in a variety of areas. In the present study, chemical vapor deposited (CVD) monolayer graphene supported on glass substrate is examined as electrode material for electrochemical biosensing applications. We report here a facile strategy for the covalent functionalization of CVD monolayer graphene by electrochemical reduction of carboxyphenyl diazonium salt prepared in situ in acidic aqueous solution. The carboxyphenyl-modified graphene is characterized using Raman spectroscopy, X- ray photoelectron spectroscopy (XPS), atomic force microscopy (AFM) as well as electrochemical impedance spectroscopy (EIS). We also show that the number of grafted carboxyphenyl groups on the graphene surface can be controlled by the number of cyclic voltammetry (CV) scans used for the electrografting step. We further present the fabrication and characterization of an immunosensor based on immobilization of ovalbumin antibody on the graphene surface after the activation of the grafted carboxylic groups via an EDC/NHS chemistry. The binding between the surface-immobilized antibodies and ovalbumin was then monitored by faradaic electrochemical impedance spectroscopy (EIS) in [Fe(CN)6]3-/4- solution. The percentage change of charge-transfer resistance (Rct) after binding shows a linear response with the ovalbumin concentrations in the range of 1.0 pgmL-1 to 100 ngmL−1, with a detection limit of 0.9 pgmL−1. Our results indicate good sensitivity of the developed functionalized CVD graphene platform which opens the way for use of CVD monolayer graphene in a wide range of electrochemical biosensing devices.","2015-05","2023-12-07 13:02:56","2023-12-07 13:02:57","2023-12-07 13:02:55","1698-1709","","5","8","","Nano Res.","","","","","","","","en","","","","","DOI.org (Crossref)","","","","C:\Users\abed-al-baset.taleb\Zotero\storage\8H95EYH2\Eissa et al. - 2015 - Functionalized CVD monolayer graphene for label-fr.pdf","","","","","","","","","","","","","","","","","","","","","","","","","","","","","","","","","","","","","","","","","","","","","","","","",""
"G7P57UR5","journalArticle","2010","Shao, Yuyan; Wang, Jun; Wu, Hong; Liu, Jun; Aksay, Ilhan A.; Lin, Yuehe","Graphene Based Electrochemical Sensors and Biosensors: A Review","Electroanalysis","","1040-0397, 1521-4109","10.1002/elan.200900571","https://analyticalsciencejournals.onlinelibrary.wiley.com/doi/10.1002/elan.200900571","Graphene, emerging as a true 2-dimensional material, has received increasing attention due to its unique physicochemical properties (high surface area, excellent conductivity, high mechanical strength, and ease of functionalization and mass production). This article selectively reviews recent advances in graphene-based electrochemical sensors and biosensors. In particular, graphene for direct electrochemistry of enzyme, its electrocatalytic activity toward small biomolecules (hydrogen peroxide, NADH, dopamine, etc.), and graphenebased enzyme biosensors have been summarized in more detail; Graphene-based DNA sensing and environmental analysis have been discussed. Future perspectives in this rapidly developing field are also discussed.","2010-05","2023-12-07 13:17:19","2023-12-07 13:17:20","2023-12-07 13:17:19","1027-1036","","10","22","","Electroanalysis","Graphene Based Electrochemical Sensors and Biosensors","","","","","","","en","","","","","DOI.org (Crossref)","","","","C:\Users\abed-al-baset.taleb\Zotero\storage\XIWPEFH5\Shao et al. - 2010 - Graphene Based Electrochemical Sensors and Biosens.pdf","","","","","","","","","","","","","","","","","","","","","","","","","","","","","","","","","","","","","","","","","","","","","","","","",""
"7RUN2XRM","journalArticle","2019","Sarmiento, Viviana; Oropeza-Guzmán, Mercedes Teresita; Lockett, Malcolm; Chen, Wenjun; Ahn, Seungbae; Wang, Jiaying; Vazquez-Mena, Oscar","Electrochemical functionalization strategy for chemical vapor deposited graphene on silicon substrates: grafting, electronic properties and biosensing","Nanotechnology","","0957-4484, 1361-6528","10.1088/1361-6528/ab3ca0","https://iopscience.iop.org/article/10.1088/1361-6528/ab3ca0","","2019-11-22","2023-12-07 14:21:37","2023-12-07 14:21:38","2023-12-07 14:21:37","475703","","47","30","","Nanotechnology","Electrochemical functionalization strategy for chemical vapor deposited graphene on silicon substrates","","","","","","","en","","","","","DOI.org (Crossref)","","","","C:\Users\abed-al-baset.taleb\Zotero\storage\CDIPZKTP\Sarmiento et al. - 2019 - Electrochemical functionalization strategy for che.pdf","","","","","","","","","","","","","","","","","","","","","","","","","","","","","","","","","","","","","","","","","","","","","","","","",""
"CE7ZRZAH","journalArticle","2022","Chiticaru, Elena A.; Pilan, Luisa; Ioniţă, Mariana","Electrochemical Detection Platform Based on RGO Functionalized with Diazonium Salt for DNA Hybridization","Biosensors","","2079-6374","10.3390/bios12010039","https://www.mdpi.com/2079-6374/12/1/39","In this paper, we propose an improved electrochemical platform based on graphene for the detection of DNA hybridization. Commercial screen-printed carbon electrodes (SPCEs) were used for this purpose due to their ease of functionalization and miniaturization opportunities. SPCEs were modiﬁed with reduced graphene oxide (RGO), offering a suitable surface for further functionalization. Therefore, aryl-carboxyl groups were integrated onto RGO-modiﬁed electrodes by electrochemical reduction of the corresponding diazonium salt to provide enough reaction sites for the covalent immobilization of amino-modiﬁed DNA probes. Our ﬁnal goal was to determine the optimum conditions needed to fabricate a simple, label-free RGO-based electrochemical platform to detect the hybridization between two complementary single-stranded DNA molecules. Each modiﬁcation step in the fabrication process was monitored by cyclic voltammetry (CV) and electrochemical impedance spectroscopy (EIS) using [Fe(CN)6]3−/4− as a redox reporter. Although, the diazonium electrografted layer displayed the expected blocking effect of the charge transfer, the next steps in the modiﬁcation procedure resulted in enhanced electron transfer properties of the electrode interface. We suggest that the improvement in the charge transfer after the DNA hybridization process could be exploited as a prospective sensing feature. The morphological and structural characterization of the modiﬁed electrodes performed by scanning electron microscopy (SEM) and Raman spectroscopy, respectively, were used to validate different modiﬁcation steps in the platform fabrication process.","2022-01-13","2023-12-07 14:31:03","2023-12-07 14:31:04","2023-12-07 14:31:03","39","","1","12","","Biosensors","","","","","","","","en","","","","","DOI.org (Crossref)","","","","C:\Users\abed-al-baset.taleb\Zotero\storage\H7QBRCMI\Chiticaru et al. - 2022 - Electrochemical Detection Platform Based on RGO Fu.pdf","","","","","","","","","","","","","","","","","","","","","","","","","","","","","","","","","","","","","","","","","","","","","","","","",""
"VPIUCP3T","journalArticle","2004","Maultzsch, J.; Reich, S.; Thomsen, C.; Requardt, H.; Ordejón, P.","Phonon Dispersion in Graphite","Physical Review Letters","","0031-9007, 1079-7114","10.1103/PhysRevLett.92.075501","https://link.aps.org/doi/10.1103/PhysRevLett.92.075501","","2004-02-17","2023-12-07 15:25:42","2023-12-07 15:25:42","2023-12-07 15:25:42","075501","","7","92","","Phys. Rev. Lett.","","","","","","","","en","","","","","DOI.org (Crossref)","","","","C:\Users\abed-al-baset.taleb\Zotero\storage\83BM5NMC\Maultzsch et al. - 2004 - Phonon Dispersion in Graphite.pdf","","","","","","","","","","","","","","","","","","","","","","","","","","","","","","","","","","","","","","","","","","","","","","","","",""
"D2K7XJS2","journalArticle","2004","Piscanec, S.; Lazzeri, M.; Mauri, Francesco; Ferrari, A. C.; Robertson, J.","Kohn Anomalies and Electron-Phonon Interactions in Graphite","Physical Review Letters","","0031-9007, 1079-7114","10.1103/PhysRevLett.93.185503","https://link.aps.org/doi/10.1103/PhysRevLett.93.185503","","2004-10-28","2023-12-07 15:27:03","2023-12-07 15:27:03","2023-12-07 15:27:03","185503","","18","93","","Phys. Rev. Lett.","","","","","","","","en","","","","","DOI.org (Crossref)","","","","C:\Users\abed-al-baset.taleb\Zotero\storage\9ICW2MFE\Piscanec et al. - 2004 - Kohn Anomalies and Electron-Phonon Interactions in.pdf","","","","","","","","","","","","","","","","","","","","","","","","","","","","","","","","","","","","","","","","","","","","","","","","",""
"RLEQ77P8","journalArticle","2007","Calizo, I.; Balandin, A. A.; Bao, W.; Miao, F.; Lau, C. N.","Temperature Dependence of the Raman Spectra of Graphene and Graphene Multilayers","Nano Letters","","1530-6984, 1530-6992","10.1021/nl071033g","https://pubs.acs.org/doi/10.1021/nl071033g","","2007-09-01","2023-12-07 15:28:00","2023-12-07 15:28:00","2023-12-07 15:28:00","2645-2649","","9","7","","Nano Lett.","","","","","","","","en","","","","","DOI.org (Crossref)","","","","C:\Users\abed-al-baset.taleb\Zotero\storage\GEP4RSWE\Calizo et al. - 2007 - Temperature Dependence of the Raman Spectra of Gra.pdf","","","","","","","","","","","","","","","","","","","","","","","","","","","","","","","","","","","","","","","","","","","","","","","","",""
"5MMMPPBW","journalArticle","2010","Frank, Otakar; Tsoukleri, Georgia; Parthenios, John; Papagelis, Konstantinos; Riaz, Ibtsam; Jalil, Rashid; Novoselov, Kostya S.; Galiotis, Costas","Compression Behavior of Single-Layer Graphenes","ACS Nano","","1936-0851, 1936-086X","10.1021/nn100454w","https://pubs.acs.org/doi/10.1021/nn100454w","","2010-06-22","2023-12-07 15:33:37","2023-12-07 15:33:37","2023-12-07 15:33:37","3131-3138","","6","4","","ACS Nano","","","","","","","","en","","","","","DOI.org (Crossref)","","","","C:\Users\abed-al-baset.taleb\Zotero\storage\DJ9VLYZE\Frank et al. - 2010 - Compression Behavior of Single-Layer Graphenes.pdf","","","","","","","","","","","","","","","","","","","","","","","","","","","","","","","","","","","","","","","","","","","","","","","","",""
"D44XVECJ","journalArticle","2010","Chae, Dong-Hun; Krauss, Benjamin; Von Klitzing, Klaus; Smet, Jurgen H.","Hot Phonons in an Electrically Biased Graphene Constriction","Nano Letters","","1530-6984, 1530-6992","10.1021/nl903167f","https://pubs.acs.org/doi/10.1021/nl903167f","","2010-02-10","2023-12-07 15:34:29","2023-12-07 15:34:29","2023-12-07 15:34:29","466-471","","2","10","","Nano Lett.","","","","","","","","en","","","","","DOI.org (Crossref)","","","","C:\Users\abed-al-baset.taleb\Zotero\storage\EXTP7RBL\Chae et al. - 2010 - Hot Phonons in an Electrically Biased Graphene Con.pdf","","","","","","","","","","","","","","","","","","","","","","","","","","","","","","","","","","","","","","","","","","","","","","","","",""
"68SVBR5I","journalArticle","2008","Das, Anindya; Pisana, Simone; Chakraborty, Biswanath; Piscanec, Stefano; Saha, Srijan K.; Waghmare, Umesh V.; Novoselov, Konstantin S.; Krishnamurthy, Hulikal R.; Geim, Andre K.; Ferrari, Andrea C.","Monitoring dopants by Raman scattering in an electrochemically top-gated graphene transistor","Nature nanotechnology","","","","https://www.nature.com/articles/nnano.2008.67","","2008","2023-12-07 15:35:28","2023-12-07 15:35:28","2023-12-07 15:35:28","210–215","","4","3","","","","","","","","","","","","","","","Google Scholar","","Publisher: Nature Publishing Group UK London","","C:\Users\abed-al-baset.taleb\Zotero\storage\NFMTAPB5\Das et al. - 2008 - Monitoring dopants by Raman scattering in an elect.pdf","","","","","","","","","","","","","","","","","","","","","","","","","","","","","","","","","","","","","","","","","","","","","","","","",""
"7F7AW6A5","journalArticle","2009","Das, A.; Chakraborty, B.; Piscanec, S.; Pisana, S.; Sood, A. K.; Ferrari, A. C.","Phonon renormalization in doped bilayer graphene","Physical Review B","","1098-0121, 1550-235X","10.1103/PhysRevB.79.155417","https://link.aps.org/doi/10.1103/PhysRevB.79.155417","","2009-04-13","2023-12-07 15:36:13","2023-12-07 15:36:13","2023-12-07 15:36:13","155417","","15","79","","Phys. Rev. B","","","","","","","","en","","","","","DOI.org (Crossref)","","","","C:\Users\abed-al-baset.taleb\Zotero\storage\EMTQ94QH\Das et al. - 2009 - Phonon renormalization in doped bilayer graphene.pdf","","","","","","","","","","","","","","","","","","","","","","","","","","","","","","","","","","","","","","","","","","","","","","","","",""
"UDFDFZE2","journalArticle","2009","Chen, Chun-Chung; Bao, Wenzhong; Theiss, Jesse; Dames, Chris; Lau, Chun Ning; Cronin, Stephen B.","Raman Spectroscopy of Ripple Formation in Suspended Graphene","Nano Letters","","1530-6984, 1530-6992","10.1021/nl9023935","https://pubs.acs.org/doi/10.1021/nl9023935","","2009-12-09","2023-12-07 15:37:33","2023-12-07 15:37:33","2023-12-07 15:37:33","4172-4176","","12","9","","Nano Lett.","","","","","","","","en","","","","","DOI.org (Crossref)","","","","C:\Users\abed-al-baset.taleb\Zotero\storage\3K9YPGNY\Chen et al. - 2009 - Raman Spectroscopy of Ripple Formation in Suspende.pdf","","","","","","","","","","","","","","","","","","","","","","","","","","","","","","","","","","","","","","","","","","","","","","","","",""
"SFMJT6VS","journalArticle","2012","Wall, Mark","Raman Spectroscopy Optimizes Graphene Characterization","AM&P Technical Articles","","0882-7958","10.31399/asm.amp.2012-04.p035","https://dl.asminternational.org/amp-tech/article/170/4/35/26022/Raman-Spectroscopy-Optimizes-Graphene","Abstract             Raman spectroscopy is an indispensable tool in laboratories conducting research in the nascent field of carbon nanomaterials. It provides comprehensive information about the structure and layer thickness of graphene samples with high levels of sensitivity, stability, and control.","2012-04-01","2023-12-07 15:41:27","2023-12-07 15:41:27","2023-12-07 15:41:27","35-38","","4","170","","","","","","","","","","en","","","","","DOI.org (Crossref)","","","","C:\Users\abed-al-baset.taleb\Zotero\storage\9AQ4GMPM\Wall - 2012 - Raman Spectroscopy Optimizes Graphene Characteriza.pdf","","","","","","","","","","","","","","","","","","","","","","","","","","","","","","","","","","","","","","","","","","","","","","","","",""
"MD56QJX2","journalArticle","2000","Thomsen, C.; Reich, S.","Double Resonant Raman Scattering in Graphite","Physical Review Letters","","0031-9007, 1079-7114","10.1103/PhysRevLett.85.5214","https://link.aps.org/doi/10.1103/PhysRevLett.85.5214","","2000-12-11","2023-12-07 15:51:43","2023-12-07 15:51:43","2023-12-07 15:51:43","5214-5217","","24","85","","Phys. Rev. Lett.","","","","","","","","en","","","","","DOI.org (Crossref)","","","","C:\Users\abed-al-baset.taleb\Zotero\storage\VWY6PFKZ\Thomsen et Reich - 2000 - Double Resonant Raman Scattering in Graphite.pdf","","","","","","","","","","","","","","","","","","","","","","","","","","","","","","","","","","","","","","","","","","","","","","","","",""
"D4BB8H35","journalArticle","2007","Stampfer, C.; Molitor, F.; Graf, D.; Ensslin, K.; Jungen, A.; Hierold, C.; Wirtz, Ludger","Raman imaging of doping domains in graphene on SiO2","Applied Physics Letters","","","","https://pubs.aip.org/aip/apl/article/91/24/241907/237711","","2007","2023-12-07 15:52:45","2023-12-07 15:52:45","2023-12-07 15:52:45","","","24","91","","","","","","","","","","","","","","","Google Scholar","","Publisher: AIP Publishing","","C:\Users\abed-al-baset.taleb\Zotero\storage\76SWCSCQ\Stampfer et al. - 2007 - Raman imaging of doping domains in graphene on SiO.pdf","","","","","","","","","","","","","","","","","","","","","","","","","","","","","","","","","","","","","","","","","","","","","","","","",""
"M9SI9CGD","journalArticle","2008","You, YuMeng; Ni, ZhenHua; Yu, Ting; Shen, ZeXiang","Edge chirality determination of graphene by Raman spectroscopy","Applied Physics Letters","","","","https://pubs.aip.org/aip/apl/article/93/16/163112/900680","","2008","2023-12-07 15:53:32","2023-12-07 15:53:32","2023-12-07 15:53:32","","","16","93","","","","","","","","","","","","","","","Google Scholar","","Publisher: AIP Publishing","","C:\Users\abed-al-baset.taleb\Zotero\storage\MA33ERGT\You et al. - 2008 - Edge chirality determination of graphene by Raman .pdf","","","","","","","","","","","","","","","","","","","","","","","","","","","","","","","","","","","","","","","","","","","","","","","","",""
"U23WZXL9","journalArticle","1979","Nemanich, R. J.; Solin, S. A.","First- and second-order Raman scattering from finite-size crystals of graphite","Physical Review B","","0163-1829","10.1103/PhysRevB.20.392","https://link.aps.org/doi/10.1103/PhysRevB.20.392","","1979-07-15","2023-12-07 15:54:29","2023-12-07 15:54:29","2023-12-07 15:54:29","392-401","","2","20","","Phys. Rev. B","","","","","","","","en","","","","","DOI.org (Crossref)","","","","","","","","","","","","","","","","","","","","","","","","","","","","","","","","","","","","","","","","","","","","","","","","","","","","",""
"77V76BGG","journalArticle","1982","Al-Jishi, R.; Dresselhaus, G.","Lattice-dynamical model for graphite","Physical Review B","","0163-1829","10.1103/PhysRevB.26.4514","https://link.aps.org/doi/10.1103/PhysRevB.26.4514","","1982-10-15","2023-12-07 15:55:37","2023-12-07 15:55:37","2023-12-07 15:55:37","4514-4522","","8","26","","Phys. Rev. B","","","","","","","","en","","","","","DOI.org (Crossref)","","","","","","","","","","","","","","","","","","","","","","","","","","","","","","","","","","","","","","","","","","","","","","","","","","","","",""
"593UMM68","journalArticle","1998","Pócsik, Istvan; Hundhausen, Martin; Koós, Margit; Ley, Lothar","Origin of the D peak in the Raman spectrum of microcrystalline graphite","Journal of Non-Crystalline Solids","","","","https://www.sciencedirect.com/science/article/pii/S0022309398003494","","1998","2023-12-07 15:56:39","2023-12-07 15:56:39","2023-12-07 15:56:39","1083–1086","","","227","","","","","","","","","","","","","","","Google Scholar","","Publisher: Elsevier","","","","","","","","","","","","","","","","","","","","","","","","","","","","","","","","","","","","","","","","","","","","","","","","","","",""
"XQM4K2Z8","journalArticle","2013","Ferrari, Andrea C.; Basko, Denis M.","Raman spectroscopy as a versatile tool for studying the properties of graphene","Nature nanotechnology","","","","https://www.nature.com/articles/nnano.2013.46","","2013","2023-12-07 15:59:57","2023-12-07 15:59:57","2023-12-07 15:59:57","235–246","","4","8","","","","","","","","","","","","","","","Google Scholar","","Publisher: Nature Publishing Group UK London","","C:\Users\abed-al-baset.taleb\Zotero\storage\HSEQ46C2\Ferrari et Basko - 2013 - Raman spectroscopy as a versatile tool for studyin.pdf","","","","","","","","","","","","","","","","","","","","","","","","","","","","","","","","","","","","","","","","","","","","","","","","",""
"VYRQPN6B","journalArticle","2004","Maultzsch, J.; Reich, S.; Thomsen, C.","Double-resonant Raman scattering in graphite: Interference effects, selection rules, and phonon dispersion","Physical Review B","","1098-0121, 1550-235X","10.1103/PhysRevB.70.155403","https://link.aps.org/doi/10.1103/PhysRevB.70.155403","","2004-10-08","2023-12-07 16:00:42","2023-12-07 16:00:42","2023-12-07 16:00:42","155403","","15","70","","Phys. Rev. B","Double-resonant Raman scattering in graphite","","","","","","","en","","","","","DOI.org (Crossref)","","","","C:\Users\abed-al-baset.taleb\Zotero\storage\58YAHR4I\Maultzsch et al. - 2004 - Double-resonant Raman scattering in graphite Inte.pdf","","","","","","","","","","","","","","","","","","","","","","","","","","","","","","","","","","","","","","","","","","","","","","","","",""
"V74I45DB","journalArticle","2006","Ferrari, A. C.; Meyer, J. C.; Scardaci, V.; Casiraghi, C.; Lazzeri, M.; Mauri, F.; Piscanec, S.; Jiang, D.; Novoselov, K. S.; Roth, S.; Geim, A. K.","Raman Spectrum of Graphene and Graphene Layers","Physical Review Letters","","0031-9007, 1079-7114","10.1103/PhysRevLett.97.187401","https://link.aps.org/doi/10.1103/PhysRevLett.97.187401","","2006-10-30","2023-12-07 16:02:27","2023-12-07 16:02:27","2023-12-07 16:02:27","187401","","18","97","","Phys. Rev. Lett.","","","","","","","","en","","","","","DOI.org (Crossref)","","","","C:\Users\abed-al-baset.taleb\Zotero\storage\GGULZVFL\Ferrari et al. - 2006 - Raman Spectrum of Graphene and Graphene Layers.pdf","","","","","","","","","","","","","","","","","","","","","","","","","","","","","","","","","","","","","","","","","","","","","","","","",""
"KT8Q9KZS","journalArticle","2009","Malard, Leandro M.; Pimenta, Marcos Assunção; Dresselhaus, Gene; Dresselhaus, Mildred Spiewak","Raman spectroscopy in graphene","Physics reports","","","","https://www.sciencedirect.com/science/article/pii/S0370157309000520","","2009","2023-12-07 16:04:05","2023-12-07 16:04:05","2023-12-07 16:04:05","51–87","","5-6","473","","","","","","","","","","","","","","","Google Scholar","","Publisher: Elsevier","","C:\Users\abed-al-baset.taleb\Zotero\storage\JPWJ29HG\Malard et al. - 2009 - Raman spectroscopy in graphene.pdf","","","","","","","","","","","","","","","","","","","","","","","","","","","","","","","","","","","","","","","","","","","","","","","","",""
"HBS8HFAU","journalArticle","1992","Reimer, Raul A.; Miyazaki, Akira","Determination of lead in sea-water by inductively coupled plasma atomic emission spectrometry combined with chelating resin preconcentration and hydride generation","Journal of Analytical Atomic Spectrometry","","","","https://pubs.rsc.org/en/content/articlehtml/1992/ja/ja9920701239","","1992","2023-12-09 23:10:08","2023-12-09 23:10:08","2023-12-09 23:10:08","1239–1242","","8","7","","","","","","","","","","","","","","","Google Scholar","","Publisher: The Royal Society of Chemistry","","C:\Users\abed-al-baset.taleb\Zotero\storage\A8SNEVPB\Reimer et Miyazaki - 1992 - Determination of lead in sea-water by inductively .pdf","","","","","","","","","","","","","","","","","","","","","","","","","","","","","","","","","","","","","","","","","","","","","","","","",""
"KRBBAU8W","journalArticle","2018","Terán-Baamonde, Javier; Bouchet, Sylvain; Tessier, Emmanuel; Amouroux, DJJoCA","Development of a large volume injection method using a programmed temperature vaporization injector–gas chromatography hyphenated to ICP-MS for the simultaneous determination of mercury, tin and lead species at ultra-trace levels in natural waters","Journal of Chromatography A","","","","https://www.sciencedirect.com/science/article/pii/S0021967318302401","","2018","2023-12-09 23:10:47","2023-12-09 23:10:47","2023-12-09 23:10:47","77–85","","","1547","","","","","","","","","","","","","","","Google Scholar","","Publisher: Elsevier","","","","","","","","","","","","","","","","","","","","","","","","","","","","","","","","","","","","","","","","","","","","","","","","","","",""
"DEIBE54P","journalArticle","2022","Béraud, Anouk","Fonctionnalisation de transistors à effet de champ à base de graphène: vers l'assemblage d'une interface de détection biologique contrôlée","","","","","https://papyrus.bib.umontreal.ca/xmlui/handle/1866/27086","","2022","2023-12-09 23:27:41","2023-12-09 23:27:41","2023-12-09 23:27:41","","","","","","","Fonctionnalisation de transistors à effet de champ à base de graphène","","","","","","","","","","","","Google Scholar","","","","C:\Users\abed-al-baset.taleb\Zotero\storage\VV3SXR56\Béraud - 2022 - Fonctionnalisation de transistors à effet de champ.pdf","","","","","","","","","","","","","","","","","","","","","","","","","","","","","","","","","","","","","","","","","","","","","","","","",""
"6BX39JWF","webpage","","","Directive 60/2000/EC, (n.d.) - Recherche Google","","","","","https://www.google.com/search?q=Directive+60%2F2000%2FEC%2C+%28n.d.%29&client=firefox-b-d&sca_esv=589461267&ei=y_d0ZYvCMI_4kdUPmPqOoAI&ved=0ahUKEwjL08XQwIODAxUPfKQEHRi9AyQQ4dUDCBA&uact=5&oq=Directive+60%2F2000%2FEC%2C+%28n.d.%29&gs_lp=Egxnd3Mtd2l6LXNlcnAiHERpcmVjdGl2ZSA2MC8yMDAwL0VDLCAobi5kLikyCBAAGIAEGKIEMggQABiABBiiBDIIEAAYgAQYogQyCBAAGIAEGKIESMEWUPwQWPwQcAR4AZABAJgBb6ABb6oBAzAuMbgBA8gBAPgBAvgBAcICChAAGEcY1gQYsAPCAg0QABiABBiKBRhDGLADwgIZEC4YgAQYigUYQxjHARjRAxjIAxiwA9gBAeIDBBgAIEGIBgGQBg26BgQIARgI&sclient=gws-wiz-serp","","","2023-12-10 15:27:36","2023-12-10 15:27:36","2023-12-10 15:27:36","","","","","","","","","","","","","","","","","","","","","","","C:\Users\abed-al-baset.taleb\Zotero\storage\ML6ZTAX6\search.html","","","","","","","","","","","","","","","","","","","","","","","","","","","","","","","","","","","","","","","","","","","","","","","","",""
"HBARI6GB","webpage","","","LOI n° 2006-1772 du 30 décembre 2006 sur l'eau et les milieux aquatiques - Dossiers législatifs - Légifrance","","","","","https://www.legifrance.gouv.fr/dossierlegislatif/JORFDOLE000017758328/","","","2023-12-10 15:29:29","2023-12-10 15:29:29","2023-12-10 15:29:29","","","","","","","","","","","","","","","","","","","","","","","C:\Users\abed-al-baset.taleb\Zotero\storage\HL24B863\JORFDOLE000017758328.html","","","","","","","","","","","","","","","","","","","","","","","","","","","","","","","","","","","","","","","","","","","","","","","","",""
"JX8PWY9Y","webpage","","","Règlement (UE) n° 847/2012 du 19/09/12 modifiant l’annexe XVII du règlement (CE) n° 1907/2006 du Parlement européen et du Conseil concernant l’enregistrement, l’évaluation et l’autorisation des substances chimiques, ainsi que les restrictions applicables à ces substances (REACH), en ce qui concerne le mercure | AIDA, (n.d.). - Recherche Google","","","","","https://www.google.com/search?q=R%C3%A8glement+%28UE%29+n%C2%B0+847%2F2012+du+19%2F09%2F12+modifiant+l%E2%80%99annexe+XVII+du+r%C3%A8glement+%28CE%29+n%C2%B0+1907%2F2006+du+Parlement+europ%C3%A9en+et+du+Conseil+concernant+l%E2%80%99enregistrement%2C+l%E2%80%99%C3%A9valuation+et+l%E2%80%99autorisation+des+substances+chimiques%2C+ainsi+que+les+restrictions+applicables+%C3%A0+ces+substances+%28REACH%29%2C+en+ce+qui+concerne+le+mercure+%7C+AIDA%2C+%28n.d.%29.&client=firefox-b-d&sca_esv=589461267&ei=RNl1ZaHuA5-hkdUPr9G7gAY&ved=0ahUKEwihoNvTl4WDAxWfUKQEHa_oDmAQ4dUDCBA&uact=5&oq=R%C3%A8glement+%28UE%29+n%C2%B0+847%2F2012+du+19%2F09%2F12+modifiant+l%E2%80%99annexe+XVII+du+r%C3%A8glement+%28CE%29+n%C2%B0+1907%2F2006+du+Parlement+europ%C3%A9en+et+du+Conseil+concernant+l%E2%80%99enregistrement%2C+l%E2%80%99%C3%A9valuation+et+l%E2%80%99autorisation+des+substances+chimiques%2C+ainsi+que+les+restrictions+applicables+%C3%A0+ces+substances+%28REACH%29%2C+en+ce+qui+concerne+le+mercure+%7C+AIDA%2C+%28n.d.%29.&gs_lp=Egxnd3Mtd2l6LXNlcnAi1QJSw6hnbGVtZW50IChVRSkgbsKwIDg0Ny8yMDEyIGR1IDE5LzA5LzEyIG1vZGlmaWFudCBs4oCZYW5uZXhlIFhWSUkgZHUgcsOoZ2xlbWVudCAoQ0UpIG7CsCAxOTA3LzIwMDYgZHUgUGFybGVtZW50IGV1cm9ww6llbiBldCBkdSBDb25zZWlsIGNvbmNlcm5hbnQgbOKAmWVucmVnaXN0cmVtZW50LCBs4oCZw6l2YWx1YXRpb24gZXQgbOKAmWF1dG9yaXNhdGlvbiBkZXMgc3Vic3RhbmNlcyBjaGltaXF1ZXMsIGFpbnNpIHF1ZSBsZXMgcmVzdHJpY3Rpb25zIGFwcGxpY2FibGVzIMOgIGNlcyBzdWJzdGFuY2VzIChSRUFDSCksIGVuIGNlIHF1aSBjb25jZXJuZSBsZSBtZXJjdXJlIHwgQUlEQSwgKG4uZC4pLkgAUABYAHAAeACQAQCYAQCgAQCqAQC4AQPIAQD4AQL4AQHiAwQYACBB&sclient=gws-wiz-serp","","","2023-12-10 15:33:13","2023-12-10 15:33:13","2023-12-10 15:33:13","","","","","","","","","","","","","","","","","","","","","","","C:\Users\abed-al-baset.taleb\Zotero\storage\SXU4QXYA\search.html","","","","","","","","","","","","","","","","","","","","","","","","","","","","","","","","","","","","","","","","","","","","","","","","",""
"328AEMRB","webpage","","","Directive n° 2011/65/UE du 08/06/11 relative à la limitation de l’utilisation de certaines substances dangereuses dans les équipements électriques et électroniques | AIDA, (n.d.) - Recherche Google","","","","","https://www.google.com/search?q=Directive+n%C2%B0+2011%2F65%2FUE+du+08%2F06%2F11+relative+%C3%A0+la+limitation+de+l%E2%80%99utilisation+de+certaines+substances+dangereuses+dans+les+%C3%A9quipements+%C3%A9lectriques+et+%C3%A9lectroniques+%7C+AIDA%2C+%28n.d.%29&client=firefox-b-d&sca_esv=589461267&ei=NNp1ZcLbCOqbkdUPy7aWoAw&ved=0ahUKEwjCxZjGmIWDAxXqTaQEHUubBcQQ4dUDCBA&uact=5&oq=Directive+n%C2%B0+2011%2F65%2FUE+du+08%2F06%2F11+relative+%C3%A0+la+limitation+de+l%E2%80%99utilisation+de+certaines+substances+dangereuses+dans+les+%C3%A9quipements+%C3%A9lectriques+et+%C3%A9lectroniques+%7C+AIDA%2C+%28n.d.%29&gs_lp=Egxnd3Mtd2l6LXNlcnAiuQFEaXJlY3RpdmUgbsKwIDIwMTEvNjUvVUUgZHUgMDgvMDYvMTEgcmVsYXRpdmUgw6AgbGEgbGltaXRhdGlvbiBkZSBs4oCZdXRpbGlzYXRpb24gZGUgY2VydGFpbmVzIHN1YnN0YW5jZXMgZGFuZ2VyZXVzZXMgZGFucyBsZXMgw6lxdWlwZW1lbnRzIMOpbGVjdHJpcXVlcyBldCDDqWxlY3Ryb25pcXVlcyB8IEFJREEsIChuLmQuKUgAUABYAHAAeACQAQCYAQCgAQCqAQC4AQPIAQD4AQL4AQHiAwQYACBB&sclient=gws-wiz-serp","","","2023-12-10 15:33:51","2023-12-10 15:33:51","2023-12-10 15:33:51","","","","","","","","","","","","","","","","","","","","","","","C:\Users\abed-al-baset.taleb\Zotero\storage\BJB8PQK3\search.html","","","","","","","","","","","","","","","","","","","","","","","","","","","","","","","","","","","","","","","","","","","","","","","","",""
"3ZYPKIII","webpage","","","Règlement (CE) N°1907/2006 Du parlement Européen et du conseil du 18 décembre 2006 concernant l’enregistement, l’évaluation et l’autorisation des substances chimiques, ainsi que les restrictions applicables à ces substances (REACH), instituant une agence européenne des produits chimiques, modifiant la directive 1999/45/CE et abrogeant le règlement (CEE) n° 793/93 du Conseil et le règlement (CE) n° 1488/94 de la Commission ainsi que la directive 76/769/CEE du Conseil et les directives 91/155/CEE,93/67/CEE, 93/105/ CE et 2000/21/CE de la Commission, - Recherche Google","","","","","https://www.google.com/search?q=R%C3%A8glement+%28CE%29+N%C2%B01907%2F2006+Du+parlement+Europ%C3%A9en+et+du+conseil+du+18+d%C3%A9cembre+2006+concernant+l%E2%80%99enregistement%2C+l%E2%80%99%C3%A9valuation+et+l%E2%80%99autorisation+des+substances+chimiques%2C+ainsi+que+les+restrictions+applicables+%C3%A0+ces+substances+%28REACH%29%2C+instituant+une+agence+europ%C3%A9enne+des+produits+chimiques%2C+modifiant+la+directive+1999%2F45%2FCE+et+abrogeant+le+r%C3%A8glement+%28CEE%29+n%C2%B0+793%2F93+du+Conseil+et+le+r%C3%A8glement+%28CE%29+n%C2%B0+1488%2F94+de+la+Commission+ainsi+que+la+directive+76%2F769%2FCEE+du+Conseil+et+les+directives+91%2F155%2FCEE%2C93%2F67%2FCEE%2C+93%2F105%2F+CE+et+2000%2F21%2FCE+de+la+Commission%2C&client=firefox-b-d&sca_esv=589461267&ei=Wtp1ZfDzM-eZkdUPypapyAg&ved=0ahUKEwjwiNPYmIWDAxXnTKQEHUpLCokQ4dUDCBA&uact=5&oq=R%C3%A8glement+%28CE%29+N%C2%B01907%2F2006+Du+parlement+Europ%C3%A9en+et+du+conseil+du+18+d%C3%A9cembre+2006+concernant+l%E2%80%99enregistement%2C+l%E2%80%99%C3%A9valuation+et+l%E2%80%99autorisation+des+substances+chimiques%2C+ainsi+que+les+restrictions+applicables+%C3%A0+ces+substances+%28REACH%29%2C+instituant+une+agence+europ%C3%A9enne+des+produits+chimiques%2C+modifiant+la+directive+1999%2F45%2FCE+et+abrogeant+le+r%C3%A8glement+%28CEE%29+n%C2%B0+793%2F93+du+Conseil+et+le+r%C3%A8glement+%28CE%29+n%C2%B0+1488%2F94+de+la+Commission+ainsi+que+la+directive+76%2F769%2FCEE+du+Conseil+et+les+directives+91%2F155%2FCEE%2C93%2F67%2FCEE%2C+93%2F105%2F+CE+et+2000%2F21%2FCE+de+la+Commission%2C&gs_lp=Egxnd3Mtd2l6LXNlcnAiugRSw6hnbGVtZW50IChDRSkgTsKwMTkwNy8yMDA2IER1IHBhcmxlbWVudCBFdXJvcMOpZW4gZXQgZHUgY29uc2VpbCBkdSAxOCBkw6ljZW1icmUgMjAwNiBjb25jZXJuYW50IGzigJllbnJlZ2lzdGVtZW50LCBs4oCZw6l2YWx1YXRpb24gZXQgbOKAmWF1dG9yaXNhdGlvbiBkZXMgc3Vic3RhbmNlcyBjaGltaXF1ZXMsIGFpbnNpIHF1ZSBsZXMgcmVzdHJpY3Rpb25zIGFwcGxpY2FibGVzIMOgIGNlcyBzdWJzdGFuY2VzIChSRUFDSCksIGluc3RpdHVhbnQgdW5lIGFnZW5jZSBldXJvcMOpZW5uZSBkZXMgcHJvZHVpdHMgY2hpbWlxdWVzLCBtb2RpZmlhbnQgbGEgZGlyZWN0aXZlIDE5OTkvNDUvQ0UgZXQgYWJyb2dlYW50IGxlIHLDqGdsZW1lbnQgKENFRSkgbsKwIDc5My85MyBkdSBDb25zZWlsIGV0IGxlIHLDqGdsZW1lbnQgKENFKSBuwrAgMTQ4OC85NCBkZSBsYSBDb21taXNzaW9uIGFpbnNpIHF1ZSBsYSBkaXJlY3RpdmUgNzYvNzY5L0NFRSBkdSBDb25zZWlsIGV0IGxlcyBkaXJlY3RpdmVzIDkxLzE1NS9DRUUsOTMvNjcvQ0VFLCA5My8xMDUvIENFIGV0IDIwMDAvMjEvQ0UgZGUgbGEgQ29tbWlzc2lvbixIAFAAWABwAHgBkAEAmAEAoAEAqgEAuAEDyAEA-AEC-AEB4gMEGAAgQQ&sclient=gws-wiz-serp","","","2023-12-10 15:34:24","2023-12-10 15:34:24","2023-12-10 15:34:24","","","","","","","","","","","","","","","","","","","","","","","C:\Users\abed-al-baset.taleb\Zotero\storage\VGQ6WC5L\search.html","","","","","","","","","","","","","","","","","","","","","","","","","","","","","","","","","","","","","","","","","","","","","","","","",""
"XTASUWKV","journalArticle","2005","Garnier, R.","Toxicité du plomb et de ses dérivés","EMC-Toxicologie-pathologie","","","","https://www.sciencedirect.com/science/article/pii/S1762585804000281","","2005","2023-12-10 15:35:37","2023-12-10 15:35:37","2023-12-10 15:35:37","67–88","","2","2","","","","","","","","","","","","","","","Google Scholar","","Publisher: Elsevier","","","","","","","","","","","","","","","","","","","","","","","","","","","","","","","","","","","","","","","","","","","","","","","","","","",""
"87UH26F9","webpage","","","F. Le Goff, V. Bonnomet, Devenir et comportement des métaux dans l’eau: biodisponibilité et modèles BLM, (2004). http://www.ineris.fr/centredoc/03_0693_Rapp_Technique_biodisp_ecot.pdf (accessed March 16, 2016). - Recherche Google","","","","","https://www.google.com/search?q=F.+Le+Goff%2C+V.+Bonnomet%2C+Devenir+et+comportement+des+m%C3%A9taux+dans+l%E2%80%99eau%3A+biodisponibilit%C3%A9+et+mod%C3%A8les+BLM%2C+%282004%29.+http%3A%2F%2Fwww.ineris.fr%2Fcentredoc%2F03_0693_Rapp_Technique_biodisp_ecot.pdf+%28accessed+March+16%2C+2016%29.&client=firefox-b-d&sca_esv=589461267&ei=uNp1Ze2zA-WkkdUPj7qr6AI&ved=0ahUKEwjt74uFmYWDAxVlUqQEHQ_dCi0Q4dUDCBA&uact=5&oq=F.+Le+Goff%2C+V.+Bonnomet%2C+Devenir+et+comportement+des+m%C3%A9taux+dans+l%E2%80%99eau%3A+biodisponibilit%C3%A9+et+mod%C3%A8les+BLM%2C+%282004%29.+http%3A%2F%2Fwww.ineris.fr%2Fcentredoc%2F03_0693_Rapp_Technique_biodisp_ecot.pdf+%28accessed+March+16%2C+2016%29.&gs_lp=Egxnd3Mtd2l6LXNlcnAi1wFGLiBMZSBHb2ZmLCBWLiBCb25ub21ldCwgRGV2ZW5pciBldCBjb21wb3J0ZW1lbnQgZGVzIG3DqXRhdXggZGFucyBs4oCZZWF1OiBiaW9kaXNwb25pYmlsaXTDqSBldCBtb2TDqGxlcyBCTE0sICgyMDA0KS4gaHR0cDovL3d3dy5pbmVyaXMuZnIvY2VudHJlZG9jLzAzXzA2OTNfUmFwcF9UZWNobmlxdWVfYmlvZGlzcF9lY290LnBkZiAoYWNjZXNzZWQgTWFyY2ggMTYsIDIwMTYpLjIKEAAYRxjWBBiwAzIKEAAYRxjWBBiwAzIKEAAYRxjWBBiwAzIKEAAYRxjWBBiwAzIKEAAYRxjWBBiwAzIKEAAYRxjWBBiwAzIKEAAYRxjWBBiwAzIKEAAYRxjWBBiwAzINEAAYgAQYigUYQxiwAzIZEC4YgAQYigUYQxjHARjRAxjIAxiwA9gBATIZEC4YgAQYigUYQxjHARjRAxjIAxiwA9gBATIZEC4YgAQYigUYQxjHARjRAxjIAxiwA9gBATIZEC4YgAQYigUYQxjHARjRAxjIAxiwA9gBAUilDFC7Bli7BnABeACQAQCYATqgATqqAQExuAEDyAEA-AEC-AEB4gMEGAAgQYgGAZAGDboGBAgBGAg&sclient=gws-wiz-serp","","","2023-12-10 15:39:24","2023-12-10 15:39:24","2023-12-10 15:39:24","","","","","","","","","","","","","","","","","","","","","","","C:\Users\abed-al-baset.taleb\Zotero\storage\HCUZHQ6F\search.html","","","","","","","","","","","","","","","","","","","","","","","","","","","","","","","","","","","","","","","","","","","","","","","","",""
"QVE6X5X2","webpage","","","Directive n° 2013/39/UE du 12/08/13 modifiant les directives 2000/60/CE et 2008/105/CE en ce qui concerne les substances prioritaires pour la politique dans le domaine de l’eau | AIDA, - Recherche Google","","","","","https://www.google.com/search?q=Directive+n%C2%B0+2013%2F39%2FUE+du+12%2F08%2F13+modifiant+les+directives+2000%2F60%2FCE+et+2008%2F105%2FCE+en+ce+qui+concerne+les+substances+prioritaires+pour+la+politique+dans+le+domaine+de+l%E2%80%99eau+%7C+AIDA%2C&client=firefox-b-d&sca_esv=589461267&ei=SNt1ZZyvHfmNkdUP7OK2wAo&ved=0ahUKEwic8_rJmYWDAxX5RqQEHWyxDagQ4dUDCBA&uact=5&oq=Directive+n%C2%B0+2013%2F39%2FUE+du+12%2F08%2F13+modifiant+les+directives+2000%2F60%2FCE+et+2008%2F105%2FCE+en+ce+qui+concerne+les+substances+prioritaires+pour+la+politique+dans+le+domaine+de+l%E2%80%99eau+%7C+AIDA%2C&gs_lp=Egxnd3Mtd2l6LXNlcnAiuwFEaXJlY3RpdmUgbsKwIDIwMTMvMzkvVUUgZHUgMTIvMDgvMTMgbW9kaWZpYW50IGxlcyBkaXJlY3RpdmVzIDIwMDAvNjAvQ0UgZXQgMjAwOC8xMDUvQ0UgZW4gY2UgcXVpIGNvbmNlcm5lIGxlcyBzdWJzdGFuY2VzIHByaW9yaXRhaXJlcyBwb3VyIGxhIHBvbGl0aXF1ZSBkYW5zIGxlIGRvbWFpbmUgZGUgbOKAmWVhdSB8IEFJREEsSABQAFgAcAB4AJABAJgBAKABAKoBALgBA8gBAPgBAvgBAeIDBBgAIEE&sclient=gws-wiz-serp","","","2023-12-10 15:40:48","2023-12-10 15:40:48","2023-12-10 15:40:48","","","","","","","","","","","","","","","","","","","","","","","C:\Users\abed-al-baset.taleb\Zotero\storage\Y8ICDM53\search.html","","","","","","","","","","","","","","","","","","","","","","","","","","","","","","","","","","","","","","","","","","","","","","","","",""
"59ZJXIP3","webpage","","","Circulaire du 07/05/07 définissant les “ normes de qualité environnementale provisoires (NQEp) ” des 41 substances impliquées dans l’évaluation de l’état chimique des masses d’eau ainsi que des substances pertinentes du programme national de réduction des substances dangereuses dans l’eau. Cette circulaire fixe également les objectifs nationaux de réduction des émissions de ces substances et modifie la circulaire DCE 2005/12 du 28 juillet 2005 relative à la définition du “ bon état ” | AIDA,. - Recherche Google","","","","","https://www.google.com/search?q=Circulaire+du+07%2F05%2F07+d%C3%A9finissant+les+%E2%80%9C+normes+de+qualit%C3%A9+environnementale+provisoires+%28NQEp%29+%E2%80%9D+des+41+substances+impliqu%C3%A9es+dans+l%E2%80%99%C3%A9valuation+de+l%E2%80%99%C3%A9tat+chimique+des+masses+d%E2%80%99eau+ainsi+que+des+substances+pertinentes+du+programme+national+de+r%C3%A9duction+des+substances+dangereuses+dans+l%E2%80%99eau.+Cette+circulaire+fixe+%C3%A9galement+les+objectifs+nationaux+de+r%C3%A9duction+des+%C3%A9missions+de+ces+substances+et+modifie+la+circulaire+DCE+2005%2F12+du+28+juillet+2005+relative+%C3%A0+la+d%C3%A9finition+du+%E2%80%9C+bon+%C3%A9tat+%E2%80%9D+%7C+AIDA%2C.&client=firefox-b-d&sca_esv=589461267&ei=_Nt1Zb3eG7GlkdUPhM2kuAI&ved=0ahUKEwi9zOOfmoWDAxWxUqQEHYQmCScQ4dUDCBA&uact=5&oq=Circulaire+du+07%2F05%2F07+d%C3%A9finissant+les+%E2%80%9C+normes+de+qualit%C3%A9+environnementale+provisoires+%28NQEp%29+%E2%80%9D+des+41+substances+impliqu%C3%A9es+dans+l%E2%80%99%C3%A9valuation+de+l%E2%80%99%C3%A9tat+chimique+des+masses+d%E2%80%99eau+ainsi+que+des+substances+pertinentes+du+programme+national+de+r%C3%A9duction+des+substances+dangereuses+dans+l%E2%80%99eau.+Cette+circulaire+fixe+%C3%A9galement+les+objectifs+nationaux+de+r%C3%A9duction+des+%C3%A9missions+de+ces+substances+et+modifie+la+circulaire+DCE+2005%2F12+du+28+juillet+2005+relative+%C3%A0+la+d%C3%A9finition+du+%E2%80%9C+bon+%C3%A9tat+%E2%80%9D+%7C+AIDA%2C.&gs_lp=Egxnd3Mtd2l6LXNlcnAijQRDaXJjdWxhaXJlIGR1IDA3LzA1LzA3IGTDqWZpbmlzc2FudCBsZXMg4oCcIG5vcm1lcyBkZSBxdWFsaXTDqSBlbnZpcm9ubmVtZW50YWxlIHByb3Zpc29pcmVzIChOUUVwKSDigJ0gZGVzIDQxIHN1YnN0YW5jZXMgaW1wbGlxdcOpZXMgZGFucyBs4oCZw6l2YWx1YXRpb24gZGUgbOKAmcOpdGF0IGNoaW1pcXVlIGRlcyBtYXNzZXMgZOKAmWVhdSBhaW5zaSBxdWUgZGVzIHN1YnN0YW5jZXMgcGVydGluZW50ZXMgZHUgcHJvZ3JhbW1lIG5hdGlvbmFsIGRlIHLDqWR1Y3Rpb24gZGVzIHN1YnN0YW5jZXMgZGFuZ2VyZXVzZXMgZGFucyBs4oCZZWF1LiBDZXR0ZSBjaXJjdWxhaXJlIGZpeGUgw6lnYWxlbWVudCBsZXMgb2JqZWN0aWZzIG5hdGlvbmF1eCBkZSByw6lkdWN0aW9uIGRlcyDDqW1pc3Npb25zIGRlIGNlcyBzdWJzdGFuY2VzIGV0IG1vZGlmaWUgbGEgY2lyY3VsYWlyZSBEQ0UgMjAwNS8xMiBkdSAyOCBqdWlsbGV0IDIwMDUgcmVsYXRpdmUgw6AgbGEgZMOpZmluaXRpb24gZHUg4oCcIGJvbiDDqXRhdCDigJ0gfCBBSURBLC5IAFAAWABwAHgAkAEAmAEAoAEAqgEAuAEDyAEA-AEC-AEB4gMEGAAgQQ&sclient=gws-wiz-serp","","","2023-12-10 15:42:03","2023-12-10 15:42:03","2023-12-10 15:42:03","","","","","","","","","","","","","","","","","","","","","","","C:\Users\abed-al-baset.taleb\Zotero\storage\9NJRY7ZT\search.html","","","","","","","","","","","","","","","","","","","","","","","","","","","","","","","","","","","","","","","","","","","","","","","","",""
"JMCNHZH3","webpage","","","Directive n° 98/83/CE du 03/11/98 relative à la qualité des eaux destinées à la consommation humaine | AIDA, - Recherche Google","","","","","https://www.google.com/search?q=Directive+n%C2%B0+98%2F83%2FCE+du+03%2F11%2F98+relative+%C3%A0+la+qualit%C3%A9+des+eaux+destin%C3%A9es+%C3%A0+la+consommation+humaine+%7C+AIDA%2C&client=firefox-b-d&sca_esv=589461267&ei=Rtx1ZYzOKMiikdUP64-t-A0&ved=0ahUKEwiMiZXDmoWDAxVIUaQEHetHC98Q4dUDCBA&uact=5&oq=Directive+n%C2%B0+98%2F83%2FCE+du+03%2F11%2F98+relative+%C3%A0+la+qualit%C3%A9+des+eaux+destin%C3%A9es+%C3%A0+la+consommation+humaine+%7C+AIDA%2C&gs_lp=Egxnd3Mtd2l6LXNlcnAicURpcmVjdGl2ZSBuwrAgOTgvODMvQ0UgZHUgMDMvMTEvOTggcmVsYXRpdmUgw6AgbGEgcXVhbGl0w6kgZGVzIGVhdXggZGVzdGluw6llcyDDoCBsYSBjb25zb21tYXRpb24gaHVtYWluZSB8IEFJREEsSABQAFgAcAB4AJABAJgBAKABAKoBALgBA8gBAPgBAvgBAeIDBBgAIEE&sclient=gws-wiz-serp","","","2023-12-10 15:42:33","2023-12-10 15:42:33","2023-12-10 15:42:33","","","","","","","","","","","","","","","","","","","","","","","C:\Users\abed-al-baset.taleb\Zotero\storage\YRXHE925\search.html","","","","","","","","","","","","","","","","","","","","","","","","","","","","","","","","","","","","","","","","","","","","","","","","",""
"HC4QAU9N","webpage","","","Arrêté du 17 septembre 2003 relatif aux méthodes d’analyse des échantillons d’eau et à leurs caractéristiques de performance, n.d. - Recherche Google","","","","","https://www.google.com/search?q=Arr%C3%AAt%C3%A9+du+17+septembre+2003+relatif+aux+m%C3%A9thodes+d%E2%80%99analyse+des+%C3%A9chantillons+d%E2%80%99eau+et+%C3%A0+leurs+caract%C3%A9ristiques+de+performance%2C+n.d.&client=firefox-b-d&sca_esv=589461267&ei=Y9x1ZaLSOPWRkdUPvO2GgAI&ved=0ahUKEwjij4_RmoWDAxX1SKQEHby2ASAQ4dUDCBA&uact=5&oq=Arr%C3%AAt%C3%A9+du+17+septembre+2003+relatif+aux+m%C3%A9thodes+d%E2%80%99analyse+des+%C3%A9chantillons+d%E2%80%99eau+et+%C3%A0+leurs+caract%C3%A9ristiques+de+performance%2C+n.d.&gs_lp=Egxnd3Mtd2l6LXNlcnAijAFBcnLDqnTDqSBkdSAxNyBzZXB0ZW1icmUgMjAwMyByZWxhdGlmIGF1eCBtw6l0aG9kZXMgZOKAmWFuYWx5c2UgZGVzIMOpY2hhbnRpbGxvbnMgZOKAmWVhdSBldCDDoCBsZXVycyBjYXJhY3TDqXJpc3RpcXVlcyBkZSBwZXJmb3JtYW5jZSwgbi5kLkgAUABYAHAAeAGQAQCYAQCgAQCqAQC4AQPIAQD4AQL4AQHiAwQYACBB&sclient=gws-wiz-serp","","","2023-12-10 15:43:21","2023-12-10 15:43:21","2023-12-10 15:43:21","","","","","","","","","","","","","","","","","","","","","","","C:\Users\abed-al-baset.taleb\Zotero\storage\8VXLQ9CZ\search.html","","","","","","","","","","","","","","","","","","","","","","","","","","","","","","","","","","","","","","","","","","","","","","","","",""
"9C9TZZ32","webpage","","","Arrêté du 02/02/98 relatif aux prélèvements et à la consommation d’eau ainsi qu’aux émissions de toute nature des installations classées pour la protection de l’environnement soumises à autorisation | AIDA, (n.d.). - Recherche Google","","","","","https://www.google.com/search?q=Arr%C3%AAt%C3%A9+du+02%2F02%2F98+relatif+aux+pr%C3%A9l%C3%A8vements+et+%C3%A0+la+consommation+d%E2%80%99eau+ainsi+qu%E2%80%99aux+%C3%A9missions+de+toute+nature+des+installations+class%C3%A9es+pour+la+protection+de+l%E2%80%99environnement+soumises+%C3%A0+autorisation+%7C+AIDA%2C+%28n.d.%29.&client=firefox-b-d&sca_esv=589461267&ei=ldx1ZaupFbqqkdUPiLGCiAo&ved=0ahUKEwjrx9fomoWDAxU6VaQEHYiYAKEQ4dUDCBA&uact=5&oq=Arr%C3%AAt%C3%A9+du+02%2F02%2F98+relatif+aux+pr%C3%A9l%C3%A8vements+et+%C3%A0+la+consommation+d%E2%80%99eau+ainsi+qu%E2%80%99aux+%C3%A9missions+de+toute+nature+des+installations+class%C3%A9es+pour+la+protection+de+l%E2%80%99environnement+soumises+%C3%A0+autorisation+%7C+AIDA%2C+%28n.d.%29.&gs_lp=Egxnd3Mtd2l6LXNlcnAi5AFBcnLDqnTDqSBkdSAwMi8wMi85OCByZWxhdGlmIGF1eCBwcsOpbMOodmVtZW50cyBldCDDoCBsYSBjb25zb21tYXRpb24gZOKAmWVhdSBhaW5zaSBxdeKAmWF1eCDDqW1pc3Npb25zIGRlIHRvdXRlIG5hdHVyZSBkZXMgaW5zdGFsbGF0aW9ucyBjbGFzc8OpZXMgcG91ciBsYSBwcm90ZWN0aW9uIGRlIGzigJllbnZpcm9ubmVtZW50IHNvdW1pc2VzIMOgIGF1dG9yaXNhdGlvbiB8IEFJREEsIChuLmQuKS5IAFAAWABwAHgAkAEAmAEAoAEAqgEAuAEDyAEA-AEC-AEB4gMEGAAgQQ&sclient=gws-wiz-serp","","","2023-12-10 15:43:53","2023-12-10 15:43:53","2023-12-10 15:43:53","","","","","","","","","","","","","","","","","","","","","","","C:\Users\abed-al-baset.taleb\Zotero\storage\2C7W4JXE\search.html","","","","","","","","","","","","","","","","","","","","","","","","","","","","","","","","","","","","","","","","","","","","","","","","",""
"BY55AEQV","journalArticle","2014","Hepp, Nancy M.; Mindak, William R.; Gasper, John W.; Thompson, Christopher B.; Barrows, Julie N.","Survey of cosmetics for arsenic, cadmium, chromium, cobalt, lead, mercury, and nickel content","J. Cosmet. Sci","","","","https://www.researchgate.net/profile/William-Mindak/publication/264091887_Survey_of_cosmetics_for_arsenic_cadmium_chromium_cobalt_lead_mercury_and_nickel_content/links/53fdf7170cf22f21c2f8be3b/Survey-of-cosmetics-for-arsenic-cadmium-chromium-cobalt-lead-mercury-and-nickel-content.pdf","","2014","2023-12-10 15:45:30","2023-12-10 15:45:30","2023-12-10 15:45:30","125","","3","65","","","","","","","","","","","","","","","Google Scholar","","","","C:\Users\abed-al-baset.taleb\Zotero\storage\B5CBDZMP\Hepp et al. - 2014 - Survey of cosmetics for arsenic, cadmium, chromium.pdf","","","","","","","","","","","","","","","","","","","","","","","","","","","","","","","","","","","","","","","","","","","","","","","","",""
"XEH5XAAL","journalArticle","2015","Chevallier, Emilie; Chekri, Rachida; Zinck, Julie; Guérin, Thierry; Noël, Laurent","Simultaneous determination of 31 elements in foodstuffs by ICP-MS after closed-vessel microwave digestion: Method validation based on the accuracy profile","Journal of Food Composition and Analysis","","","","https://www.sciencedirect.com/science/article/pii/S088915751500054X","","2015","2023-12-10 15:47:55","2023-12-10 15:47:55","2023-12-10 15:47:55","35–41","","","41","","","Simultaneous determination of 31 elements in foodstuffs by ICP-MS after closed-vessel microwave digestion","","","","","","","","","","","","Google Scholar","","Publisher: Elsevier","","C:\Users\abed-al-baset.taleb\Zotero\storage\B88UTQPC\Chevallier et al. - 2015 - Simultaneous determination of 31 elements in foods.pdf","","","","","","","","","","","","","","","","","","","","","","","","","","","","","","","","","","","","","","","","","","","","","","","","",""
"FX2CQZ4P","journalArticle","2015","Carvalho, Roberta NCS; Brito, Geysa B.; Korn, Maria GA; Teixeira, Josanaide SR; Dias, Fábio de S.; Dantas, Alailson F.; Teixeira, Leonardo SG","Multi-element determination of copper, iron, nickel, manganese, lead and zinc in environmental water samples by ICP OES after solid phase extraction with a C18 cartridge loaded with 1-(2-pyridylazo)-2-naphthol","Analytical Methods","","","","https://pubs.rsc.org/en/content/articlehtml/2015/ay/c5ay01929j","","2015","2023-12-10 15:49:17","2023-12-10 15:49:17","2023-12-10 15:49:17","8714–8719","","20","7","","","","","","","","","","","","","","","Google Scholar","","Publisher: Royal Society of Chemistry","","C:\Users\abed-al-baset.taleb\Zotero\storage\R36BYPM3\Carvalho et al. - 2015 - Multi-element determination of copper, iron, nicke.pdf","","","","","","","","","","","","","","","","","","","","","","","","","","","","","","","","","","","","","","","","","","","","","","","","",""
"WDXVEDTD","journalArticle","2014","Zhou, Guihua; Chang, Jingbo; Cui, Shumao; Pu, Haihui; Wen, Zhenhai; Chen, Junhong","Real-Time, Selective Detection of Pb <sup>2+</sup> in Water Using a Reduced Graphene Oxide/Gold Nanoparticle Field-Effect Transistor Device","ACS Applied Materials & Interfaces","","1944-8244, 1944-8252","10.1021/am505275a","https://pubs.acs.org/doi/10.1021/am505275a","","2014-11-12","2023-12-12 09:07:06","2023-12-12 09:07:07","2023-12-12 09:07:06","19235-19241","","21","6","","ACS Appl. Mater. Interfaces","","","","","","","","en","","","","","DOI.org (Crossref)","","","","C:\Users\abed-al-baset.taleb\Zotero\storage\YTT495GC\Zhou et al. - 2014 - Real-Time, Selective Detection of Pb 2+.pdf","","","","","","","","","","","","","","","","","","","","","","","","","","","","","","","","","","","","","","","","","","","","","","","","",""
"4UKF6K68","journalArticle","2011","Bélanger, Daniel; Pinson, Jean","Electrografting: a powerful method for surface modification","Chemical Society Reviews","","0306-0012, 1460-4744","10.1039/c0cs00149j","http://xlink.rsc.org/?DOI=c0cs00149j","","2011","2024-01-08 09:34:48","2024-01-08 09:34:48","2024-01-08 09:34:48","3995","","7","40","","Chem. Soc. Rev.","Electrografting","","","","","","","en","","","","","DOI.org (Crossref)","","","","C:\Users\abed-al-baset.taleb\Zotero\storage\QWJWUG2L\Bélanger et Pinson - 2011 - Electrografting a powerful method for surface mod.pdf","","","","","","","","","","","","","","","","","","","","","","","","","","","","","","","","","","","","","","","","","","","","","","","","",""
"8JVI4FDH","bookSection","2022","Vautrin-Ul, Christine","Modification of sp2 Carbon Allotropes with Diazonium Salts—Focus on Carbon Nanotubes Functionalization","Aryl Diazonium Salts and Related Compounds: Surface Chemistry and Applications","978-3-031-04398-7","","","https://doi.org/10.1007/978-3-031-04398-7_7","After a summary of the chronology of early studies on surface modification using diazonium salt presented for all types of sp2 carbonaceous materials of macro, micro, and nano size, this chapter reviews the last decade's advances in the field of the carbon nanotubeCarbon NanoTube (CNT) functionalization via diazonium salt chemistry. The different strategies of carbon nanotubeCarbon NanoTube (CNT) functionalization based on aryl diazonium saltAryl diazonium salt are then overviewed. The key parameters determining the selectivity of the diazonium salt functionalization reaction of single-wall carbon nanotubes (SWCNT)Single-walled carbon nanotubes (SWCNTs) are discussed and more particularly the importance of their Fermi level as well as the substituents of the aryl diazonium. This chapter then focuses on the optical properties, including photoluminescencePhotoluminescence (PL) and electrical properties of the nanotubes specifically provided by the surface modification of CNTsCarbon NanoTube (CNT) via diazonium salt, and concludes with the presentation of some applications including catalytic platforms, nanocomposites, energy conversion, and (bio) chemical sensing.","2022","2024-01-08 09:41:50","2024-01-08 09:41:50","2024-01-08 09:41:50","137-156","","","","","","","Physical Chemistry in Action","","","","Springer International Publishing","Cham","en","","","","","Springer Link","","DOI: 10.1007/978-3-031-04398-7_7","","","","","","Chehimi, Mohamed M.; Pinson, Jean; Mousli, Fatima","","","","","","","","","","","","","","","","","","","","","","","","","","","","","","","","","","","","","","","","","","","","",""
"M763V36M","journalArticle","2016","Bahadır, Elif Burcu; Sezgintürk, Mustafa Kemal","Applications of graphene in electrochemical sensing and biosensing","TrAC Trends in Analytical Chemistry","","01659936","10.1016/j.trac.2015.07.008","https://linkinghub.elsevier.com/retrieve/pii/S0165993615002587","Graphene, the thinnest and the lightest sp2-carbon nanomaterial, has exhibited extraordinary properties in terms of fast electron mobility, high current density, high mechanical strength, excellent thermal conductivity, and ultra larger surface area. Those characteristics make graphene an ideal nanomaterial for nanoelectronics, nanodevices, and nanocomposites. Graphene based biosensors, thus, have attracted huge attention to provide a novel sensor platform to analyse the target biomolecules with high sensitivity and selectivity. Moreover graphene has been utilized in chemical sensors because of its excellent electrochemical properties. By using graphene and graphene derivative-modified electrodes, enzyme and DNA biosensors, immunosensors and chemical sensors have been developed. In this review the immobilization steps of the biosensors and chemical sensors are summarized by using tables. Moreover, linear ranges, LODs, reproducibilities, and reusabilities of these reported biosensors and chemical sensors are compared in detail. Future outlooks in this rapidly developing field are also discussed.","2016-02","2024-01-08 09:49:52","2024-01-08 09:49:52","2024-01-08 09:49:52","1-14","","","76","","TrAC Trends in Analytical Chemistry","","","","","","","","en","","","","","DOI.org (Crossref)","","","","C:\Users\abed-al-baset.taleb\Zotero\storage\SDH7S9QU\Bahadır et Sezgintürk - 2016 - Applications of graphene in electrochemical sensin.pdf","","","","","","","","","","","","","","","","","","","","","","","","","","","","","","","","","","","","","","","","","","","","","","","","",""
"Z3JMPKK2","journalArticle","2020","Saeed, Maryam; Alshammari, Yousef; Majeed, Shereen A.; Al-Nasrallah, Eissa","Chemical Vapour Deposition of Graphene—Synthesis, Characterisation, and Applications: A Review","Molecules","","1420-3049","10.3390/molecules25173856","https://www.mdpi.com/1420-3049/25/17/3856","Graphene as the 2D material with extraordinary properties has attracted the interest of research communities to master the synthesis of this remarkable material at a large scale without sacriﬁcing the quality. Although Top-Down and Bottom-Up approaches produce graphene of diﬀerent quality, chemical vapour deposition (CVD) stands as the most promising technique. This review details the leading CVD methods for graphene growth, including hot-wall, cold-wall and plasma-enhanced CVD. The role of process conditions and growth substrates on the nucleation and growth of graphene ﬁlm are thoroughly discussed. The essential characterisation techniques in the study of CVD-grown graphene are reported, highlighting the characteristics of a sample which can be extracted from those techniques. This review also oﬀers a brief overview of the applications to which CVD-grown graphene is well-suited, drawing particular attention to its potential in the sectors of energy and electronic devices.","2020-08-25","2024-01-09 10:22:17","2024-01-09 10:22:17","2024-01-09 10:22:17","3856","","17","25","","Molecules","Chemical Vapour Deposition of Graphene—Synthesis, Characterisation, and Applications","","","","","","","en","","","","","DOI.org (Crossref)","","","","C:\Users\abed-al-baset.taleb\Zotero\storage\CZMJPKQJ\Saeed et al. - 2020 - Chemical Vapour Deposition of Graphene—Synthesis, .pdf","","","","","","","","","","","","","","","","","","","","","","","","","","","","","","","","","","","","","","","","","","","","","","","","",""
"6ZMCABTM","journalArticle","2022","Chiticaru, Elena A.; Pilan, Luisa; Ioniţă, Mariana","Electrochemical Detection Platform Based on RGO Functionalized with Diazonium Salt for DNA Hybridization","Biosensors","","2079-6374","10.3390/bios12010039","https://www.mdpi.com/2079-6374/12/1/39","In this paper, we propose an improved electrochemical platform based on graphene for the detection of DNA hybridization. Commercial screen-printed carbon electrodes (SPCEs) were used for this purpose due to their ease of functionalization and miniaturization opportunities. SPCEs were modiﬁed with reduced graphene oxide (RGO), offering a suitable surface for further functionalization. Therefore, aryl-carboxyl groups were integrated onto RGO-modiﬁed electrodes by electrochemical reduction of the corresponding diazonium salt to provide enough reaction sites for the covalent immobilization of amino-modiﬁed DNA probes. Our ﬁnal goal was to determine the optimum conditions needed to fabricate a simple, label-free RGO-based electrochemical platform to detect the hybridization between two complementary single-stranded DNA molecules. Each modiﬁcation step in the fabrication process was monitored by cyclic voltammetry (CV) and electrochemical impedance spectroscopy (EIS) using [Fe(CN)6]3−/4− as a redox reporter. Although, the diazonium electrografted layer displayed the expected blocking effect of the charge transfer, the next steps in the modiﬁcation procedure resulted in enhanced electron transfer properties of the electrode interface. We suggest that the improvement in the charge transfer after the DNA hybridization process could be exploited as a prospective sensing feature. The morphological and structural characterization of the modiﬁed electrodes performed by scanning electron microscopy (SEM) and Raman spectroscopy, respectively, were used to validate different modiﬁcation steps in the platform fabrication process.","2022-01-13","2024-01-10 14:52:05","2024-01-10 14:52:06","2024-01-10 14:52:05","39","","1","12","","Biosensors","","","","","","","","en","","","","","DOI.org (Crossref)","","","","C:\Users\abed-al-baset.taleb\Zotero\storage\8B2RHI4A\Chiticaru et al. - 2022 - Electrochemical Detection Platform Based on RGO Fu.pdf","","","","","","","","","","","","","","","","","","","","","","","","","","","","","","","","","","","","","","","","","","","","","","","","",""
"AIE82LDH","journalArticle","2019","Mishyn, Vladyslav; Aspermair, Patrik; Leroux, Yann; Happy, Henri; Knoll, Wolfgang; Boukherroub, Rabah; Szunerits, Sabine","“Click” Chemistry on Gold Electrodes Modified with Reduced Graphene Oxide by Electrophoretic Deposition","Surfaces","","2571-9637","10.3390/surfaces2010015","https://www.mdpi.com/2571-9637/2/1/15","The coating of electrical interfaces with reduced graphene oxide (rGO) ﬁlms and their subsequent chemical modiﬁcation are essential steps in the fabrication of graphene-based sensing platforms. In this work, electrophoretic deposition (EPD) of graphene oxide at 2.5 V for 300 s followed by vapor treatment were employed to coat gold electrodes uniformly with rGO. These interfaces showed excellent electron transfer characteristics for redox mediators such as ferrocene methanol and potassium ferrocyanide. Functional groups were integrated onto the Au/rGO electrodes by the electro-reduction of an aryldiazonium salt, 4-((triisopropylsilyl)ethylenyl)benzenediazonium tetraﬂuoroborate (TIPS-Eth-ArN) in our case. Chemical deprotection of the triisopropylsilyl function resulted in propargyl-terminated Au/rGO electrodes to which azidomethylferrocene was chemically linked using the Cu(I) catalyzed “click” chemistry.","2019-03-18","2024-01-10 14:53:24","2024-01-10 14:53:24","2024-01-10 14:53:24","193-204","","1","2","","Surfaces","","","","","","","","en","","","","","DOI.org (Crossref)","","","","C:\Users\abed-al-baset.taleb\Zotero\storage\5CZWWIID\Mishyn et al. - 2019 - “Click” Chemistry on Gold Electrodes Modified with.pdf","","","","","","","","","","","","","","","","","","","","","","","","","","","","","","","","","","","","","","","","","","","","","","","","",""
"38CZAYFA","journalArticle","2018","Yáñez-Sedeño, Paloma; Campuzano, Susana; Pingarrón, José M.","Integrated Affinity Biosensing Platforms on Screen-Printed Electrodes Electrografted with Diazonium Salts","Sensors","","1424-8220","10.3390/s18020675","https://www.mdpi.com/1424-8220/18/2/675","Adequate selection of the electrode surface and the strategies for its modification to enable subsequent immobilization of biomolecules and/or nanomaterials integration play a major role in the performance of electrochemical affinity biosensors. Because of the simplicity, rapidity and versatility, electrografting using diazonium salt reduction is among the most currently used functionalization methods to provide the attachment of an organic layer to a conductive substrate. This particular chemistry has demonstrated to be a powerful tool to covalently immobilize in a stable and reproducible way a wide range of biomolecules or nanomaterials onto different electrode surfaces. Considering the great progress and interesting features arisen in the last years, this paper outlines the potential of diazonium chemistry to prepare single or multianalyte electrochemical affinity biosensors on screen-printed electrodes (SPEs) and points out the existing challenges and future directions in this field.","2018-02-24","2024-01-10 15:11:17","2024-01-10 15:11:18","2024-01-10 15:11:17","675","","2","18","","Sensors","","","","","","","","en","","","","","DOI.org (Crossref)","","","","C:\Users\abed-al-baset.taleb\Zotero\storage\42UH9WMW\Yáñez-Sedeño et al. - 2018 - Integrated Affinity Biosensing Platforms on Screen.pdf","","","","","","","","","","","","","","","","","","","","","","","","","","","","","","","","","","","","","","","","","","","","","","","","",""
"UTXSIXC4","journalArticle","2020","Raicopol, Matei D.; Pandele, Andreea M.; Dascălu, Constanţa; Vasile, Eugeniu; Hanganu, Anamaria; Vasile, Gabriela-Geanina; Bugean, Ioana Georgiana; Pirvu, Cristian; Stanciu, Gabriela; Buica, George-Octavian","Improving the Voltammetric Determination of Hg(II): A Comparison Between Ligand-Modified Glassy Carbon and Electrochemically Reduced Graphene Oxide Electrodes","Sensors","","1424-8220","10.3390/s20236799","https://www.mdpi.com/1424-8220/20/23/6799","A new thiosemicarbazone ligand was immobilized through a Cu(I)-catalyzed click reaction on the surface of glassy carbon (GC) and electrochemically reduced graphene oxide (GC-ERGO) electrodes grafted with phenylethynyl groups. Using the accumulation at open circuit followed by anodic stripping voltammetry, the modiﬁed electrodes showed a signiﬁcant selectivity and sensibility for Hg(II) ions. A detection limit of 7 nM was achieved with the GC modiﬁed electrodes. Remarkably, GC-ERGO modiﬁed electrodes showed a signiﬁcantly improved detection limit (0.8 nM), sensitivity, and linear range, which we attribute to an increased number of surface binding sites and better electron transfer properties. Both GC and GC-ERGO modiﬁed electrodes proved their applicability for the analysis of real water samples.","2020-11-28","2024-01-10 15:31:05","2024-01-10 15:31:06","2024-01-10 15:31:05","6799","","23","20","","Sensors","Improving the Voltammetric Determination of Hg(II)","","","","","","","en","","","","","DOI.org (Crossref)","","","","C:\Users\abed-al-baset.taleb\Zotero\storage\8PCUH6JH\Raicopol et al. - 2020 - Improving the Voltammetric Determination of Hg(II).pdf","","","","","","","","","","","","","","","","","","","","","","","","","","","","","","","","","","","","","","","","","","","","","","","","",""
"E8HK63RN","journalArticle","2018","Zhang, Chao-Zhi; Chen, Bin; Bai, Yuan; Xie, Jing","A new functionalized reduced graphene oxide adsorbent for removing heavy metal ions in water <i>via</i> coordination and ion exchange","Separation Science and Technology","","0149-6395, 1520-5754","10.1080/01496395.2018.1497655","https://www.tandfonline.com/doi/full/10.1080/01496395.2018.1497655","Heavy metal ion pollution has become a serious problem. In this paper, a new type of adsorbent, reduced graphene oxide grafted by 4-sulfophenylazo groups (RGOS), was synthesized to adsorb heavy metal ions in an aqueous solution via two kinds of adsorption modes, ion exchange and coordination. The maximum adsorption capacities of the RGOS for Pb(II), Cu(II), Ni(II), Cd(II) and Cr (III) were 689, 59, 66, 267 and 191 mg/g, respectively. Adsorption equilibrium time of RGOS for heavy metal ions is no more than 10 min. Adsorption mechanism was supposed based on elemental analyses, adsorption data, and Fourier transform infrared spectra.","2018-12-12","2024-01-10 15:56:08","2024-01-10 15:56:08","2024-01-10 15:56:08","2896-2905","","18","53","","Separation Science and Technology","","","","","","","","en","","","","","DOI.org (Crossref)","","","","C:\Users\abed-al-baset.taleb\Zotero\storage\YPJ7FBCP\Zhang et al. - 2018 - A new functionalized reduced graphene oxide adsorb.pdf","","","","","","","","","","","","","","","","","","","","","","","","","","","","","","","","","","","","","","","","","","","","","","","","",""
"8W29Q66L","journalArticle","2022","Bourenane Cherif, Younes; Matmat, Nawel; Bekkar Djelloul Sayah, Zakaria; Mekki, Ahmed; Durastanti, Jean-Félix; Mekhalif, Zineb","Influence of graphene oxide surface treatment by diazonium salts on thermoelectrical behavior of polypyrrole-based composites","Journal of Materials Science: Materials in Electronics","","0957-4522, 1573-482X","10.1007/s10854-022-08410-7","https://link.springer.com/10.1007/s10854-022-08410-7","","2022-06","2024-01-27 14:36:27","2024-01-27 14:36:27","2024-01-27 14:36:27","14938-14950","","18","33","","J Mater Sci: Mater Electron","","","","","","","","en","","","","","DOI.org (Crossref)","","","","","","","","","","","","","","","","","","","","","","","","","","","","","","","","","","","","","","","","","","","","","","","","","","","","",""
"5E2PS7UB","journalArticle","2008","Actis, Paolo; Caulliez, Guilain; Shul, Galyna; Opallo, Marcin; Mermoux, Michel; Marcus, Bernadette; Boukherroub, Rabah; Szunerits, Sabine","Functionalization of Glassy Carbon with Diazonium Salts in Ionic Liquids","Langmuir","","0743-7463, 1520-5827","10.1021/la703714a","https://pubs.acs.org/doi/10.1021/la703714a","","2008-06-01","2024-02-03 23:38:53","2024-02-03 23:38:53","2024-02-03 23:38:53","6327-6333","","12","24","","Langmuir","","","","","","","","en","","","","","DOI.org (Crossref)","","","","C:\Users\abed-al-baset.taleb\Zotero\storage\LJ6Q3NFH\Actis et al. - 2008 - Functionalization of Glassy Carbon with Diazonium .pdf","","","","","","","","","","","","","","","","","","","","","","","","","","","","","","","","","","","","","","","","","","","","","","","","",""
"YVFGET4Y","journalArticle","2023","Huynh, Thi Mien Trung; Tahara, Kazukuni; De Feyter, Steven; Phan, Thanh Hai","On the role of functional groups in the formation of diazonium based covalent attachments: dendritic <i>vs.</i> layer-by-layer growth","RSC Advances","","2046-2069","10.1039/D3RA02661B","http://xlink.rsc.org/?DOI=D3RA02661B","Different mechanisms of multilayered growth observed upon electrografting aryl diazonium derivatives on graphitic substrates are assigned to the role of the substituent's nature.           ,                             Multilayered growth is often observed upon electrografting aryl diazonium derivatives on graphitic substrates due to the reactive nature of aryl radicals. The mechanism of the multilayer formation has been investigated either by measuring the thickness of the grafted layer, the charge transfer, or               via               simulations. Spectroscopy and in particular microscopy approaches are underrepresented. Herein, we demonstrate a comparative characterization of the multilayer growth of two diazonium derivatives on highly oriented pyrolytic graphite using a combination of cyclic voltammetry, atomic force microscopy, and scanning tunneling microscopy. While dendritic growth is observed for 4-nitro phenyl diazonium (4-NBD), 4-carboxy phenyl diazonium (4-CBD) shows layer-by-layer growth upon increasing the molecular concentration, revealing the impact of the functional groups on the growth mechanism.","2023","2024-02-04 20:12:00","2024-02-04 20:12:00","2024-02-04 20:12:00","24576-24582","","35","13","","RSC Adv.","On the role of functional groups in the formation of diazonium based covalent attachments","","","","","","","en","","","","","DOI.org (Crossref)","","","","C:\Users\abed-al-baset.taleb\Zotero\storage\BQ6EPEMC\d3ra02661b.pdf","","","","","","","","","","","","","","","","","","","","","","","","","","","","","","","","","","","","","","","","","","","","","","","","",""
"66LQKXBP","journalArticle","2014","Bouden, Sarra; Bellakhal, Nizar; Chaussé, Annie; Dachraoui, Mohamed; Vautrin-Ul, Christine","Correlations between the grafting conditions and the copper detection by diazonium functionalized carbon screen-printed electrodes","Electrochimica Acta","","","","https://www.sciencedirect.com/science/article/pii/S0013468614001510","","2014","2024-02-04 20:18:48","2024-02-04 20:18:48","2024-02-04 20:18:48","149–155","","","125","","","","","","","","","","","","","","","Google Scholar","","Publisher: Elsevier","","","","","","","","","","","","","","","","","","","","","","","","","","","","","","","","","","","","","","","","","","","","","","","","","","",""
"RYNNR6N3","journalArticle","2008","McCreery, Richard L.","Advanced Carbon Electrode Materials for Molecular Electrochemistry","Chemical Reviews","","0009-2665, 1520-6890","10.1021/cr068076m","https://pubs.acs.org/doi/10.1021/cr068076m","","2008-07-01","2024-02-07 14:04:12","2024-02-07 14:04:12","2024-02-07 14:04:12","2646-2687","","7","108","","Chem. Rev.","","","","","","","","en","","","","","DOI.org (Crossref)","","","","C:\Users\abed-al-baset.taleb\Zotero\storage\YJ4TUBAB\McCreery - 2008 - Advanced Carbon Electrode Materials for Molecular .pdf","","","","","","","","","","","","","","","","","","","","","","","","","","","","","","","","","","","","","","","","","","","","","","","","",""
"SMTDBC52","journalArticle","2017","Bellus, Matthew Z.; Li, Ming; Lane, Samuel D.; Ceballos, Frank; Cui, Qiannan; Zeng, Xiao Cheng; Zhao, Hui","Type-I van der Waals heterostructure formed by MoS <sub>2</sub> and ReS <sub>2</sub> monolayers","Nanoscale Horizons","","2055-6756, 2055-6764","10.1039/C6NH00144K","http://xlink.rsc.org/?DOI=C6NH00144K","The controlled covalent functionalization of the graphene channel of a field effect transistor, based on interdigitated gold electrodes (source and drain), via electrochemical grafting, using specifically designed aryl diazonium species is demonstrated to allow the simple fabrication of a general platform for (bio)sensing applications. The electrochemical grafting of a protected ethynylphenyl diazonium salt leads to the deposition of only a monolayer on the graphene channel. This controlled covalent functionalization of the graphene channel results in a charge mobility of the GFET of 1739±376 cm²V-1s-1 and 1698±536 cm²V-1s-1 for the holes and electrons, respectively, allowing their utilization as (bio)sensors. After deprotection, a dense and compact ethynylphenyl monolayer is obtained and allows the immobilization of a wide range of (bio)molecules by Click Chemistry coupling reaction (Huisgen 1,3-dipolar cycloaddition). This finding opens promising options for graphene-based (bio)sensing applications.","2017","2024-02-07 15:08:42","2024-02-07 15:08:43","2024-02-07 15:08:42","31-36","","1","2","","Nanoscale Horiz.","","","","","","","","en","","","","","DOI.org (Crossref)","","","","C:\Users\abed-al-baset.taleb\Zotero\storage\FLIZKBQH\Bellus et al. - 2017 - Type-I van der Waals heterostructure formed by MoS.pdf","","","","","","","","","","","","","","","","","","","","","","","","","","","","","","","","","","","","","","","","","","","","","","","","",""
"8XX9Z7N8","journalArticle","2020","Seo, Giwan; Lee, Geonhee; Kim, Mi Jeong; Baek, Seung-Hwa; Choi, Minsuk; Ku, Keun Bon; Lee, Chang-Seop; Jun, Sangmi; Park, Daeui; Kim, Hong Gi; Kim, Seong-Jun; Lee, Jeong-O; Kim, Bum Tae; Park, Edmond Changkyun; Kim, Seung Il","Rapid Detection of COVID-19 Causative Virus (SARS-CoV-2) in Human Nasopharyngeal Swab Specimens Using Field-Effect Transistor-Based Biosensor","ACS Nano","","1936-0851, 1936-086X","10.1021/acsnano.0c02823","https://pubs.acs.org/doi/10.1021/acsnano.0c02823","Coronavirus disease 2019 (COVID-19) is a newly emerging human infectious disease caused by severe acute respiratory syndrome coronavirus 2 (SARS-CoV-2, previously called 2019-nCoV). Based on the rapid increase in the rate of human infection, the World Health Organization (WHO) has classiﬁed the COVID-19 outbreak as a pandemic. Because no speciﬁc drugs or vaccines for COVID-19 are yet available, early diagnosis and management are crucial for containing the outbreak. Here, we report a ﬁeld-eﬀect transistor (FET)-based biosensing device for detecting SARS-CoV-2 in clinical samples. The sensor was produced by coating graphene sheets of the FET with a speciﬁc antibody against SARS-CoV-2 spike protein. The performance of the sensor was determined using antigen protein, cultured virus, and nasopharyngeal swab specimens from COVID-19 patients. Our FET device could detect the SARSCoV-2 spike protein at concentrations of 1 fg/mL in phosphate-buﬀered saline and 100 fg/mL clinical transport medium. In addition, the FET sensor successfully detected SARS-CoV-2 in culture medium (limit of detection [LOD]: 1.6 × 101 pfu/mL) and clinical samples (LOD: 2.42 × 102 copies/mL). Thus, we have successfully fabricated a promising FET biosensor for SARS-CoV-2; our device is a highly sensitive immunological diagnostic method for COVID-19 that requires no sample pretreatment or labeling.","2020-04-28","2024-02-07 15:50:34","2024-02-07 15:50:35","2024-02-07 15:50:34","5135-5142","","4","14","","ACS Nano","","","","","","","","en","","","","","DOI.org (Crossref)","","","","C:\Users\abed-al-baset.taleb\Zotero\storage\U8USLWTB\Seo et al. - 2020 - Rapid Detection of COVID-19 Causative Virus (SARS-.pdf","","","","","","","","","","","","","","","","","","","","","","","","","","","","","","","","","","","","","","","","","","","","","","","","",""
"9VDXSPFM","journalArticle","2020","Seo, Giwan; Lee, Geonhee; Kim, Mi Jeong; Baek, Seung-Hwa; Choi, Minsuk; Ku, Keun Bon; Lee, Chang-Seop; Jun, Sangmi; Park, Daeui; Kim, Hong Gi; Kim, Seong-Jun; Lee, Jeong-O; Kim, Bum Tae; Park, Edmond Changkyun; Kim, Seung Il","Rapid Detection of COVID-19 Causative Virus (SARS-CoV-2) in Human Nasopharyngeal Swab Specimens Using Field-Effect Transistor-Based Biosensor","ACS Nano","","1936-0851, 1936-086X","10.1021/acsnano.0c02823","https://pubs.acs.org/doi/10.1021/acsnano.0c02823","Coronavirus disease 2019 (COVID-19) is a newly emerging human infectious disease caused by severe acute respiratory syndrome coronavirus 2 (SARS-CoV-2, previously called 2019-nCoV). Based on the rapid increase in the rate of human infection, the World Health Organization (WHO) has classiﬁed the COVID-19 outbreak as a pandemic. Because no speciﬁc drugs or vaccines for COVID-19 are yet available, early diagnosis and management are crucial for containing the outbreak. Here, we report a ﬁeld-eﬀect transistor (FET)-based biosensing device for detecting SARS-CoV-2 in clinical samples. The sensor was produced by coating graphene sheets of the FET with a speciﬁc antibody against SARS-CoV-2 spike protein. The performance of the sensor was determined using antigen protein, cultured virus, and nasopharyngeal swab specimens from COVID-19 patients. Our FET device could detect the SARSCoV-2 spike protein at concentrations of 1 fg/mL in phosphate-buﬀered saline and 100 fg/mL clinical transport medium. In addition, the FET sensor successfully detected SARS-CoV-2 in culture medium (limit of detection [LOD]: 1.6 × 101 pfu/mL) and clinical samples (LOD: 2.42 × 102 copies/mL). Thus, we have successfully fabricated a promising FET biosensor for SARS-CoV-2; our device is a highly sensitive immunological diagnostic method for COVID-19 that requires no sample pretreatment or labeling.","2020-04-28","2024-02-07 15:51:05","2024-02-07 15:51:05","2024-02-07 15:51:05","5135-5142","","4","14","","ACS Nano","","","","","","","","en","","","","","DOI.org (Crossref)","","","","C:\Users\abed-al-baset.taleb\Zotero\storage\E6PHUCNE\Seo et al. - 2020 - Rapid Detection of COVID-19 Causative Virus (SARS-.pdf","","","","","","","","","","","","","","","","","","","","","","","","","","","","","","","","","","","","","","","","","","","","","","","","",""
"CW6PA973","journalArticle","2016","Guan, Y. C.; Fang, Y. W.; Lim, G. C.; Zheng, H. Y.; Hong, M. H.","Fabrication of Laser-reduced Graphene Oxide in Liquid Nitrogen Environment","Scientific Reports","","2045-2322","10.1038/srep28913","https://www.nature.com/articles/srep28913","Abstract                            Porous structure of reduced graphene oxide (rGO) plays an important role in developing flexible graphene-based devices. In this work, we report a novel methodology for reduction of freestanding graphite oxide (GO) sheet by picosecond pulse laser direct writing in liquid nitrogen. Non-agglomerate and porous structure of rGO is fabricated successfully due to frozen effect during laser processing. Compared with laser-irradiated rGO developed in N               2               gas at ambient environment, the frozen rGO developed in liquid N               2               shows better ordered structure with less defects, crack-free morphology as well as better electron supercapacitor performance including 50–60 Ω/sq in sheet electrical resistance. Mechanism of cryotemperature photoreduction GO is also discussed.","2016-06-27","2024-02-09 14:16:33","2024-02-09 14:16:34","2024-02-09 14:16:33","28913","","1","6","","Sci Rep","","","","","","","","en","","","","","DOI.org (Crossref)","","","","C:\Users\abed-al-baset.taleb\Zotero\storage\FL5VHUGQ\Guan et al. - 2016 - Fabrication of Laser-reduced Graphene Oxide in Liq.pdf","","","","","","","","","","","","","","","","","","","","","","","","","","","","","","","","","","","","","","","","","","","","","","","","",""
"9V6P8PV7","journalArticle","2011","Bélanger, Daniel; Pinson, Jean","Electrografting: a powerful method for surface modification","Chemical Society Reviews","","0306-0012, 1460-4744","10.1039/c0cs00149j","http://xlink.rsc.org/?DOI=c0cs00149j","","2011","2024-02-11 23:36:31","2024-02-11 23:36:32","2024-02-11 23:36:31","3995","","7","40","","Chem. Soc. Rev.","Electrografting","","","","","","","en","","","","","DOI.org (Crossref)","","","","C:\Users\abed-al-baset.taleb\Zotero\storage\5WMRMH99\Bélanger et Pinson - 2011 - Electrografting a powerful method for surface mod.pdf","","","","","","","","","","","","","","","","","","","","","","","","","","","","","","","","","","","","","","","","","","","","","","","","",""
"WKLEAHLZ","journalArticle","2005","He, Zhenli L.; Yang, Xiaoe E.; Stoffella, Peter J.","Trace elements in agroecosystems and impacts on the environment","Journal of Trace Elements in Medicine and Biology","","0946672X","10.1016/j.jtemb.2005.02.010","https://linkinghub.elsevier.com/retrieve/pii/S0946672X05000969","Trace elements mean elements present at low concentrations (mg kgÀ1 or less) in agroecosystems. Some trace elements, including copper (Cu), zinc (Zn), manganese (Mn), iron (Fe), molybdenum (Mo), and boron (B) are essential to plant growth and are called micronutrients. Except for B, these elements are also heavy metals, and are toxic to plants at high concentrations. Some trace elements, such as cobalt (Co) and selenium (Se), are not essential to plant growth but are required by animals and human beings. Other trace elements such as cadmium (Cd), lead (Pb), chromium (Cr), nickel (Ni), mercury (Hg), and arsenic (As) have toxic effects on living organisms and are often considered as contaminants. Trace elements in an agroecosystem are either inherited from soil parent materials or inputs through human activities. Soil contamination with heavy metals and toxic elements due to parent materials or point sources often occurs in a limited area and is easy to identify. Repeated use of metal-enriched chemicals, fertilizers, and organic amendments such as sewage sludge as well as wastewater may cause contamination at a large scale. A good example is the increased concentration of Cu and Zn in soils under long-term production of citrus and other fruit crops.","2005-12","2024-02-12 11:40:55","2024-02-12 11:40:56","2024-02-12 11:40:55","125-140","","2-3","19","","Journal of Trace Elements in Medicine and Biology","","","","","","","","en","","","","","DOI.org (Crossref)","","","","C:\Users\abed-al-baset.taleb\Zotero\storage\J7GE274G\He et al. - 2005 - Trace elements in agroecosystems and impacts on th.pdf","","","","","","","","","","","","","","","","","","","","","","","","","","","","","","","","","","","","","","","","","","","","","","","","",""
"APR3QZ7A","conferencePaper","2023","El Hajjar, Mohamad; Bourgerie, Sylvain; Belayachi, Naima","Prediction of the Development of Microorganisms on Biocomposites Based on Plant Aggregates","","","","","","","2023","2024-02-13 19:58:06","2024-02-13 19:58:06","","870-884","","","","","","","","","","","Springer","","","","","","","","","","","","","","","","","","","","","","","","","","","","","","","","","","","","","","","","","","","","","International Conference on Bio-Based Building Materials","","","","","","","","","","","","","","",""
"DDCGQA89","webpage","","","Water Framework Directive 2013/60/EC - Recherche Google","","","","","https://www.google.com/search?q=Water+Framework+Directive+2013%2F60%2FEC&client=firefox-b-d&sca_esv=3ce1258c96567b3a&ei=g__NZeDnKvankdUPs-6ImAE&ved=0ahUKEwigtd3AqK2EAxX2U6QEHTM3AhMQ4dUDCBE&uact=5&oq=Water+Framework+Directive+2013%2F60%2FEC&gs_lp=Egxnd3Mtd2l6LXNlcnAiJFdhdGVyIEZyYW1ld29yayBEaXJlY3RpdmUgMjAxMy82MC9FQzIFECEYoAEyBRAhGKABMgUQIRigAUjbKVCtCFi8JXACeAGQAQCYAVegAZACqgEBNLgBA8gBAPgBAcICChAAGEcY1gQYsAPiAwQYACBBiAYBkAYI&sclient=gws-wiz-serp","","","2024-02-15 12:13:01","2024-02-15 12:13:01","2024-02-15 12:13:01","","","","","","","","","","","","","","","","","","","","","","","C:\Users\abed-al-baset.taleb\Zotero\storage\D7GGYY5H\search.html","","","","","","","","","","","","","","","","","","","","","","","","","","","","","","","","","","","","","","","","","","","","","","","","",""
"NX6L79U8","journalArticle","2012","Brownson, Dale A. C.; Kampouris, Dimitrios K.; Banks, Craig E.","Graphene electrochemistry: fundamental concepts through to prominent applications","Chemical Society Reviews","","0306-0012, 1460-4744","10.1039/c2cs35105f","http://xlink.rsc.org/?DOI=c2cs35105f","","2012","2024-02-19 06:43:38","2024-02-19 06:43:38","2024-02-19 06:43:38","6944","","21","41","","Chem. Soc. Rev.","Graphene electrochemistry","","","","","","","en","","","","","DOI.org (Crossref)","","","","C:\Users\abed-al-baset.taleb\Zotero\storage\UI7MCLIH\Brownson et al. - 2012 - Graphene electrochemistry fundamental concepts th.pdf","","","","","","","","","","","","","","","","","","","","","","","","","","","","","","","","","","","","","","","","","","","","","","","","",""
"8RK9NDCG","webpage","","","What are Depletion-mode MOSFETs? - Technical Articles","","","","","https://eepower.com/technical-articles/what-are-depletion-mode-mosfets/","","","2024-03-01 15:53:42","2024-03-01 15:53:42","2024-03-01 15:53:42","","","","","","","What are Depletion-mode MOSFETs?","","","","","","","en","","","","","","","","","C:\Users\abed-al-baset.taleb\Zotero\storage\UE7225E5\what-are-depletion-mode-mosfets.html","","","","","","","","","","","","","","","","","","","","","","","","","","","","","","","","","","","","","","","","","","","","","","","","",""
"AHX86H3C","journalArticle","2008","Gao, Libo; Ren, Wencai; Li, Feng; Cheng, Hui-Ming","Total Color Difference for Rapid and Accurate Identification of Graphene","ACS Nano","","1936-0851, 1936-086X","10.1021/nn800307s","https://pubs.acs.org/doi/10.1021/nn800307s","For rapid and accurate identiﬁcation of graphenes by optical images, a total color difference (TCD) method is proposed and demonstrated based on a combination of reﬂection spectrum and International Commission on Illumination color space. The preferential thickness of different dielectric ﬁlms covered on a Si substrate is well elucidated, and a 72 nm thick Al2O3 ﬁlm is found to be much better than the commonly used SiO2 or Si3N4 ﬁlms. The TCD both between monolayer graphene and substrate and between graphene of different layers can be further improved by appropriately narrowing the wavelength range of the light source. Moreover, the inﬂuences of the objective lens in a real-world optical system on the TCD are also discussed. These ﬁndings provide useful information for rapid evaluation of the layer range of graphenes simply by different color bands and for accurate and reliable layer identiﬁcation due to large TCD values, which opens up the possibility for the nondestructive identiﬁcation and physical property measurements of graphene with an optical microscope.","2008-08-26","2024-03-03 16:01:59","2024-03-03 16:01:59","2024-03-03 16:01:59","1625-1633","","8","2","","ACS Nano","","","","","","","","en","","","","","DOI.org (Crossref)","","","","C:\Users\abed-al-baset.taleb\Zotero\storage\6YIMN4DX\Gao et al. - 2008 - Total Color Difference for Rapid and Accurate Iden.pdf","","","","","","","","","","","","","","","","","","","","","","","","","","","","","","","","","","","","","","","","","","","","","","","","",""
"PE89JG47","journalArticle","2015","Chen, Xiangping; Zhang, Lili; Chen, Shanshan","Large area CVD growth of graphene","Synthetic Metals","","0379-6779","10.1016/j.synthmet.2015.07.005","https://www.sciencedirect.com/science/article/pii/S0379677915300138","During the past decade, graphene, a single layer of sp2-hybridized carbon atoms, has attracted enormous interest among scientists due to its unique physical, mechanical and electrical properties. Recently developed chemical vapor deposition technique has emerged as the most popular method for the scalable production of large-area and high-quality graphene for various applications. The key objective of this article is to provide a detailed and up to date review on the synthesis of large area monolayer, bilayer and multilayer graphene on different substrates via chemical vapor deposition method. Challenges and future perspective in this field are highlighted.","2015-12-01","2024-03-03 16:06:29","2024-03-03 16:06:29","2024-03-03 16:06:29","95-108","","","210","","Synthetic Metals","","Reviews of Current Advances in Graphene Science and Technology","","","","","","","","","","","ScienceDirect","","","","C:\Users\abed-al-baset.taleb\Zotero\storage\TZPQLNE7\S0379677915300138.html","","","Graphene; Bilayer; CVD; Large area; Multilayer","","","","","","","","","","","","","","","","","","","","","","","","","","","","","","","","","","","","","","","","","","","","","",""
"WT2KU7SF","journalArticle","2005","Lin, Chin-Tsai,","Biosensor commercialization strategy - a theoretical approach","Frontiers in Bioscience","","10939946, 10934715","10.2741/1512","https://imrpress.com/journal/FBL/10/1/10.2741/1512","","2005","2024-03-05 22:55:03","2024-03-05 22:55:03","2024-03-05 22:55:03","99","","1-3","10","","Front Biosci","","","","","","","","en","","","","","DOI.org (Crossref)","","","","C:\Users\abed-al-baset.taleb\Zotero\storage\T45VVCRD\Lin - 2005 - Biosensor commercialization strategy - a theoretic.pdf","","","","","","","","","","","","","","","","","","","","","","","","","","","","","","","","","","","","","","","","","","","","","","","","",""
"5KRV2CJD","journalArticle","2017","Merlen, Alexandre; Buijnsters, Josephus; Pardanaud, Cedric","A Guide to and Review of the Use of Multiwavelength Raman Spectroscopy for Characterizing Defective Aromatic Carbon Solids: from Graphene to Amorphous Carbons","Coatings","","2079-6412","10.3390/coatings7100153","http://www.mdpi.com/2079-6412/7/10/153","","2017-09-25","2024-03-06 00:18:42","2024-03-06 00:18:42","2024-03-06 00:18:42","153","","10","7","","Coatings","A Guide to and Review of the Use of Multiwavelength Raman Spectroscopy for Characterizing Defective Aromatic Carbon Solids","","","","","","","en","","","","","DOI.org (Crossref)","","","","C:\Users\abed-al-baset.taleb\Zotero\storage\FBTHKZZX\Merlen et al. - 2017 - A Guide to and Review of the Use of Multiwavelengt.pdf","","","","","","","","","","","","","","","","","","","","","","","","","","","","","","","","","","","","","","","","","","","","","","","","",""
"529ADEQD","journalArticle","2018","Venkatesh, Shishir; Li, Tan; Wang, Xiang-Sheng; Yeung, Chi-Chung; Pei, Ke; Sun, Qi-Jun; Wu, Wei; Li, Robert K. Y.; Lam, Michael H. W.; Chan, Paddy K. L.; Wylie, Jonathan J.; Roy, Vellaisamy A. L.","Dual-Gated Transistor Platform for On-Site Detection of Lead Ions at Trace Levels","Analytical Chemistry","","0003-2700, 1520-6882","10.1021/acs.analchem.8b00841","https://pubs.acs.org/doi/10.1021/acs.analchem.8b00841","","2018-06-19","2024-03-14 14:04:53","2024-03-14 14:04:53","2024-03-14 14:04:53","7399-7405","","12","90","","Anal. Chem.","","","","","","","","en","","","","","DOI.org (Crossref)","","","","C:\Users\abed-al-baset.taleb\Zotero\storage\WCXZVTYR\Venkatesh et al. - 2018 - Dual-Gated Transistor Platform for On-Site Detecti.pdf","","","","","","","","","","","","","","","","","","","","","","","","","","","","","","","","","","","","","","","","","","","","","","","","",""
"E6JWF3WT","journalArticle","2019","Li, Fang; Wang, Zhongrong; Jia, Yunfang","Reduced Carboxylate Graphene Oxide based Field Effect Transistor as Pb2+ Aptamer Sensor","Micromachines","","2072-666X","10.3390/mi10060388","https://www.mdpi.com/2072-666X/10/6/388","Aptamer functionalized graphene ﬁeld eﬀect transistor (apta-GFET) is a versatile bio-sensing platform. However, the chemical inertness of graphene is still an obstacle for its large-scale applications and commercialization. In this work, reduced carboxyl-graphene oxide (rGO-COOH) is studied as a self-activated channel material in the screen-printed apta-GFETs for the ﬁrst time. Examinations are carefully executed using lead-speciﬁc-aptamer as a proof-of-concept to demonstrate its functions in accommodating aptamer bio-probes and promoting the sensing reaction. The graphene-state, few-layer nano-structure, plenty of oxygen-containing groups and enhanced LSA immobilization of the rGO-COOH channel ﬁlm are evidenced by X-ray photoelectron spectroscopy, Raman spectrum, UV-visible absorbance, atomic force microscopy and scanning electron microscope. Based on these characterizations, as well as a site-binding model based on solution-gated ﬁeld eﬀect transistor (SgFET) working principle, theoretical deductions for rGO-COOH enhanced apta-GFETs’ response are provided. Furthermore, detections for disturbing ions and real samples demonstrate the rGO-COOH channeled apta-GFET has a good speciﬁcity, a limit-of-detection of 0.001 ppb, and is in agreement with the conventional inductively coupled plasma mass spectrometry method. In conclusion, the careful examinations demonstrate rGO-COOH is a promising candidate as a self-activated channel material because of its merits of being independent of linking reagents, free from polymer residue and compatible with rapidly developed print-electronic technology.","2019-06-11","2024-03-14 14:24:48","2024-03-14 14:24:49","2024-03-14 14:24:48","388","","6","10","","Micromachines","","","","","","","","en","","","","","DOI.org (Crossref)","","","","C:\Users\abed-al-baset.taleb\Zotero\storage\9X25Q3J6\Li et al. - 2019 - Reduced Carboxylate Graphene Oxide based Field Eff.pdf","","","","","","","","","","","","","","","","","","","","","","","","","","","","","","","","","","","","","","","","","","","","","","","","",""
"WRJZZ5XE","conferencePaper","2017","Chee, Ling Hoe; Kumar, Pradeep; Kang, Chun Hong; Burhanudin, Zainal A.","DNA/AuNP-graphene back-gated field effect transistor as a biosensor for lead (II) ion detection","2017 IEEE Regional Symposium on Micro and Nanoelectronics (RSM)","978-1-5090-4029-2","","10.1109/RSM.2017.8069165","http://ieeexplore.ieee.org/document/8069165/","Lead is a very toxic substance that causes metabolic disruption by mimicking the chemical profile of other important ions in the human body. The current technique of determining the presence of lead in drinkable water are simply too expensive to be implemented for large-scale real time monitoring. As an alternative, a sensor based on graphene field effect transistor is developed. The graphene layer itself is decorated with gold nanoparticle (AuNP) and it acts as a sensing medium while guanine-rich deoxyribonucleic acid (DNA) that is attached to the AuNP acts as a chemical probe. The guanine-rich DNA forms G-quadruplex when exposed to lead ions and thus changes the overall charge on the surface of the graphene. The changes can be observed via I-V measurement of the sensor. The fabricated sensors are capable of detecting lead ions even at 20 nM concentration. Such a sensor is scalable and can offer a cheap and effective option for monitoring the quality of water in realtime.","2017-08","2024-03-14 14:37:19","2024-03-14 14:37:19","2024-03-14 14:37:19","127-130","","","","","","","","","","","IEEE","Batu Ferringhi, Penang, Malaysia","en","","","","","DOI.org (Crossref)","","","","C:\Users\abed-al-baset.taleb\Zotero\storage\3PLJ9RT4\Chee et al. - 2017 - DNAAuNP-graphene back-gated field effect transist.pdf","","","","","","","","","","","","","","","","","","","","","","","","","","","","","","","","","","2017 IEEE Regional Symposium on Micro and Nanoelectronics (RSM)","","","","","","","","","","","","","","",""
"MQEP2KPR","journalArticle","2020","Sui, Xiaoyu; Pu, Haihui; Maity, Arnab; Chang, Jingbo; Jin, Bing; Lu, Ganhua; Wang, Yale; Ren, Ren; Mao, Shun; Chen, Junhong","Field-Effect Transistor Based on Percolation Network of Reduced Graphene Oxide for Real-Time ppb-Level Detection of Lead Ions in Water","ECS Journal of Solid State Science and Technology","","2162-8769, 2162-8777","10.1149/2162-8777/abaaf4","https://iopscience.iop.org/article/10.1149/2162-8777/abaaf4","Real-time lead ion monitoring for drinking water is in an urgent demand, due to the high biotoxicity of lead. We fabricated a reduced graphene oxide (rGO) percolation network based field-effect transistor (FET) by using an easy and scalable micromolding-in-capillary method for lead ion detection in water. The percolation theory analysis elucidates that the required GO mass concentration for a 2D continuum connection converges at a predictable value. Guided by the theoretical analysis, the prepared rGO network was constructed with 1–4 layers of rGO flakes and exhibits comparable electrical properties with single-layer rGO devices. A thin Al               2               O               3               layer was deposited on the device to isolate the analyte from the FET device. With the specific L-Glutathione reduced (GSH) probe, the sensor can reach a limit of detection (LOD) in ppb-level to lead ions. In addition, good selectivity and the high sensing response to Pb               2+               concentrations around 15 ppb (maximum contaminant level of lead for drinking water, US Environmental Protection Agency) suggest our sensor holds great potential for lead ion monitoring in drinking water.","2020-01-12","2024-03-14 14:51:08","2024-03-14 14:51:08","2024-03-14 14:51:08","115012","","11","9","","ECS J. Solid State Sci. Technol.","","","","","","","","en","","","","","DOI.org (Crossref)","","","","C:\Users\abed-al-baset.taleb\Zotero\storage\KC4CVX29\Sui et al. - 2020 - Field-Effect Transistor Based on Percolation Netwo.pdf","","","","","","","","","","","","","","","","","","","","","","","","","","","","","","","","","","","","","","","","","","","","","","","","",""
"7RNBZVNX","journalArticle","2020","Sayyad, Pasha W.; Ingle, Nikesh N.; Al-Gahouari, Theeazen; Mahadik, Manasi M.; Bodkhe, Gajanan A.; Shirsat, Sumedh M.; Shirsat, Mahendra D.","Sensitive and selective detection of Cu2+ and Pb2+ ions using Field Effect Transistor (FET) based on L-Cysteine anchored PEDOT:PSS/rGO composite","Chemical Physics Letters","","00092614","10.1016/j.cplett.2020.138056","https://linkinghub.elsevier.com/retrieve/pii/S0009261420309714","Herein, Poly(3,4-ethylenedioxythiophene):poly(styrenesulfonate) (PEDOT:PSS)/reduced graphene oxide (rGO) (PEDOT:PSS/rGO) composite was prepared and further functionalized with L-Cysteine (LC) to manifest sensitive and selective detection of copper (Cu2+) and lead (Pb2+) ions using Field Effect Transistor (FET) in the con­ centration range of 1–60 µg/L. The sensor (PEDOT:PSS/rGO/L-Cysteine) exhibits low-voltage operations, highly sensitive and selective towards target metal ions (Cu2+ and Pb2+). The lower detection limits for Cu2+ and Pb2+ were found to be 0.33 µg/L and 2.36 µg/L, which is well below the World Health Organization WHO recom­ mendations (2 mg/L (2 ppm) for Cu2+ ions and 10 µg/L (10 ppb) for Pb2+ ions.","2020-12","2024-03-14 15:00:25","2024-03-14 15:00:25","2024-03-14 15:00:25","138056","","","761","","Chemical Physics Letters","Sensitive and selective detection of Cu2+ and Pb2+ ions using Field Effect Transistor (FET) based on L-Cysteine anchored PEDOT","","","","","","","en","","","","","DOI.org (Crossref)","","","","C:\Users\abed-al-baset.taleb\Zotero\storage\KZ7R8PGV\Sayyad et al. - 2020 - Sensitive and selective detection of Cu2+ and Pb2+.pdf","","","","","","","","","","","","","","","","","","","","","","","","","","","","","","","","","","","","","","","","","","","","","","","","",""
"3W8IJWVB","journalArticle","2017","Li, Yijun; Wang, Cheng; Zhu, Yibo; Zhou, Xiaohong; Xiang, Yu; He, Miao; Zeng, Siyu","Fully integrated graphene electronic biosensor for label-free detection of lead (II) ion based on G-quadruplex structure-switching","Biosensors and Bioelectronics","","09565663","10.1016/j.bios.2016.10.061","https://linkinghub.elsevier.com/retrieve/pii/S0956566316310740","","2017-03","2024-03-14 15:16:19","2024-03-14 15:16:19","2024-03-14 15:16:19","758-763","","","89","","Biosensors and Bioelectronics","","","","","","","","en","","","","","DOI.org (Crossref)","","","","C:\Users\abed-al-baset.taleb\Zotero\storage\LNRVZK29\Li et al. - 2017 - Fully integrated graphene electronic biosensor for.pdf","","","","","","","","","","","","","","","","","","","","","","","","","","","","","","","","","","","","","","","","","","","","","","","","",""
"EQW5LH6S","journalArticle","2016","Goniszewski, S.; Adabi, M.; Shaforost, O.; Hanham, S. M.; Hao, L.; Klein, N.","Correlation of p-doping in CVD Graphene with Substrate Surface Charges","Scientific Reports","","2045-2322","10.1038/srep22858","https://www.nature.com/articles/srep22858","Abstract                            Correlations between the level of p-doping exhibited in large area chemical vapour deposition (CVD) graphene field effect transistor structures (gFETs) and residual charges created by a variety of surface treatments to the silicon dioxide (SiO               2               ) substrates prior to CVD graphene transfer are measured. Beginning with graphene on untreated thermal oxidised silicon, a minimum conductivity (               σ                                min                              ) occurring at gate voltage V                                g                               = 15 V (Dirac Point) is measured. It was found that more aggressive treatments (O               2               plasma and UV Ozone treatments) further increase the gate voltage of the Dirac point up to 65 V, corresponding to a significant increase of the level of p-doping displayed in the graphene. An electrowetting model describing the measured relationship between the contact angle (               θ               ) of a water droplet applied to the treated substrate/graphene surface and an effective gate voltage from a surface charge density is proposed to describe biasing of V                                g                              at               σ                                min                              and was found to fit the measurements with multiplication of a correction factor, allowing effective non-destructive approximation of substrate added charge carrier density using contact angle measurements.","2016-03-09","2024-03-24 00:03:12","2024-03-24 00:03:13","2024-03-24 00:03:12","22858","","1","6","","Sci Rep","","","","","","","","en","","","","","DOI.org (Crossref)","","","","C:\Users\abed-al-baset.taleb\Zotero\storage\YSRZQ2B9\Goniszewski et al. - 2016 - Correlation of p-doping in CVD Graphene with Subst.pdf","","","","","","","","","","","","","","","","","","","","","","","","","","","","","","","","","","","","","","","","","","","","","","","","",""